lang_code,mean_bpp,mean_pps,pps_dev_from_english,pps_premium_vs_english
ace_Arab,1.3473,141.2106,108.4363,4.3086
ace_Latn,1.1891,115.2187,82.4443,3.5155
acm_Arab,1.9525,99.7212,66.9468,3.0427
acq_Arab,1.9661,99.9368,67.1625,3.0492
aeb_Arab,1.9691,97.5817,64.8074,2.9774
afr_Latn,1.4888,91.3490,58.5747,2.7872
als_Latn,1.1671,130.1535,97.3791,3.9712
amh_Ethi,1.6009,136.0522,103.2778,4.1512
apc_Arab_nort3139,1.9224,96.3099,63.5356,2.9386
apc_Arab_sout3123,1.9524,94.7823,62.0080,2.8920
arb_Arab,1.9866,100.0762,67.3019,3.0535
arb_Latn,1.1129,131.7192,98.9448,4.0190
arg_Latn,1.9354,77.3490,44.5747,2.3601
ars_Arab,1.9870,100.2136,67.4393,3.0577
ary_Arab,1.9396,99.7192,66.9448,3.0426
arz_Arab,1.9691,98.7292,65.9549,3.0124
asm_Beng,3.2162,99.7673,66.9930,3.0441
ast_Latn,1.9579,68.6459,35.8716,2.0945
awa_Deva,3.3348,94.3370,61.5627,2.8784
ayr_Latn,1.1653,115.5416,82.7673,3.5254
azb_Arab,1.4015,145.5627,112.7884,4.4414
azj_Latn,1.2286,128.9940,96.2197,3.9358
bak_Cyrl,1.3794,171.2849,138.5105,5.2262
bam_Latn,1.0963,120.0311,87.2568,3.6624
ban_Latn,1.2596,112.7071,79.9328,3.4389
bel_Cyrl,2.6780,98.8385,66.0642,3.0157
bem_Latn,1.1529,135.4584,102.6841,4.1331
ben_Beng,3.2762,100.2407,67.4664,3.0585
bho_Deva,3.3475,92.4283,59.6540,2.8201
bjn_Arab,1.4503,145.5326,112.7583,4.4404
bjn_Latn,1.3740,96.5286,63.7543,2.9453
bod_Tibt,3.6929,113.4835,80.7091,3.4626
bos_Latn,1.5125,86.0863,53.3119,2.6266
brx_Deva,3.2329,108.5707,75.7964,3.3127
bug_Latn,1.1866,117.2698,84.4955,3.5781
bul_Cyrl,4.6303,52.2287,19.4544,1.5936
cat_Latn,2.1097,67.5176,34.7432,2.0601
ceb_Latn,1.3212,113.7172,80.9428,3.4697
ces_Latn,1.8836,72.5958,39.8215,2.2150
chv_Cyrl,1.4415,169.8947,137.1204,5.1838
cjk_Latn,1.1436,119.3330,86.5587,3.6411
ckb_Arab,1.1941,194.1705,161.3962,5.9245
cmn_Hans,1.4495,80.9388,48.1645,2.4696
cmn_Hant,1.3949,80.0010,47.2267,2.4410
crh_Latn,1.2610,112.6339,79.8596,3.4367
cym_Latn,1.0780,124.8726,92.0983,3.8101
dan_Latn,1.7249,76.6730,43.8987,2.3394
dar_Cyrl,1.8391,146.3892,113.6148,4.4666
deu_Latn,2.6418,56.6399,23.8656,1.7282
dgo_Deva,3.3627,101.0582,68.2839,3.0835
dik_Latn,1.1167,109.2879,76.5135,3.3346
dyu_Latn,1.1198,120.4885,87.7141,3.6763
dzo_Tibt,3.7291,123.8746,91.1003,3.7796
ekk_Latn,1.1344,112.2678,79.4935,3.4255
ell_Grek,2.2800,118.8666,86.0923,3.6268
eng_Latn,3.9045,32.7743,0.0000,1.0000
epo_Latn,1.1867,108.3180,75.5436,3.3050
eus_Latn,1.1198,120.0542,87.2798,3.6631
ewe_Latn,1.0982,122.8636,90.0893,3.7488
fao_Latn,1.1566,119.3952,86.6209,3.6429
fij_Latn,1.1617,125.3320,92.5577,3.8241
fil_Latn,1.3549,116.1003,83.3260,3.5424
fin_Latn,1.6157,86.4032,53.6289,2.6363
fon_Latn,1.0999,143.5005,110.7262,4.3784
fra_Latn,2.9067,53.4684,20.6941,1.6314
fur_Latn,1.3697,105.2136,72.4393,3.2102
fuv_Latn,1.1389,106.7533,73.9789,3.2572
gaz_Latn,1.1071,136.6309,103.8566,4.1688
gla_Latn,1.1051,146.6319,113.8576,4.4740
gle_Latn,1.0889,142.4644,109.6901,4.3468
glg_Latn,2.0612,69.5807,36.8064,2.1230
gom_Deva,3.2510,97.7954,65.0211,2.9839
gug_Latn,1.1739,117.3641,84.5898,3.5810
guj_Gujr,3.1520,99.4784,66.7041,3.0353
hat_Latn,1.1148,107.0351,74.2608,3.2658
hau_Latn,1.1269,122.5005,89.7262,3.7377
heb_Hebr,2.0934,83.2467,50.4724,2.5400
hin_Deva,3.4437,93.2828,60.5085,2.8462
hne_Deva,3.3305,92.9378,60.1635,2.8357
hrv_Latn,1.5105,84.2136,51.4393,2.5695
hun_Latn,1.7919,80.9920,48.2177,2.4712
hye_Armn,1.6352,157.9930,125.2187,4.8206
ibo_Latn,1.1831,126.7151,93.9408,3.8663
ilo_Latn,1.1898,127.9759,95.2016,3.9048
ind_Latn,2.0549,66.8295,34.0552,2.0391
isl_Latn,1.1202,122.8556,90.0812,3.7485
ita_Latn,2.4824,60.3561,27.5817,1.8416
jav_Latn,1.2395,105.7101,72.9358,3.2254
jpn_Jpan,2.5891,61.9178,29.1434,1.8892
kab_Latn,1.0772,123.4694,90.6951,3.7673
kac_Latn,1.1769,134.2839,101.5095,4.0972
kam_Latn,1.1318,113.0532,80.2788,3.4494
kan_Knda,3.1916,111.5015,78.7272,3.4021
kas_Arab,1.2828,169.1916,136.4173,5.1623
kas_Deva,3.2122,93.8857,61.1113,2.8646
kat_Geor,3.0642,121.3260,88.5517,3.7019
kaz_Cyrl,1.5345,155.4022,122.6279,4.7416
kbp_Latn,1.0849,159.8626,127.0883,4.8777
kea_Latn,1.2517,102.7272,69.9529,3.1344
khk_Cyrl,1.6678,145.6319,112.8576,4.4435
khm_Khmr,3.0749,138.6891,105.9147,4.2316
kik_Latn,1.1193,146.5787,113.8044,4.4724
kin_Latn,1.1304,126.9408,94.1665,3.8732
kir_Cyrl,1.7042,139.9629,107.1886,4.2705
kjh_Cyrl,1.7137,148.1545,115.3801,4.5204
kmb_Latn,1.1428,122.3641,89.5898,3.7335
kmr_Latn,1.0895,127.8114,95.0371,3.8997
knc_Arab,2.0852,93.9930,61.2187,2.8679
knc_Latn,1.1491,121.2648,88.4905,3.7000
kor_Hang,2.0932,72.7111,39.9368,2.2185
ktu_Latn,1.1974,119.1314,86.3571,3.6349
lao_Laoo,2.7657,124.3661,91.5918,3.7946
lij_Latn,1.4122,104.3511,71.5767,3.1839
lim_Latn,1.3335,101.2197,68.4453,3.0884
lin_Latn,1.1864,113.9288,81.1545,3.4762
lit_Latn,1.1338,119.1525,86.3781,3.6355
lld_Latn,1.2367,112.4022,79.6279,3.4296
lld_Latn_gard1241,1.2227,114.1404,81.3661,3.4826
lmo_Latn,1.3315,110.1103,77.3360,3.3597
ltg_Latn,1.1129,118.6800,85.9057,3.6211
ltz_Latn,1.2967,112.5386,79.7643,3.4337
lua_Latn,1.1451,117.9860,85.2116,3.6000
lug_Latn,1.1182,116.0863,83.3119,3.5420
luo_Latn,1.1311,116.8516,84.0772,3.5653
lus_Latn,1.1882,116.3781,83.6038,3.5509
lvs_Latn,1.1296,124.5476,91.7733,3.8002
mag_Deva,3.3383,92.6409,59.8666,2.8266
mai_Deva,3.3081,95.8144,63.0401,2.9235
mal_Mlym,3.4280,113.4905,80.7161,3.4628
mar_Deva,3.2902,101.6389,68.8646,3.1012
mfe_Latn,1.1665,101.9037,69.1294,3.1093
mhr_Cyrl,2.0113,121.6229,88.8485,3.7109
min_Arab,1.4666,148.3962,115.6219,4.5278
min_Latn,1.3242,101.1775,68.4032,3.0871
mkd_Cyrl,3.7547,63.9870,31.2126,1.9524
mlt_Latn,1.1226,129.9248,97.1505,3.9642
mni_Beng,3.2225,107.3631,74.5888,3.2758
mni_Mtei,1.8526,172.4363,139.6620,5.2613
mos_Latn,1.1249,116.4865,83.7121,3.5542
mri_Latn,1.1980,121.0201,88.2457,3.6925
mya_Mymr,3.0684,144.2187,111.4443,4.4004
myv_Cyrl,2.2629,110.2056,77.4313,3.3626
nld_Latn,2.0803,67.4343,34.6600,2.0575
nno_Latn,1.5692,83.4102,50.6359,2.5450
nob_Latn,1.6992,75.2106,42.4363,2.2948
nob_Latn_radical,1.6745,76.2136,43.4393,2.3254
npi_Deva,3.2609,98.6901,65.9157,3.0112
nqo_Nkoo,1.0015,288.8877,256.1133,8.8145
nso_Latn,1.1329,130.9418,98.1675,3.9953
nus_Latn,1.0795,153.4514,120.6770,4.6821
nya_Latn,1.1363,125.1896,92.4152,3.8197
oci_Latn,1.8241,81.5537,48.7793,2.4883
oci_Latn_aran1260,1.4992,99.7151,66.9408,3.0425
ory_Orya,3.2873,104.4764,71.7021,3.1878
pag_Latn,1.2134,104.8736,72.0993,3.1999
pan_Guru,3.0465,106.4403,73.6660,3.2477
pap_Latn,1.2632,108.1143,75.3400,3.2988
pbt_Arab,1.3228,161.2187,128.4443,4.9191
pes_Arab,1.4720,145.5376,112.7633,4.4406
plt_Latn,1.1527,137.4293,104.6550,4.1932
pol_Latn,2.0793,68.6971,35.9228,2.0961
por_Latn,2.3806,59.2688,26.4945,1.8084
prs_Arab,1.4650,139.5246,106.7503,4.2571
quy_Latn,1.1794,114.4403,81.6660,3.4918
ron_Latn,1.9128,78.4564,45.6820,2.3938
run_Latn,1.1158,125.9629,93.1886,3.8433
rus_Cyrl,5.8939,43.5316,10.7573,1.3282
sag_Latn,1.1702,119.7071,86.9328,3.6525
san_Deva,3.3217,100.0000,67.2257,3.0512
sat_Olck,2.5262,138.5436,105.7693,4.2272
scn_Latn,1.3502,104.5888,71.8144,3.1912
shn_Mymr,2.9336,168.5105,135.7362,5.1415
sin_Sinh,2.9908,111.6018,78.8275,3.4052
slk_Latn,1.4550,94.9348,62.1605,2.8966
slv_Latn,1.4295,89.7683,56.9940,2.7390
smo_Latn,1.1713,130.4734,97.6991,3.9810
sna_Latn,1.1261,125.2508,92.4764,3.8216
snd_Arab,1.4180,141.6820,108.9077,4.3230
snd_Deva,3.3036,100.9408,68.1665,3.0799
som_Latn,1.1054,129.0873,96.3129,3.9387
sot_Latn,1.1338,133.9248,101.1505,4.0863
spa_Latn,2.7292,55.8736,23.0993,1.7048
srd_Latn,1.3411,113.1093,80.3350,3.4512
srp_Cyrl,4.2613,53.6600,20.8857,1.6373
ssw_Latn,1.1142,126.9950,94.2207,3.8748
sun_Latn,1.2150,109.3320,76.5577,3.3359
swe_Latn,1.8884,70.0532,37.2788,2.1374
swh_Latn,1.1371,116.1073,83.3330,3.5426
szl_Latn,1.3911,99.8987,67.1244,3.0481
tam_Taml,3.8285,103.8796,71.1053,3.1695
taq_Latn,1.1224,114.1234,81.3490,3.4821
taq_Tfng,2.1920,130.6861,97.9117,3.9875
tat_Cyrl,1.5636,151.0421,118.2678,4.6086
tel_Telu,3.1486,107.2648,74.4905,3.2728
tgk_Cyrl,1.6497,155.1254,122.3511,4.7331
tha_Thai,3.1677,109.1224,76.3480,3.3295
tir_Ethi,1.6081,136.5787,103.8044,4.1672
tpi_Latn,1.3032,123.6499,90.8756,3.7728
tsn_Latn,1.1275,140.2798,107.5055,4.2802
tso_Latn,1.1410,132.6339,99.8596,4.0469
tuk_Latn,1.1077,132.2828,99.5085,4.0362
tum_Latn,1.1496,143.7111,110.9368,4.3849
tur_Latn,1.3366,104.8014,72.0271,3.1977
twi_Latn_akua1239,1.1191,119.1866,86.4122,3.6366
twi_Latn_asan1239,1.1235,123.0221,90.2477,3.7536
tyv_Cyrl,1.7762,151.0060,118.2317,4.6074
uig_Arab,1.2114,204.7011,171.9268,6.2458
ukr_Cyrl,5.1389,46.4985,13.7242,1.4187
umb_Latn,1.1377,114.6830,81.9087,3.4992
urd_Arab,1.3915,159.2136,126.4393,4.8579
uzn_Latn,1.0992,129.5968,96.8225,3.9542
uzs_Arab,1.3684,174.4193,141.6449,5.3218
vec_Latn,1.4276,93.4995,60.7252,2.8528
vie_Latn,2.7506,63.7482,30.9739,1.9451
vmw_Latn,1.1012,134.5256,101.7513,4.1046
war_Latn,1.3363,117.3200,84.5456,3.5796
wol_Latn,1.1145,112.3099,79.5356,3.4268
wuu_Hans,1.3236,88.8917,56.1174,2.7122
xho_Latn,1.1165,120.5757,87.8014,3.6790
ydd_Hebr,2.0798,117.1264,84.3521,3.5737
yor_Latn,1.1432,140.7182,107.9438,4.2935
yue_Hant,1.2988,85.3200,52.5456,2.6033
zgh_Tfng,2.4984,113.5035,80.7292,3.4632
zsm_Latn,2.0055,70.6199,37.8455,2.1547
zul_Latn,1.1154,126.4524,93.6780,3.8583
OVERALL_MEAN,1.8110,113.4107,,
OVERALL_VARIANCE,0.7848,913.2093,,
REFERENCE (eng_Latn),3.9045,32.7743,0.0,1.0
