lang_code,t_0.2359,t_0.3662,t_0.5928,t_0.9496
ace_Arab,2.2668,2.1972,1.923,1.2878
ace_Latn,1.5792,1.5611,1.467,1.1501
acm_Arab,2.457,2.5049,2.4195,2.0955
acq_Arab,2.4774,2.5308,2.4491,2.1307
aeb_Arab,2.4286,2.479,2.3998,2.08
afr_Latn,1.4896,1.4955,1.4673,1.3906
als_Latn,1.7293,1.689,1.5501,1.2291
amh_Ethi,3.6937,4.0118,4.4737,4.872
apc_Arab_nort3139,2.3417,2.3915,2.3165,1.9899
apc_Arab_sout3123,2.3434,2.3859,2.307,1.9738
arb_Arab,2.5104,2.5685,2.4837,2.1705
arb_Latn,1.6884,1.6546,1.5296,1.2392
arg_Latn,1.594,1.5767,1.4941,1.3516
ars_Arab,2.514,2.5702,2.4867,2.1695
ary_Arab,2.4501,2.501,2.4371,2.1045
arz_Arab,2.451,2.5103,2.438,2.0973
asm_Beng,3.7159,3.8053,3.88,3.8368
ast_Latn,1.4099,1.3973,1.3191,1.2079
awa_Deva,3.5601,3.7241,3.7741,3.7317
ayr_Latn,1.5355,1.4728,1.3209,1.0448
azb_Arab,2.2303,2.0508,1.676,1.1419
azj_Latn,1.8225,1.8321,1.797,1.6767
bak_Cyrl,2.7475,2.6548,2.3199,1.5942
bam_Latn,1.4978,1.4253,1.2359,0.8872
ban_Latn,1.6346,1.6347,1.5507,1.247
bel_Cyrl,3.2498,3.2355,2.996,2.2642
bem_Latn,1.8848,1.8587,1.6696,1.1726
ben_Beng,3.7497,3.8601,3.9182,3.8023
bho_Deva,3.5028,3.6612,3.673,3.6278
bjn_Arab,2.5103,2.4527,2.183,1.4745
bjn_Latn,1.5704,1.5869,1.555,1.3427
bod_Tibt,5.484,5.575,5.5402,5.1383
bos_Latn,1.4344,1.4215,1.3591,1.2611
brx_Deva,3.8709,4.0488,4.2091,4.2932
bug_Latn,1.6566,1.6378,1.507,1.1481
bul_Cyrl,2.6396,2.5636,2.2617,1.6687
cat_Latn,1.4346,1.4202,1.358,1.2542
ceb_Latn,1.7329,1.7654,1.7364,1.5289
ces_Latn,1.432,1.4281,1.3912,1.3016
chv_Cyrl,2.8375,2.7875,2.5134,1.8801
cjk_Latn,1.6892,1.6683,1.518,1.0978
ckb_Arab,2.3331,2.0426,1.4676,0.7616
cmn_Hans,1.5005,1.551,1.5771,1.5231
cmn_Hant,1.4699,1.5181,1.5518,1.5357
crh_Latn,1.6602,1.6751,1.6471,1.4641
cym_Latn,1.3435,1.2558,1.0708,0.8024
dan_Latn,1.3562,1.3493,1.3049,1.2565
dar_Cyrl,3.3387,3.342,3.1164,2.3671
deu_Latn,1.409,1.4091,1.3887,1.3769
dgo_Deva,3.8001,3.9498,3.9482,3.9369
dik_Latn,1.3969,1.369,1.2429,0.9469
dyu_Latn,1.5958,1.5469,1.3704,0.9458
dzo_Tibt,6.4359,6.5428,6.4029,5.7465
ekk_Latn,1.3842,1.3248,1.181,0.895
ell_Grek,3.3971,3.5025,3.4908,3.0883
eng_Latn,1.0,1.0,1.0,1.0
epo_Latn,1.4546,1.436,1.3341,1.0778
eus_Latn,1.4443,1.3858,1.2287,0.8962
ewe_Latn,1.5028,1.4292,1.2304,0.9191
fao_Latn,1.5011,1.4249,1.2649,1.0129
fij_Latn,1.8646,1.8496,1.7062,1.2981
fil_Latn,1.802,1.8421,1.8298,1.6541
fin_Latn,1.4947,1.4705,1.3867,1.2514
fon_Latn,1.7272,1.6606,1.4772,1.168
fra_Latn,1.3848,1.3833,1.3428,1.2827
fur_Latn,1.5789,1.5677,1.4684,1.2283
fuv_Latn,1.4847,1.4709,1.3675,1.0288
gaz_Latn,1.7482,1.7189,1.5813,1.1631
gla_Latn,1.7665,1.6966,1.5034,1.0885
gle_Latn,1.6361,1.5594,1.3553,0.9571
glg_Latn,1.4555,1.4378,1.3625,1.2469
gom_Deva,3.5521,3.6897,3.7787,3.8067
gug_Latn,1.5488,1.4663,1.2683,0.9358
guj_Gujr,3.8313,3.9585,4.0436,3.9024
hat_Latn,1.3451,1.3177,1.2074,0.9197
hau_Latn,1.7294,1.725,1.6133,1.195
heb_Hebr,2.271,2.4651,2.7832,3.3403
hin_Deva,3.628,3.7678,3.7704,3.626
hne_Deva,3.4873,3.6315,3.6598,3.6757
hrv_Latn,1.4034,1.3926,1.3285,1.2277
hun_Latn,1.5559,1.5593,1.5238,1.4399
hye_Armn,3.3615,3.5378,3.7613,4.0277
ibo_Latn,1.6838,1.6464,1.5144,1.2841
ilo_Latn,1.7951,1.7855,1.6502,1.288
ind_Latn,1.4391,1.4261,1.3639,1.2449
isl_Latn,1.4688,1.3842,1.2033,0.9255
ita_Latn,1.4432,1.4119,1.3258,1.2236
jav_Latn,1.5413,1.548,1.4931,1.2275
jpn_Jpan,1.8852,1.8668,1.7539,1.5501
kab_Latn,1.4533,1.398,1.2406,0.9557
kac_Latn,1.9377,1.9448,1.8316,1.4277
kam_Latn,1.4937,1.4541,1.3016,0.9663
kan_Knda,4.3525,4.4329,4.4106,4.2952
kas_Arab,2.3947,2.2191,1.7734,1.0523
kas_Deva,3.4175,3.5916,3.6637,3.7096
kat_Geor,3.4324,3.7432,4.2555,5.1885
kaz_Cyrl,2.8549,2.7909,2.4911,1.7544
kbp_Latn,1.981,1.8806,1.6206,1.1817
kea_Latn,1.4843,1.4685,1.3584,1.0864
khk_Cyrl,2.9884,3.0245,2.8867,2.2567
khm_Khmr,6.0064,5.7504,5.2211,5.719
kik_Latn,1.782,1.6745,1.4278,1.0352
kin_Latn,1.7451,1.7166,1.5383,1.0915
kir_Cyrl,2.895,2.8788,2.6519,1.9519
kjh_Cyrl,3.0332,2.9739,2.6623,1.9219
kmb_Latn,1.7379,1.726,1.5797,1.1415
kmr_Latn,1.5991,1.5544,1.3918,1.009
knc_Arab,2.6466,2.7604,2.8652,2.7588
knc_Latn,1.5973,1.5557,1.4062,1.096
kor_Hang,1.8233,1.8205,1.7337,1.4892
ktu_Latn,1.8275,1.8114,1.6594,1.2253
lao_Laoo,4.9005,4.885,4.7855,5.1251
lij_Latn,1.6371,1.6184,1.5147,1.2831
lim_Latn,1.542,1.5407,1.4778,1.3334
lin_Latn,1.697,1.6799,1.5432,1.1579
lit_Latn,1.4823,1.4167,1.2388,0.9341
lld_Latn,1.5482,1.5247,1.3887,1.1067
lld_Latn_gard1241,1.5689,1.5438,1.4071,1.1451
lmo_Latn,1.6585,1.6431,1.542,1.3127
ltg_Latn,1.4197,1.3621,1.2055,0.907
ltz_Latn,1.5649,1.5431,1.4678,1.3682
lua_Latn,1.7064,1.6943,1.5419,1.0945
lug_Latn,1.5648,1.545,1.3923,0.9621
luo_Latn,1.584,1.5823,1.4989,1.1487
lus_Latn,1.6076,1.6019,1.4902,1.12
lvs_Latn,1.5156,1.4841,1.3495,1.0639
mag_Deva,3.5185,3.6736,3.7288,3.6378
mai_Deva,3.5793,3.73,3.8018,3.8244
mal_Mlym,4.9732,5.0108,4.8445,4.627
mar_Deva,3.7108,3.8447,3.9316,3.9112
mfe_Latn,1.3209,1.3188,1.2442,1.0086
mhr_Cyrl,2.9474,2.9488,2.7587,2.1194
min_Arab,2.6055,2.5362,2.2539,1.4882
min_Latn,1.5652,1.5826,1.5337,1.2793
mkd_Cyrl,2.8255,2.7646,2.4962,1.904
mlt_Latn,1.6419,1.6017,1.4499,1.0633
mni_Beng,3.9741,4.0886,4.1779,4.1475
mni_Mtei,3.3342,3.54,3.8297,4.3093
mos_Latn,1.5361,1.4878,1.3222,0.9866
mri_Latn,1.7923,1.8047,1.7162,1.3273
mya_Mymr,4.2065,4.576,5.1719,6.2626
myv_Cyrl,3.0997,3.1257,2.9436,2.2172
nld_Latn,1.4338,1.4432,1.4204,1.3964
nno_Latn,1.3857,1.3757,1.3202,1.2447
nob_Latn,1.3054,1.2956,1.2525,1.2136
nob_Latn_radical,1.3154,1.3058,1.2614,1.212
npi_Deva,3.6276,3.7547,3.8121,3.7801
nqo_Nkoo,2.6983,2.2714,1.4356,0.7018
nso_Latn,1.7667,1.7056,1.5068,1.0931
nus_Latn,1.9263,1.8464,1.6212,1.1855
nya_Latn,1.6825,1.6368,1.4589,1.0277
oci_Latn,1.5726,1.5529,1.4587,1.2976
oci_Latn_aran1260,1.632,1.613,1.5077,1.2957
ory_Orya,3.8345,3.9396,4.0348,4.2264
pag_Latn,1.4754,1.4701,1.3961,1.1248
pan_Guru,3.9799,4.1185,4.2617,4.4046
pap_Latn,1.577,1.5625,1.4475,1.1412
pbt_Arab,2.3612,2.1771,1.7197,1.0023
pes_Arab,2.4587,2.331,1.963,1.357
plt_Latn,1.7969,1.7439,1.5832,1.2274
pol_Latn,1.4554,1.4411,1.3853,1.2864
por_Latn,1.3409,1.3233,1.2597,1.1986
prs_Arab,2.3752,2.2334,1.8514,1.2339
quy_Latn,1.5819,1.5497,1.4204,1.0994
ron_Latn,1.5321,1.5225,1.468,1.3855
run_Latn,1.7043,1.6804,1.5099,1.0743
rus_Cyrl,2.5777,2.4722,2.1252,1.5273
sag_Latn,1.6821,1.6588,1.524,1.1608
san_Deva,3.7124,3.81,3.8334,3.869
sat_Olck,4.4068,4.5493,4.6871,5.2499
scn_Latn,1.612,1.587,1.4582,1.1553
shn_Mymr,7.7727,8.0261,8.1877,7.7521
sin_Sinh,4.3972,4.4327,4.4426,4.5638
slk_Latn,1.4992,1.478,1.4239,1.2945
slv_Latn,1.4125,1.3917,1.3249,1.2033
smo_Latn,1.9415,1.9159,1.741,1.3351
sna_Latn,1.6302,1.5783,1.3956,0.997
snd_Arab,2.4244,2.4027,2.2242,1.5809
snd_Deva,3.6965,3.8728,3.9468,4.0025
som_Latn,1.6683,1.6407,1.508,1.1618
sot_Latn,1.8511,1.8047,1.6101,1.1562
spa_Latn,1.4533,1.4381,1.3643,1.2878
srd_Latn,1.6638,1.6333,1.5018,1.2486
srp_Cyrl,2.6389,2.5643,2.2703,1.7075
ssw_Latn,1.6262,1.576,1.3854,0.9737
sun_Latn,1.5614,1.5577,1.4738,1.1732
swe_Latn,1.323,1.3215,1.2855,1.2488
swh_Latn,1.6787,1.6794,1.5635,1.1757
szl_Latn,1.5124,1.4945,1.4202,1.2725
tam_Taml,5.0807,5.004,4.4632,4.082
taq_Latn,1.3901,1.3572,1.2412,1.0135
taq_Tfng,3.1819,3.2568,3.3577,3.7154
tat_Cyrl,2.8099,2.7529,2.4611,1.7524
tel_Telu,4.3126,4.4013,4.2509,4.132
tgk_Cyrl,3.0942,3.0433,2.7522,1.9715
tha_Thai,3.907,3.8641,3.9613,4.5722
tir_Ethi,3.7144,4.0399,4.5094,4.9362
tpi_Latn,1.8272,1.8125,1.7084,1.4185
tsn_Latn,1.905,1.8457,1.6244,1.1328
tso_Latn,1.8557,1.8175,1.6406,1.1998
tuk_Latn,1.5942,1.5269,1.3649,1.0091
tum_Latn,1.9976,1.9497,1.7329,1.2268
tur_Latn,1.6445,1.6595,1.619,1.4547
twi_Latn_akua1239,1.4379,1.3585,1.1674,0.8525
twi_Latn_asan1239,1.5132,1.434,1.2369,0.9202
tyv_Cyrl,3.2347,3.2382,3.0249,2.295
uig_Arab,2.7157,2.5262,1.9617,1.0023
ukr_Cyrl,2.5578,2.4482,2.1148,1.5066
umb_Latn,1.5418,1.5077,1.3493,0.9913
urd_Arab,2.444,2.2419,1.7456,0.9897
uzn_Latn,1.6026,1.5654,1.4414,1.0844
uzs_Arab,2.5716,2.376,1.9494,1.336
vec_Latn,1.4852,1.477,1.3908,1.2015
vie_Latn,1.635,1.6285,1.617,1.6374
vmw_Latn,1.782,1.7419,1.533,1.0406
war_Latn,1.8729,1.903,1.8597,1.5796
wol_Latn,1.4779,1.4632,1.3502,1.008
wuu_Hans,1.4807,1.5312,1.5627,1.4941
xho_Latn,1.5275,1.4889,1.3211,0.9426
ydd_Hebr,3.2125,3.4852,3.9305,4.7197
yor_Latn,1.8285,1.7488,1.5363,1.2445
yue_Hant,1.4584,1.5094,1.5449,1.5019
zgh_Tfng,3.3928,3.4681,3.5641,3.926
zsm_Latn,1.5043,1.4926,1.4268,1.2932
zul_Latn,1.5984,1.5597,1.3988,0.9927
