lang_code,t_1.1904,t_1.3340,t_1.4946,t_1.7988
ace_Arab,4.2523,4.3088,4.1916,3.5704
ace_Latn,3.2572,3.5138,3.8007,4.0405
acm_Arab,3.1574,3.0437,2.8928,2.8157
acq_Arab,3.1684,3.0502,2.905,2.8431
aeb_Arab,3.0904,2.9786,2.8501,2.8062
afr_Latn,2.6786,2.7863,2.8672,2.7953
als_Latn,3.6327,3.9687,4.3982,5.116
amh_Ethi,3.8319,4.1487,4.5825,4.6357
apc_Arab_nort3139,3.0496,2.94,2.7993,2.7246
apc_Arab_sout3123,3.0102,2.8935,2.7594,2.7091
arb_Arab,3.1714,3.0543,2.9149,2.8746
arb_Latn,3.6946,4.0166,4.4025,4.9498
arg_Latn,2.3408,2.3598,2.3745,2.1977
ars_Arab,3.1777,3.0587,2.9166,2.8795
ary_Arab,3.1798,3.0441,2.8998,2.8562
arz_Arab,3.1406,3.014,2.8728,2.822
asm_Beng,2.8838,3.0425,3.2727,3.5746
ast_Latn,2.0699,2.0946,2.1077,1.9631
awa_Deva,2.7088,2.8772,3.101,3.3127
ayr_Latn,3.2541,3.5233,3.856,4.3262
azb_Arab,4.4207,4.4416,4.2987,2.9541
azj_Latn,3.6134,3.9334,4.3384,4.9706
bak_Cyrl,5.0666,5.2255,5.3175,4.8376
bam_Latn,3.3486,3.6602,4.0544,4.7023
ban_Latn,3.2263,3.4374,3.6426,3.6927
bel_Cyrl,3.1944,3.0173,2.8025,2.3002
bem_Latn,3.8209,4.1311,4.5005,4.8762
ben_Beng,2.9035,3.0569,3.2642,3.5115
bho_Deva,2.6525,2.8187,3.0418,3.2227
bjn_Arab,4.5113,4.4417,4.1323,3.3464
bjn_Latn,2.8359,2.9446,3.0227,2.9816
bod_Tibt,3.3433,3.461,3.7562,4.5008
bos_Latn,2.5481,2.6262,2.6832,2.6256
brx_Deva,3.1403,3.3111,3.5853,3.8204
bug_Latn,3.314,3.5762,3.8693,4.1519
bul_Cyrl,1.7453,1.595,1.4692,1.2673
cat_Latn,2.0484,2.0599,2.0642,1.9043
ceb_Latn,3.3032,3.4687,3.6028,3.696
ces_Latn,2.1699,2.215,2.2656,2.2558
chv_Cyrl,5.0877,5.1838,5.2167,4.7414
cjk_Latn,3.3685,3.639,3.948,4.1751
ckb_Arab,5.6281,5.9227,6.0021,4.4616
cmn_Hans,2.3267,2.4688,2.6116,2.6028
cmn_Hant,2.2918,2.44,2.5991,2.6023
crh_Latn,3.1975,3.4349,3.7091,3.9449
cym_Latn,3.4669,3.8075,4.2547,5.0615
dan_Latn,2.2725,2.3387,2.3873,2.275
dar_Cyrl,4.5474,4.467,4.2972,3.5915
deu_Latn,1.7376,1.7282,1.7187,1.6559
dgo_Deva,2.9211,3.082,3.3022,3.5352
dik_Latn,3.0495,3.3324,3.6959,4.3256
dyu_Latn,3.3697,3.6739,4.0571,4.608
dzo_Tibt,3.6849,3.7781,4.0888,4.8836
ekk_Latn,3.1488,3.4233,3.7633,4.2342
ell_Grek,3.7598,3.6273,3.4894,2.8845
eng_Latn,1.0,1.0,1.0,1.0
epo_Latn,3.059,3.3034,3.5922,3.9319
eus_Latn,3.3492,3.6607,4.0524,4.6207
ewe_Latn,3.427,3.7464,4.1577,4.8976
fao_Latn,3.3525,3.6408,4.0015,4.51
fij_Latn,3.5596,3.8225,4.1299,4.453
fil_Latn,3.4066,3.5415,3.6558,3.7393
fin_Latn,2.5497,2.6358,2.7208,2.6411
fon_Latn,4.009,4.3757,4.8511,5.6979
fra_Latn,1.6512,1.6313,1.6158,1.514
fur_Latn,3.0565,3.2093,3.3477,3.3007
fuv_Latn,2.9952,3.2554,3.5658,3.9527
gaz_Latn,3.8256,4.1665,4.5645,5.0239
gla_Latn,4.0934,4.4712,4.9503,5.7412
gle_Latn,3.9726,4.3439,4.8213,5.6094
glg_Latn,2.115,2.1229,2.1174,1.9774
gom_Deva,2.8311,2.9824,3.212,3.391
gug_Latn,3.2904,3.5788,3.9404,4.5038
guj_Gujr,2.8245,3.0336,3.3372,3.694
hat_Latn,2.9951,3.2639,3.6011,4.1255
hau_Latn,3.4406,3.7359,4.0897,4.5089
heb_Hebr,2.431,2.5389,2.7781,3.3498
hin_Deva,2.705,2.845,3.0352,3.1726
hne_Deva,2.6651,2.8344,3.0586,3.2453
hrv_Latn,2.4978,2.5689,2.6236,2.5574
hun_Latn,2.4332,2.4709,2.4857,2.3215
hye_Armn,4.8234,4.8211,4.888,4.9006
ibo_Latn,3.5502,3.8639,4.2738,4.9767
ilo_Latn,3.6347,3.9026,4.1816,4.4379
ind_Latn,2.0487,2.0395,2.0262,1.973
isl_Latn,3.4301,3.7461,4.1436,4.7418
ita_Latn,1.878,1.8417,1.8028,1.683
jav_Latn,3.0225,3.2238,3.4171,3.4815
jpn_Jpan,1.9134,1.8888,1.9254,1.8456
kab_Latn,3.4282,3.7648,4.1957,4.9932
kac_Latn,3.803,4.0952,4.4234,4.6668
kam_Latn,3.1754,3.4477,3.7769,4.2
kan_Knda,3.301,3.4011,3.6246,4.0018
kas_Arab,5.0497,5.1625,5.0665,3.4914
kas_Deva,2.6817,2.8632,3.1245,3.3934
kat_Geor,3.4375,3.6998,4.0948,4.8521
kaz_Cyrl,4.7465,4.7419,4.6306,3.8645
kbp_Latn,4.4556,4.8746,5.4034,6.3121
kea_Latn,2.9334,3.1327,3.3467,3.5238
khk_Cyrl,4.5135,4.4438,4.3049,3.8413
khm_Khmr,3.9162,4.2294,4.6956,5.6296
kik_Latn,4.0969,4.4694,4.9413,5.7148
kin_Latn,3.5619,3.8709,4.2466,4.6791
kir_Cyrl,4.3028,4.2708,4.1424,3.4811
kjh_Cyrl,4.586,4.5214,4.3794,3.6678
kmb_Latn,3.4502,3.7317,4.0598,4.3278
kmr_Latn,3.5597,3.8976,4.3287,5.018
knc_Arab,3.0267,2.8687,2.8149,2.8107
knc_Latn,3.3884,3.6977,4.0923,4.7501
kor_Hang,2.2763,2.2197,2.0784,1.7386
ktu_Latn,3.3825,3.6331,3.9118,4.0765
lao_Laoo,3.5918,3.7926,4.1566,4.9436
lij_Latn,3.0519,3.1836,3.2919,3.2132
lim_Latn,2.9186,3.0875,3.2508,3.2821
lin_Latn,3.224,3.4744,3.7617,4.0104
lit_Latn,3.3386,3.6336,4.0004,4.5613
lld_Latn,3.2058,3.4279,3.6742,3.8835
lld_Latn_gard1241,3.2487,3.4809,3.7405,3.9478
lmo_Latn,3.174,3.3584,3.5526,3.6374
ltg_Latn,3.3147,3.6189,4.0068,4.6423
ltz_Latn,3.2275,3.4325,3.6521,3.7533
lua_Latn,3.3264,3.5987,3.8902,4.057
lug_Latn,3.2542,3.5399,3.8854,4.2659
luo_Latn,3.2777,3.5633,3.9047,4.241
lus_Latn,3.2798,3.5491,3.872,4.1973
lvs_Latn,3.4937,3.7979,4.1847,4.8301
mag_Deva,2.6599,2.8255,3.0461,3.1967
mai_Deva,2.7445,2.9223,3.1655,3.4386
mal_Mlym,3.3141,3.4616,3.7254,4.2139
mar_Deva,2.9507,3.0998,3.3103,3.4789
mfe_Latn,2.8668,3.1077,3.4042,3.763
mhr_Cyrl,3.792,3.712,3.5438,2.9648
min_Arab,4.6025,4.5287,4.1649,3.3394
min_Latn,2.9406,3.0864,3.2044,3.2133
mkd_Cyrl,2.1362,1.9538,1.7782,1.5035
mlt_Latn,3.6261,3.9618,4.3961,5.0931
mni_Beng,3.1052,3.2741,3.545,3.8525
mni_Mtei,5.2925,5.2615,5.2471,5.4811
mos_Latn,3.2514,3.5519,3.9346,4.5634
mri_Latn,3.4162,3.6906,4.0213,4.3082
mya_Mymr,4.0165,4.3976,4.9174,5.9256
myv_Cyrl,3.4914,3.3648,3.1627,2.5808
nld_Latn,2.0494,2.0575,2.0446,1.9427
nno_Latn,2.4493,2.5443,2.6271,2.5504
nob_Latn,2.2245,2.2943,2.3445,2.2419
nob_Latn_radical,2.2518,2.3249,2.384,2.2877
npi_Deva,2.8603,3.0099,3.2122,3.3341
nqo_Nkoo,7.9312,8.808,9.9796,12.34
nso_Latn,3.6745,3.9931,4.3771,4.899
nus_Latn,4.2627,4.6791,5.2196,6.2096
nya_Latn,3.5156,3.8178,4.1785,4.5686
oci_Latn,2.4676,2.488,2.4956,2.2993
oci_Latn_aran1260,2.9447,3.0418,3.1145,2.9667
ory_Orya,3.0666,3.1865,3.4068,3.8023
pag_Latn,2.9742,3.1982,3.4604,3.7312
pan_Guru,3.1365,3.2462,3.5383,4.1509
pap_Latn,3.0868,3.2971,3.5328,3.7481
pbt_Arab,4.8946,4.9193,4.6101,3.0065
pes_Arab,4.4795,4.4414,4.2489,2.9034
plt_Latn,3.8622,4.1906,4.5819,5.0763
pol_Latn,2.0691,2.0962,2.1164,2.0553
por_Latn,1.8108,1.8081,1.7933,1.6895
prs_Arab,4.3098,4.2576,4.0463,2.6845
quy_Latn,3.2349,3.4899,3.7887,4.102
ron_Latn,2.335,2.3939,2.448,2.3613
run_Latn,3.5356,3.8412,4.21,4.6277
rus_Cyrl,1.4283,1.3291,1.2711,1.1718
sag_Latn,3.3873,3.6505,3.944,4.2411
san_Deva,2.9146,3.0499,3.2461,3.414
sat_Olck,4.0651,4.2264,4.5524,5.3469
scn_Latn,3.0328,3.1899,3.351,3.3471
shn_Mymr,5.2927,5.1409,5.5158,6.5111
sin_Sinh,3.2745,3.4039,3.6809,4.2901
slk_Latn,2.7766,2.8954,3.0333,3.1099
slv_Latn,2.6405,2.7383,2.8249,2.7965
smo_Latn,3.6699,3.9788,4.3495,4.841
sna_Latn,3.5128,3.8194,4.1961,4.6533
snd_Arab,4.3806,4.3237,3.9555,3.2543
snd_Deva,2.8952,3.0783,3.3404,3.5742
som_Latn,3.6145,3.9361,4.3164,4.758
sot_Latn,3.768,4.0839,4.4485,4.8624
spa_Latn,1.7077,1.7048,1.7003,1.6141
srd_Latn,3.2876,3.4498,3.604,3.5909
srp_Cyrl,1.7825,1.6379,1.5005,1.308
ssw_Latn,3.5586,3.8725,4.2429,4.6814
sun_Latn,3.1079,3.3341,3.5638,3.6947
swe_Latn,2.0896,2.137,2.1729,2.0839
swh_Latn,3.2673,3.5407,3.8639,4.1371
szl_Latn,2.8935,3.047,3.217,3.3188
tam_Taml,3.1548,3.1691,3.3256,3.7114
taq_Latn,3.1851,3.48,3.8536,4.5152
taq_Tfng,4.0318,3.9875,4.0173,4.2594
tat_Cyrl,4.5981,4.6092,4.5371,3.9203
tel_Telu,3.1133,3.2716,3.5159,3.8299
tgk_Cyrl,4.7961,4.7339,4.5398,3.6322
tha_Thai,3.088,3.3274,3.6537,4.162
tir_Ethi,3.8407,4.1646,4.597,4.7023
tpi_Latn,3.5221,3.7709,4.063,4.3369
tsn_Latn,3.9417,4.2777,4.6827,5.1784
tso_Latn,3.7356,4.0447,4.4075,4.7596
tuk_Latn,3.6932,4.0337,4.4636,5.122
tum_Latn,4.0447,4.3827,4.7822,5.2141
tur_Latn,2.9954,3.1965,3.4184,3.547
twi_Latn_akua1239,3.3277,3.6345,4.0328,4.7154
twi_Latn_asan1239,3.4308,3.7513,4.1653,4.8911
tyv_Cyrl,4.6524,4.6083,4.4612,3.7889
uig_Arab,6.0034,6.2448,6.3044,5.0172
ukr_Cyrl,1.5451,1.4197,1.3288,1.2258
umb_Latn,3.2162,3.4972,3.8382,4.3089
urd_Arab,4.8608,4.859,4.5587,2.8
uzn_Latn,3.6183,3.952,4.3549,4.874
uzs_Arab,5.2238,5.3214,5.2811,3.8252
vec_Latn,2.7327,2.852,2.9657,2.9416
vie_Latn,1.9532,1.9451,1.9018,1.7308
vmw_Latn,3.7706,4.1022,4.5,5.0213
war_Latn,3.4192,3.5785,3.7165,3.7869
wol_Latn,3.1368,3.4247,3.7846,4.3244
wuu_Hans,2.5378,2.7109,2.9014,2.9282
xho_Latn,3.3747,3.6768,4.0571,4.5544
ydd_Hebr,3.4338,3.5722,3.8922,4.682
yor_Latn,3.9397,4.2911,4.745,5.5078
yue_Hant,2.4231,2.6023,2.8032,2.8811
zgh_Tfng,3.4312,3.4626,3.6765,4.2542
zsm_Latn,2.1619,2.155,2.1337,2.0749
zul_Latn,3.5419,3.856,4.2451,4.747
