lang_code,t_0.2480,t_0.3887,t_0.6260,t_1.0039
ace_Arab,2.4399,2.497,2.4986,2.3513
ace_Latn,1.6207,1.6353,1.5915,1.4248
acm_Arab,2.548,2.6649,2.7755,2.807
acq_Arab,2.5682,2.6888,2.8044,2.8419
aeb_Arab,2.5162,2.633,2.7441,2.7753
afr_Latn,1.4935,1.5014,1.4768,1.4067
als_Latn,1.76,1.7381,1.6398,1.3764
amh_Ethi,3.6738,3.976,4.2864,4.0933
apc_Arab_nort3139,2.4275,2.5453,2.6578,2.6967
apc_Arab_sout3123,2.427,2.5418,2.6442,2.67
arb_Arab,2.5963,2.7222,2.8344,2.8686
arb_Latn,1.7523,1.7637,1.7162,1.5714
arg_Latn,1.5979,1.5827,1.5067,1.3699
ars_Arab,2.6007,2.725,2.8381,2.8711
ary_Arab,2.5377,2.6628,2.7803,2.8421
arz_Arab,2.5368,2.6638,2.7912,2.844
asm_Beng,3.6761,3.7413,3.7526,3.6765
ast_Latn,1.4084,1.3924,1.3142,1.2039
awa_Deva,3.5301,3.6704,3.541,3.5606
ayr_Latn,1.5923,1.5688,1.4721,1.2852
azb_Arab,2.5023,2.4877,2.367,2.1134
azj_Latn,1.8198,1.8258,1.7879,1.6618
bak_Cyrl,2.8993,2.917,2.8113,2.4397
bam_Latn,1.5699,1.5574,1.458,1.2281
ban_Latn,1.6715,1.693,1.6676,1.5027
bel_Cyrl,3.3998,3.4827,3.4957,3.2405
bem_Latn,1.952,1.9769,1.918,1.6321
ben_Beng,3.7149,3.802,3.7859,3.6391
bho_Deva,3.475,3.6107,3.4365,3.4645
bjn_Arab,2.7098,2.7908,2.8367,2.7705
bjn_Latn,1.5894,1.6208,1.616,1.4975
bod_Tibt,5.2191,5.15,4.6229,4.5382
bos_Latn,1.4426,1.4328,1.3807,1.2903
brx_Deva,3.8408,4.0045,4.0271,4.1198
bug_Latn,1.6977,1.7077,1.6471,1.4161
bul_Cyrl,2.786,2.7831,2.6906,2.3373
cat_Latn,1.4364,1.4204,1.3607,1.2587
ceb_Latn,1.7535,1.802,1.8111,1.6893
ces_Latn,1.4189,1.4072,1.3581,1.2505
chv_Cyrl,2.9662,3.002,2.9329,2.6137
cjk_Latn,1.7475,1.7784,1.7317,1.5143
ckb_Arab,2.7907,2.7611,2.6024,2.2621
cmn_Hans,1.4907,1.5336,1.5459,1.4504
cmn_Hant,1.4593,1.4984,1.5186,1.4567
crh_Latn,1.6703,1.691,1.6777,1.528
cym_Latn,1.4614,1.4218,1.3372,1.1679
dan_Latn,1.3495,1.3393,1.2906,1.2363
dar_Cyrl,3.4786,3.5914,3.632,3.4312
deu_Latn,1.3847,1.3724,1.3328,1.2926
dgo_Deva,3.7641,3.8909,3.7231,3.762
dik_Latn,1.4335,1.4376,1.3732,1.1759
dyu_Latn,1.6661,1.6626,1.5874,1.3375
dzo_Tibt,6.1287,6.0036,5.2487,4.9853
ekk_Latn,1.4544,1.4397,1.3673,1.1938
ell_Grek,3.4804,3.6401,3.7981,3.779
eng_Latn,1.0,1.0,1.0,1.0
epo_Latn,1.4897,1.4933,1.4444,1.2677
eus_Latn,1.5192,1.5048,1.4248,1.2333
ewe_Latn,1.5664,1.5346,1.4129,1.1701
fao_Latn,1.5631,1.5305,1.4231,1.2376
fij_Latn,1.9125,1.9397,1.8865,1.6436
fil_Latn,1.8223,1.8772,1.9002,1.812
fin_Latn,1.5076,1.49,1.4184,1.3036
fon_Latn,1.7907,1.7618,1.6514,1.4193
fra_Latn,1.3826,1.3772,1.3329,1.2728
fur_Latn,1.6058,1.6124,1.5561,1.3782
fuv_Latn,1.5274,1.5432,1.5066,1.3153
gaz_Latn,1.8273,1.8493,1.8191,1.6571
gla_Latn,1.8561,1.8502,1.7652,1.5496
gle_Latn,1.7521,1.7387,1.6639,1.4697
glg_Latn,1.4517,1.431,1.3559,1.2354
gom_Deva,3.5205,3.6371,3.6016,3.6368
gug_Latn,1.5979,1.5528,1.4058,1.137
guj_Gujr,3.7747,3.8627,3.8431,3.5637
hat_Latn,1.3968,1.4055,1.3692,1.2144
hau_Latn,1.7787,1.8063,1.7784,1.5684
heb_Hebr,2.259,2.4519,2.7513,3.2506
hin_Deva,3.5999,3.7192,3.5517,3.4769
hne_Deva,3.4551,3.5737,3.433,3.4958
hrv_Latn,1.4117,1.402,1.3487,1.2582
hun_Latn,1.5559,1.5585,1.5229,1.4372
hye_Armn,3.3593,3.5367,3.7568,4.0214
ibo_Latn,1.7106,1.6923,1.5941,1.4018
ilo_Latn,1.8487,1.8771,1.8352,1.6214
ind_Latn,1.4221,1.3979,1.3223,1.1867
isl_Latn,1.5595,1.5264,1.4257,1.2359
ita_Latn,1.4433,1.4106,1.3274,1.2226
jav_Latn,1.5713,1.5998,1.5902,1.4597
jpn_Jpan,1.8817,1.8582,1.7369,1.5277
kab_Latn,1.5338,1.5229,1.4554,1.2898
kac_Latn,1.9868,2.0335,2.0108,1.8018
kam_Latn,1.5584,1.5595,1.4939,1.3011
kan_Knda,4.2904,4.3307,4.2106,4.0669
kas_Arab,2.7012,2.7183,2.6507,2.4053
kas_Deva,3.387,3.5399,3.3938,3.5399
kat_Geor,3.4176,3.7282,4.2217,5.1158
kaz_Cyrl,3.0169,3.0711,3.0309,2.7583
kbp_Latn,2.0801,2.0371,1.8834,1.5652
kea_Latn,1.5124,1.5152,1.4512,1.2448
khk_Cyrl,3.1023,3.2283,3.322,3.2471
khm_Khmr,5.4314,4.8537,4.6947,5.4264
kik_Latn,1.8812,1.8328,1.6854,1.4036
kin_Latn,1.8047,1.8207,1.7554,1.4822
kir_Cyrl,3.0227,3.1026,3.1135,2.887
kjh_Cyrl,3.1902,3.2521,3.2013,2.9168
kmb_Latn,1.7963,1.8294,1.7949,1.5728
kmr_Latn,1.6805,1.6843,1.6255,1.4322
knc_Arab,2.7041,2.8622,3.0677,3.305
knc_Latn,1.6318,1.6132,1.5126,1.2667
kor_Hang,1.8429,1.8496,1.7869,1.5789
ktu_Latn,1.8748,1.8993,1.8315,1.5658
lao_Laoo,4.5519,4.3645,4.2487,4.8199
lij_Latn,1.6579,1.6488,1.5705,1.3736
lim_Latn,1.554,1.5631,1.5178,1.4059
lin_Latn,1.7401,1.7582,1.6961,1.4573
lit_Latn,1.5479,1.5287,1.4301,1.2116
lld_Latn,1.5898,1.5925,1.518,1.3207
lld_Latn_gard1241,1.613,1.6146,1.5497,1.3644
lmo_Latn,1.6818,1.6804,1.6094,1.4228
ltg_Latn,1.4952,1.479,1.4002,1.2198
ltz_Latn,1.5754,1.5616,1.4942,1.4075
lua_Latn,1.7624,1.7917,1.7529,1.5198
lug_Latn,1.6227,1.6529,1.6161,1.4014
luo_Latn,1.6316,1.6619,1.6441,1.4942
lus_Latn,1.6469,1.6678,1.6205,1.3985
lvs_Latn,1.5771,1.5807,1.5281,1.3637
mag_Deva,3.4904,3.6261,3.487,3.4677
mai_Deva,3.5439,3.6712,3.5356,3.6541
mal_Mlym,4.8796,4.8349,4.5568,4.3468
mar_Deva,3.6819,3.7941,3.7696,3.7647
mfe_Latn,1.3565,1.372,1.3519,1.2256
mhr_Cyrl,3.0631,3.1518,3.1722,2.9707
min_Arab,2.8177,2.9026,2.9464,2.8722
min_Latn,1.5857,1.6193,1.607,1.4511
mkd_Cyrl,2.9637,2.9894,2.9142,2.6201
mlt_Latn,1.6985,1.6935,1.6227,1.3803
mni_Beng,3.9298,4.025,4.0301,3.9615
mni_Mtei,3.2867,3.4646,3.6735,4.0836
mos_Latn,1.5883,1.5794,1.487,1.2459
mri_Latn,1.8226,1.8656,1.8335,1.5818
mya_Mymr,4.1634,4.513,5.0561,6.0491
myv_Cyrl,3.2196,3.3403,3.4104,3.2462
nld_Latn,1.419,1.421,1.3846,1.3399
nno_Latn,1.3825,1.3714,1.3158,1.2383
nob_Latn,1.2982,1.2846,1.2371,1.1962
nob_Latn_radical,1.309,1.2966,1.2458,1.1954
npi_Deva,3.6024,3.7086,3.6774,3.6386
nqo_Nkoo,3.4091,3.3827,3.2042,2.7895
nso_Latn,1.8403,1.8314,1.7278,1.4623
nus_Latn,2.0052,1.9882,1.8627,1.5703
nya_Latn,1.7548,1.7621,1.6922,1.4534
oci_Latn,1.5857,1.5732,1.4955,1.345
oci_Latn_aran1260,1.656,1.651,1.5768,1.4013
ory_Orya,3.7541,3.8161,3.8355,3.9428
pag_Latn,1.5045,1.5239,1.4951,1.3402
pan_Guru,3.9076,4.0094,4.0755,4.0869
pap_Latn,1.6004,1.604,1.5336,1.2921
pbt_Arab,2.6828,2.6888,2.6092,2.3576
pes_Arab,2.6953,2.7112,2.6393,2.3944
plt_Latn,1.8655,1.8538,1.7712,1.5652
pol_Latn,1.4362,1.4124,1.3404,1.2175
por_Latn,1.3295,1.3061,1.2328,1.1641
prs_Arab,2.6181,2.6392,2.5645,2.3134
quy_Latn,1.6274,1.6286,1.5606,1.364
ron_Latn,1.5182,1.4988,1.4331,1.3349
run_Latn,1.7703,1.7976,1.7562,1.5263
rus_Cyrl,2.7373,2.7054,2.5697,2.113
sag_Latn,1.7313,1.7465,1.6863,1.4545
san_Deva,3.6888,3.768,3.7315,3.7637
sat_Olck,4.1616,4.1444,4.282,4.803
scn_Latn,1.6405,1.6347,1.5529,1.3099
shn_Mymr,7.4637,7.494,7.063,6.1368
sin_Sinh,4.321,4.3151,4.2903,4.3588
slk_Latn,1.5079,1.4897,1.4433,1.3259
slv_Latn,1.4274,1.4151,1.3655,1.2664
smo_Latn,1.9791,1.9835,1.8751,1.5709
sna_Latn,1.7102,1.7099,1.6318,1.4117
snd_Arab,2.5999,2.6843,2.7619,2.7815
snd_Deva,3.6637,3.8165,3.6786,3.8058
som_Latn,1.7414,1.765,1.7356,1.5934
sot_Latn,1.9291,1.9357,1.8605,1.6015
spa_Latn,1.4436,1.4225,1.3375,1.2604
srd_Latn,1.6994,1.6905,1.6107,1.4162
srp_Cyrl,2.7717,2.7819,2.6861,2.3396
ssw_Latn,1.7134,1.7219,1.6596,1.4544
sun_Latn,1.5964,1.6177,1.5858,1.4144
swe_Latn,1.3111,1.3019,1.2563,1.2087
swh_Latn,1.7256,1.7683,1.747,1.5621
szl_Latn,1.5242,1.5104,1.4467,1.3179
tam_Taml,5.0906,5.0142,4.4909,4.0984
taq_Latn,1.4332,1.4232,1.3637,1.2129
taq_Tfng,3.1023,3.1424,3.2015,3.5734
tat_Cyrl,2.9507,2.9955,2.94,2.6303
tel_Telu,4.2449,4.2624,3.9798,3.8826
tgk_Cyrl,3.2653,3.3441,3.3332,3.0997
tha_Thai,3.75,3.7044,3.838,4.4057
tir_Ethi,3.6955,4.006,4.3226,4.1431
tpi_Latn,1.837,1.8283,1.7459,1.4969
tsn_Latn,1.9988,1.9972,1.8969,1.611
tso_Latn,1.9238,1.9309,1.857,1.5975
tuk_Latn,1.6816,1.663,1.5872,1.3997
tum_Latn,2.0722,2.08,1.9849,1.669
tur_Latn,1.6496,1.6661,1.6298,1.4789
twi_Latn_akua1239,1.5055,1.4637,1.3422,1.0959
twi_Latn_asan1239,1.5695,1.5244,1.3756,1.1168
tyv_Cyrl,3.3679,3.4715,3.5043,3.3144
uig_Arab,3.064,3.1152,3.072,2.817
ukr_Cyrl,2.7107,2.6875,2.5527,2.1209
umb_Latn,1.592,1.5974,1.5248,1.2869
urd_Arab,2.7726,2.7747,2.6733,2.364
uzn_Latn,1.6843,1.6934,1.661,1.5324
uzs_Arab,2.8781,2.8435,2.7043,2.3942
vec_Latn,1.4971,1.4964,1.4277,1.2617
vie_Latn,1.6276,1.6169,1.6016,1.6121
vmw_Latn,1.8669,1.8965,1.8436,1.5957
war_Latn,1.8956,1.9464,1.9482,1.7785
wol_Latn,1.5242,1.5455,1.5112,1.3417
wuu_Hans,1.4783,1.5286,1.5566,1.4755
xho_Latn,1.5944,1.6077,1.5529,1.3482
ydd_Hebr,3.195,3.4622,3.8886,4.5847
yor_Latn,1.884,1.8374,1.6919,1.4488
yue_Hant,1.4527,1.4984,1.5228,1.4455
zgh_Tfng,3.2613,3.2803,3.3199,3.7564
zsm_Latn,1.491,1.4687,1.3937,1.2457
zul_Latn,1.6728,1.6895,1.6426,1.4451
