Code,Script,Glottocode,Name,Notes,Family,Subfamily_1,Subfamily_2,Full_Classification,Minimal Full Classification,Language,Code_orig,Sentences,Total patches,Total bytes,Avg b/patch,Avg patches/sent,Premium vs EN,Script_Name,Script_Type,Script_Tier,Bytes_Per_Char,cc_pages,cc_urls
ace,Arab,achi1257,Acehnese (Jawi script),,Austronesian,Malayo-Polynesian,Malayo-Chamic,Austronesian > Malayo-Polynesian > Malayo-Chamic > Aceh-Chamic,Austronesian > Malayo-Chamic > Aceh-Chamic,Acehnese (Arabic),ace_Arab,997,88016,189579,2.1539,88.2808,3.6423,Arabic,Abjad,2,2 bytes,,
ace,Latn,achi1257,Acehnese (Latin script),,Austronesian,Malayo-Polynesian,Malayo-Chamic,Austronesian > Malayo-Polynesian > Malayo-Chamic > Aceh-Chamic,Austronesian > Malayo-Chamic > Aceh-Chamic,Acehnese (Latin),ace_Latn,997,96901,136827,1.412,97.1926,4.01,Latin,Alphabet,1,1 byte,,
acm,Arab,meso1252,Mesopotamian Arabic,,Afro-Asiatic,Semitic,West Semitic,Afro-Asiatic > Semitic > West Semitic > Central Semitic > Arabian > Arabic > Eastern Arabic,Afro-Asiatic > Semitic > Central Semitic > Arabian > Eastern Arabic,Mesopotamian Arabic,acm_Arab,997,68393,196519,2.8734,68.5988,2.8303,Arabic,Abjad,2,2 bytes,,
acq,Arab,taiz1242,Taʽizzi-Adeni Arabic,,Afro-Asiatic,Semitic,West Semitic,Afro-Asiatic > Semitic > West Semitic > Central Semitic > Arabian > Arabic > Arabian Peninsula Arabic,Afro-Asiatic > Semitic > Central Semitic > Arabian > Arabian Peninsula Arabic,Taizzi-Adeni Arabic,acq_Arab,997,68987,198303,2.8745,69.1946,2.8548,Arabic,Abjad,2,2 bytes,,
aeb,Arab,tuni1259,Tunisian Arabic,,Afro-Asiatic,Semitic,West Semitic,Afro-Asiatic > Semitic > West Semitic > Central Semitic > Arabian > Arabic > North African Arabic > Western Middle Arabic > Maghrebi > Malta-Tunisian Arabic,Afro-Asiatic > Semitic > Central Semitic > Arabian > North African Arabic > Malta-Tunisian Arabic,Tunisian Arabic,aeb_Arab,997,67913,193780,2.8534,68.1174,2.8104,Arabic,Abjad,2,2 bytes,,
afr,Latn,afri1274,Afrikaans,,Indo-European,Classical Indo-European,Germanic,Indo-European > Classical Indo-European > Germanic > Northwest Germanic > West Germanic > Macro-Dutch > Middle-Modern Dutch > Modern Dutch > Global Dutch > Afrikaansic,Indo-European > Germanic > West Germanic > Macro-Dutch > Afrikaansic,Afrikaans,afr_Latn,997,67868,134424,1.9807,68.0722,2.8085,Latin,Alphabet,1,1 byte,20215994,20131887
als,Latn,tosk1239,Albanian (Tosk),,Indo-European,Classical Indo-European,Albanian,Indo-European > Classical Indo-European > Albanian > Albanian-Tosk,Indo-European > Albanian,Tosk Albanian,als_Latn,997,120562,151911,1.26,120.9248,4.9891,Latin,Alphabet,1,1 byte,84761612,84375408
amh,Ethi,amha1245,Amharic,,Afro-Asiatic,Semitic,West Semitic,Afro-Asiatic > Semitic > West Semitic > Ethiosemitic > South Ethiopic > Amharic-Argobba,Afro-Asiatic > Semitic > Ethiosemitic > South Ethiopic,Amharic,amh_Ethi,997,114724,218396,1.9037,115.0692,4.7475,Ethiopic,Abugida,3,3 bytes,5733709,5702512
apc,Arab,nort3139,Levantine Arabic (North),,Afro-Asiatic,Semitic,West Semitic,Afro-Asiatic > Semitic > West Semitic > Central Semitic > Arabian > Arabic > Levantine-Cypriot Arabic,Afro-Asiatic > Semitic > Central Semitic > Arabian > Levantine-Cypriot Arabic,North Levantine Arabic,apc_Arab_nort3139,997,66224,186923,2.8226,66.4233,2.7405,Arabic,Abjad,2,2 bytes,,
apc,Arab,sout3123,Levantine Arabic (South),,Afro-Asiatic,Semitic,West Semitic,Afro-Asiatic > Semitic > West Semitic > Central Semitic > Arabian > Arabic > Levantine-Cypriot Arabic > Levantine Arabic,Afro-Asiatic > Semitic > Central Semitic > Arabian > Levantine-Cypriot Arabic > Levantine Arabic,South Levantine Arabic,apc_Arab_sout3123,997,65734,186781,2.8415,65.9318,2.7202,Arabic,Abjad,2,2 bytes,,
arb,Arab,stan1318,Modern Standard Arabic,,Afro-Asiatic,Semitic,West Semitic,Afro-Asiatic > Semitic > West Semitic > Central Semitic > Arabian > Arabic,Afro-Asiatic > Semitic > Central Semitic > Arabian,Modern Standard Arabic,arb_Arab,997,69626,200576,2.8808,69.8355,2.8813,Arabic,Abjad,2,2 bytes,1258479625,1251265891
arb,Latn,stan1318,Modern Standard Arabic (Romanized),,Afro-Asiatic,Semitic,West Semitic,Afro-Asiatic > Semitic > West Semitic > Central Semitic > Arabian > Arabic,Afro-Asiatic > Semitic > Central Semitic > Arabian,Modern Standard Arabic (Latin),arb_Latn,997,117393,146403,1.2471,117.7462,4.858,Latin,Alphabet,1,1 byte,1258479625,1251265891
arg,Latn,arag1245,Aragonese,,Indo-European,Classical Indo-European,Italic,Indo-European > Classical Indo-European > Italic > Latino-Faliscan > Latinic > Imperial Latin > Romance > Italo-Western Romance > Western Romance > Unshifted Western Romance,Indo-European > Italic > Italo-Western Romance > Western Romance > Unshifted Western Romance,Aragonese,arg_Latn,997,53854,148208,2.752,54.016,2.2286,Latin,Alphabet,1,1 byte,,
ars,Arab,najd1235,Najdi Arabic,,Afro-Asiatic,Semitic,West Semitic,Afro-Asiatic > Semitic > West Semitic > Central Semitic > Arabian > Arabic > Arabian Peninsula Arabic > North Arabian Beduin Arabic,Afro-Asiatic > Semitic > Central Semitic > Arabian > Arabian Peninsula Arabic > North Arabian Beduin Arabic,Najdi Arabic,ars_Arab,997,69728,200865,2.8807,69.9378,2.8855,Arabic,Abjad,2,2 bytes,,
ary,Arab,moro1292,Moroccan Arabic,,Afro-Asiatic,Semitic,West Semitic,Afro-Asiatic > Semitic > West Semitic > Central Semitic > Arabian > Arabic > North African Arabic > Western Middle Arabic > Maghrebi,Afro-Asiatic > Semitic > Central Semitic > Arabian > North African Arabic,Moroccan Arabic,ary_Arab,997,69264,195424,2.8214,69.4724,2.8663,Arabic,Abjad,2,2 bytes,,
arz,Arab,egyp1253,Egyptian Arabic,,Afro-Asiatic,Semitic,West Semitic,Afro-Asiatic > Semitic > West Semitic > Central Semitic > Arabian > Arabic > Egyptic Arabic > Egypto-Sudanic Arabic,Afro-Asiatic > Semitic > Central Semitic > Arabian > Egyptic Arabic,Egyptian Arabic,arz_Arab,997,68389,196098,2.8674,68.5948,2.8301,Arabic,Abjad,2,2 bytes,,
asm,Beng,assa1263,Assamese,,Indo-European,Classical Indo-European,Indo-Iranian,Indo-European > Classical Indo-European > Indo-Iranian > Indo-Aryan > Middle-Modern Indo-Aryan > Continental Indo-Aryan > Indo-Aryan Eastern zone > Oriya-Gauda-Kamrupa > Gauda-Kamrupa > Kamrupa > Eastern Kamrupa,Indo-European > Indo-Iranian > Indo-Aryan > Middle-Modern Indo-Aryan > Continental Indo-Aryan > Indo-Aryan Eastern zone > Gauda-Kamrupa > Kamrupa,Assamese,asm_Beng,997,85093,321904,3.783,85.349,3.5213,Bengali,Abugida,3,3 bytes,3459776,3447449
ast,Latn,astu1245,Asturian,,Indo-European,Classical Indo-European,Italic,Indo-European > Classical Indo-European > Italic > Latino-Faliscan > Latinic > Imperial Latin > Romance > Italo-Western Romance > Western Romance > Shifted Western Romance > Southwestern Shifted Romance > West Ibero-Romance > Asturo-Leonese,Indo-European > Italic > Italo-Western Romance > Western Romance > Shifted Western Romance > Southwestern Shifted Romance > West Ibero-Romance > Asturo-Leonese,Asturian,ast_Latn,997,48091,132761,2.7606,48.2357,1.9901,Latin,Alphabet,1,1 byte,,
awa,Deva,awad1243,Awadhi,,Indo-European,Classical Indo-European,Indo-Iranian,Indo-European > Classical Indo-European > Indo-Iranian > Indo-Aryan > Middle-Modern Indo-Aryan > Continental Indo-Aryan > Midlands Indo-Aryan > Shaurasenic > Eastern Hindi > Awadhic,Indo-European > Indo-Iranian > Indo-Aryan > Middle-Modern Indo-Aryan > Continental Indo-Aryan > Midlands Indo-Aryan > Shaurasenic > Eastern Hindi > Awadhic,Awadhi,awa_Deva,997,79424,315956,3.9781,79.663,3.2867,Devanagari,Abugida,3,3 bytes,,
ayr,Latn,cent2142,Central Aymara,,Aymaran,Central-Southern Aymara,,Aymaran > Central-Southern Aymara,Aymaran,Central Aymara,ayr_Latn,997,102744,134408,1.3082,103.0532,4.2518,Latin,Alphabet,1,1 byte,,
azb,Arab,sout2697,South Azerbaijani,,Turkic,Common Turkic,Oghuz,Turkic > Common Turkic > Oghuz > Nuclear Oghuz > Central Oghuz,Turkic > Common Turkic > Oghuz > Central Oghuz,South Azerbaijani,azb_Arab,997,77935,204336,2.6219,78.1695,3.2251,Arabic,Abjad,2,2 bytes,101494110,101070335
azj,Latn,nort2697,North Azerbaijani,,Turkic,Common Turkic,Oghuz,Turkic > Common Turkic > Oghuz > Nuclear Oghuz > Central Oghuz,Turkic > Common Turkic > Oghuz > Central Oghuz,North Azerbaijani,azj_Latn,997,117448,158394,1.3486,117.8014,4.8603,Latin,Alphabet,1,1 byte,101494110,101070335
bak,Cyrl,bash1264,Bashkir,,Turkic,Common Turkic,Kipchak-Turkestan,Turkic > Common Turkic > Kipchak-Turkestan > Kipchak > Northwest Kipchak > North Kipchak > Bashkiric,Turkic > Common Turkic > Kipchak-Turkestan > Kipchak > Northwest Kipchak > North Kipchak,Bashkir,bak_Cyrl,997,119022,233577,1.9625,119.3801,4.9254,Cyrillic,Alphabet,2,2 bytes,3656842,3651302
bam,Latn,bamb1269,Bambara,,Mande,Western Mande,Manding-Kpelle,Mande > Western Mande > Manding-Kpelle > Central Mande > Manding-Jogo > Manding-Vai > Manding-Mokole > Manding > East Manding,Mande,Bambara,bam_Latn,997,110875,131109,1.1825,111.2086,4.5882,Latin,Alphabet,1,1 byte,,
ban,Latn,bali1278,Balinese,,Austronesian,Malayo-Polynesian,Bali-Sasak-Sumbawa,Austronesian > Malayo-Polynesian > Bali-Sasak-Sumbawa,Austronesian > Bali-Sasak-Sumbawa,Balinese,ban_Latn,997,88972,140691,1.5813,89.2397,3.6819,Latin,Alphabet,1,1 byte,,
bel,Cyrl,bela1254,Belarusian,,Indo-European,Classical Indo-European,Balto-Slavic,Indo-European > Classical Indo-European > Balto-Slavic > Slavic > East Slavic,Indo-European > Balto-Slavic > Slavic > East Slavic,Belarusian,bel_Cyrl,997,57047,262573,4.6027,57.2187,2.3607,Cyrillic,Alphabet,2,2 bytes,33213142,33052697
bem,Latn,bemb1257,Bemba,,Atlantic-Congo,Volta-Congo,Benue-Congo,Atlantic-Congo > Volta-Congo > Benue-Congo > Bantoid > Southern Bantoid > Narrow Bantu > East Bantu > Sabi > Malungu-Central Sabi > Central Sabi > Bemba (M.40),Atlantic-Congo > Volta-Congo > Benue-Congo > Bantoid > East Bantu > Sabi,Bemba,bem_Latn,997,116726,155724,1.3341,117.0772,4.8304,Latin,Alphabet,1,1 byte,,
ben,Beng,beng1280,Bengali,,Indo-European,Classical Indo-European,Indo-Iranian,Indo-European > Classical Indo-European > Indo-Iranian > Indo-Aryan > Middle-Modern Indo-Aryan > Continental Indo-Aryan > Indo-Aryan Eastern zone > Oriya-Gauda-Kamrupa > Gauda-Kamrupa > Gauda-Banga,Indo-European > Indo-Iranian > Indo-Aryan > Middle-Modern Indo-Aryan > Continental Indo-Aryan > Indo-Aryan Eastern zone > Gauda-Kamrupa > Gauda-Banga,Bengali,ben_Beng,997,83817,329572,3.932,84.0692,3.4685,Bengali,Abugida,3,3 bytes,177892101,177246797
bho,Deva,bhoj1244,Bhojpuri,,Indo-European,Classical Indo-European,Indo-Iranian,Indo-European > Classical Indo-European > Indo-Iranian > Indo-Aryan > Middle-Modern Indo-Aryan > Continental Indo-Aryan > Midlands Indo-Aryan > Shaurasenic > Bihari > Magadhan > Bhojpuric,Indo-European > Indo-Iranian > Indo-Aryan > Middle-Modern Indo-Aryan > Continental Indo-Aryan > Midlands Indo-Aryan > Shaurasenic > Bihari > Bhojpuric,Bhojpuri,bho_Deva,997,77132,310444,4.0248,77.3641,3.1919,Devanagari,Abugida,3,3 bytes,,
bjn,Arab,banj1239,Banjar (Jawi script),,Austronesian,Malayo-Polynesian,Malayo-Chamic,Austronesian > Malayo-Polynesian > Malayo-Chamic > Malayic > Nuclear Malayic > East Borneo Malay > Banjar-Berau-Brunei Malay > Banjar-Bukit Malay,Austronesian > Malayo-Chamic > Malayic > East Borneo Malay,Banjar (Arabic),bjn_Arab,997,82926,211916,2.5555,83.1755,3.4317,Arabic,Abjad,2,2 bytes,,
bjn,Latn,banj1239,Banjar (Latin script),,Austronesian,Malayo-Polynesian,Malayo-Chamic,Austronesian > Malayo-Polynesian > Malayo-Chamic > Malayic > Nuclear Malayic > East Borneo Malay > Banjar-Berau-Brunei Malay > Banjar-Bukit Malay,Austronesian > Malayo-Chamic > Malayic > East Borneo Malay,Banjar (Latin),bjn_Latn,997,72003,132177,1.8357,72.2197,2.9796,Latin,Alphabet,1,1 byte,,
bod,Tibt,utsa1239,Lhasa Tibetan,,Sino-Tibetan,Bodic,Bodish,Sino-Tibetan > Bodic > Bodish > Early Old Tibetan > Middle Old Tibetan > Late Old Tibetan > Central Tibetan > Tibetan > Ü,Sino-Tibetan > Bodic > Central Tibetan,Tibetan,bod_Tibt,997,105083,418753,3.985,105.3992,4.3486,Tibetan,Abugida,3,3 bytes,2687733,2676577
bos,Latn,bosn1245,Bosnian,,Indo-European,Classical Indo-European,Balto-Slavic,Indo-European > Classical Indo-European > Balto-Slavic > Slavic > South Slavic > Western South Slavic > Serbian-Croatian-Bosnian > Shtokavski > New Shtokavian > Eastern Herzegovinian Shtokavian,Indo-European > Balto-Slavic > Slavic > South Slavic > Western South Slavic > Serbian-Croatian-Bosnian,Bosnian,bos_Latn,997,63676,130083,2.0429,63.8676,2.6351,Latin,Alphabet,1,1 byte,89749135,89368171
brx,Deva,bodo1269,Bodo,dev only,Sino-Tibetan,Brahmaputran,Bodo-Garo,Sino-Tibetan > Brahmaputran > Bodo-Garo > Boroic > Tiwa-Boro > Bodo-Mech-Kachari,Sino-Tibetan > Brahmaputran > Bodo-Garo,Bodo,brx_Deva,997,91526,352347,3.8497,91.8014,3.7875,Devanagari,Abugida,3,3 bytes,,
bug,Latn,bugi1244,Buginese,,Austronesian,Malayo-Polynesian,Greater South Sulawesi,Austronesian > Malayo-Polynesian > Greater South Sulawesi > South Sulawesi > Tamanic-Bugis > Bugis,Austronesian > Greater South Sulawesi,Buginese,bug_Latn,997,99317,138285,1.3924,99.6158,4.11,Latin,Alphabet,1,1 byte,,
bul,Cyrl,bulg1262,Bulgarian,,Indo-European,Classical Indo-European,Balto-Slavic,Indo-European > Classical Indo-European > Balto-Slavic > Slavic > South Slavic > Eastern South Slavic > Macedo-Bulgarian,Indo-European > Balto-Slavic > Slavic > South Slavic > Eastern South Slavic,Bulgarian,bul_Cyrl,997,31035,237296,7.6461,31.1284,1.2843,Cyrillic,Alphabet,2,2 bytes,565391748,562504908
cat,Latn,stan1289,Catalan,,Indo-European,Classical Indo-European,Italic,Indo-European > Classical Indo-European > Italic > Latino-Faliscan > Latinic > Imperial Latin > Romance > Italo-Western Romance > Western Romance > Shifted Western Romance > Southwestern Shifted Romance,Indo-European > Italic > Italo-Western Romance > Western Romance > Shifted Western Romance > Southwestern Shifted Romance,Catalan,cat_Latn,997,46611,140954,3.0241,46.7513,1.9289,Latin,Alphabet,1,1 byte,437938570,434641260
ceb,Latn,cebu1242,Cebuano,,Austronesian,Malayo-Polynesian,Greater Central Philippine,Austronesian > Malayo-Polynesian > Greater Central Philippine > Central Philippine > Bisayan,Austronesian > Greater Central Philippine > Bisayan,Cebuano,ceb_Latn,997,88592,150264,1.6961,88.8586,3.6661,Latin,Alphabet,1,1 byte,4026407,4021798
ces,Latn,czec1258,Czech,,Indo-European,Classical Indo-European,Balto-Slavic,Indo-European > Classical Indo-European > Balto-Slavic > Slavic > West Slavic > Czech-Slovak,Indo-European > Balto-Slavic > Slavic > West Slavic > Czech-Slovak,Czech,ces_Latn,997,54486,135980,2.4957,54.6499,2.2547,Latin,Alphabet,1,1 byte,2097546956,2080674183
chv,Cyrl,chuv1255,Chuvash,,Turkic,Bolgar,,Turkic > Bolgar,Turkic > Bolgar,Chuvash,chv_Cyrl,997,116378,241245,2.0729,116.7282,4.816,Cyrillic,Alphabet,2,2 bytes,,
cjk,Latn,chok1245,Chokwe,,Atlantic-Congo,Volta-Congo,Benue-Congo,Atlantic-Congo > Volta-Congo > Benue-Congo > Bantoid > Southern Bantoid > Narrow Bantu > Central-Western Bantu > Njila > Southern Njila > Chokwe-Lunda > Chokwe-Ngangela-Nyemba (K.20) > Chokwe-Lwena,Atlantic-Congo > Volta-Congo > Benue-Congo > Bantoid > Central-Western Bantu > Njila > Southern Njila > Chokwe-Lunda,Chokwe,cjk_Latn,997,100230,136284,1.3597,100.5316,4.1477,Latin,Alphabet,1,1 byte,,
ckb,Arab,cent1972,Central Kurdish,,Indo-European,Classical Indo-European,Indo-Iranian,Indo-European > Classical Indo-European > Indo-Iranian > Iranian-Nuristani > Iranian > Central Iranian PBS > Central Iranian PB > Northwestern Iranian > Laki-Kurdish > Kurdish,Indo-European > Indo-Iranian > Iranian-Nuristani > Central Iranian PBS,Central Kurdish,ckb_Arab,997,117853,232262,1.9708,118.2076,4.877,Arabic,Abjad,2,2 bytes,12098280,12051123
cmn,Hans,beij1234,Mandarin Chinese (Standard Beijing),,Sino-Tibetan,Sinitic,Classical-Middle-Modern Sinitic,Sino-Tibetan > Sinitic > Classical-Middle-Modern Sinitic > Middle-Modern Sinitic > Northern Chinese > Mandarinic > Mandarin Chinese > Beijingic,Sino-Tibetan > Sinitic > Northern Chinese,Chinese (Simplified),cmn_Hans,997,63249,117254,1.8538,63.4393,2.6174,Han (Simplified),Logographic,3,3 bytes,10899511187,10856245131
cmn,Hant,taib1240,Mandarin Chinese (Taiwanese),,Sino-Tibetan,Sinitic,Classical-Middle-Modern Sinitic,Sino-Tibetan > Sinitic > Classical-Middle-Modern Sinitic > Middle-Modern Sinitic > Northern Chinese > Mandarinic > Mandarin Chinese > Beijingic,Sino-Tibetan > Sinitic > Northern Chinese,Chinese (Traditional),cmn_Hant,997,63381,111458,1.7585,63.5717,2.6228,Han (Traditional),Logographic,3,3 bytes,10899511187,10856245131
crh,Latn,crim1257,Crimean Tatar,,Turkic,Common Turkic,Kipchak-Turkestan,Turkic > Common Turkic > Kipchak-Turkestan > Kipchak > Northwest Kipchak > West Kipchak > Crimean Tatar-Urum > Crimeaic,Turkic > Common Turkic > Kipchak-Turkestan > Kipchak > Northwest Kipchak > West Kipchak,Crimean Tatar,crh_Latn,997,94680,141842,1.4981,94.9649,3.9181,Latin,Alphabet,1,1 byte,,
cym,Latn,wels1247,Welsh,,Indo-European,Classical Indo-European,Celtic,Indo-European > Classical Indo-European > Celtic > Nuclear Celtic > Core Celtic > Insular Celtic > Brythonic > Old-Modern Welsh,Indo-European > Celtic > Brythonic,Welsh,cym_Latn,997,118752,134117,1.1294,119.1093,4.9142,Latin,Alphabet,1,1 byte,20737905,20624391
dan,Latn,dani1285,Danish,,Indo-European,Classical Indo-European,Germanic,Indo-European > Classical Indo-European > Germanic > Northwest Germanic > North Germanic > South Scandinavian,Indo-European > Germanic > North Germanic > South Scandinavian,Danish,dan_Latn,997,55561,131700,2.3704,55.7282,2.2992,Latin,Alphabet,1,1 byte,880593500,873291872
dar,Cyrl,darg1241,Dargwa,dev only,Nakh-Daghestanian,Daghestanian,Dargwic,Nakh-Daghestanian > Daghestanian > Dargwic,Nakh-Daghestanian,Dargwa,dar_Cyrl,997,89079,268396,3.013,89.347,3.6863,Cyrillic,Alphabet,2,2 bytes,,
deu,Latn,stan1295,German,,Indo-European,Classical Indo-European,Germanic,Indo-European > Classical Indo-European > Germanic > Northwest Germanic > West Germanic > High German > Upper German > Middle-Modern High German > Modern High German > Upper Franconian > Global German,Indo-European > Germanic > West Germanic > High German > Upper German,German,deu_Latn,997,40170,148936,3.7076,40.2909,1.6623,Latin,Alphabet,1,1 byte,11072171606,10978241043
dgo,Deva,dogr1250,Dogri,dev only,Indo-European,Classical Indo-European,Indo-Iranian,Indo-European > Classical Indo-European > Indo-Iranian > Indo-Aryan > Middle-Modern Indo-Aryan > Eastern Dardic > Himachali > Kangric-Chamealic-Bhattiyali > Kangri-Dogri,Indo-European > Indo-Iranian > Indo-Aryan > Middle-Modern Indo-Aryan > Eastern Dardic > Himachali,Dogri,dgo_Deva,997,84635,341326,4.0329,84.8897,3.5024,Devanagari,Abugida,3,3 bytes,,
dik,Latn,sout2832,Southwestern Dinka,,Nilotic,Western Nilotic,Dinka-Nuer,Nilotic > Western Nilotic > Dinka-Nuer > Dinka,Nilotic > Dinka-Nuer > Dinka,Southwestern Dinka,dik_Latn,997,101811,121595,1.1943,102.1174,4.2132,Latin,Alphabet,1,1 byte,,
dyu,Latn,dyul1238,Dyula,,Mande,Western Mande,Manding-Kpelle,Mande > Western Mande > Manding-Kpelle > Central Mande > Manding-Jogo > Manding-Vai > Manding-Mokole > Manding > East Manding,Mande,Dyula,dyu_Latn,997,109241,134515,1.2314,109.5697,4.5206,Latin,Alphabet,1,1 byte,,
dzo,Tibt,dzon1239,Dzongkha,,Sino-Tibetan,Bodic,Bodish,Sino-Tibetan > Bodic > Bodish > Early Old Tibetan > Middle Old Tibetan > Late Old Tibetan > Southern Tibetic > Dzongkhic > Nuclear Dzongkhic,Sino-Tibetan > Bodic > Southern Tibetic,Dzongkha,dzo_Tibt,997,114034,463530,4.0648,114.3771,4.719,Tibetan,Abugida,3,3 bytes,208006,207770
ekk,Latn,esto1258,Estonian,,Uralic,Finnic,Coastal Finnic,Uralic > Finnic > Coastal Finnic > Neva > Central Finnic,Uralic > Finnic > Central Finnic,Estonian,ekk_Latn,997,100615,126904,1.2613,100.9178,4.1637,Latin,Alphabet,1,1 byte,270383021,268165050
ell,Grek,mode1248,Greek,,Indo-European,Classical Indo-European,Graeco-Phrygian,Indo-European > Classical Indo-European > Graeco-Phrygian > Greek > South Greek > Central Greek > Koineic Greek > Modern Koineic Greek > Nuclear Modern Greek,Indo-European > Graeco-Phrygian,Greek,ell_Grek,997,72029,273289,3.7942,72.2457,2.9807,Greek,Alphabet,2,2 bytes,1086923125,1081601897
eng,Latn,stan1293,English,,Indo-European,Classical Indo-European,Germanic,Indo-European > Classical Indo-European > Germanic > Northwest Germanic > West Germanic > North Sea Germanic > Anglo-Frisian > Anglic > Later Anglic > Middle-Modern English > Macro-English,Indo-European > Germanic > West Germanic > North Sea Germanic,English,eng_Latn,997,24165,125290,5.1848,24.2377,1.0,Latin,Alphabet,1,1 byte,88502069080,87766779120
epo,Latn,espe1235,Esperanto,,Artificial Language,Esperantic,,Artificial Language > Esperantic,Artificial Language > Esperantic,Esperanto,epo_Latn,997,93874,127618,1.3595,94.1565,3.8847,Latin,Alphabet,1,1 byte,16488806,16428426
eus,Latn,basq1248,Basque,,Isolate,,,Isolate,Isolate,Basque,eus_Latn,997,109480,133948,1.2235,109.8094,4.5305,Latin,Alphabet,1,1 byte,64561327,63938667
ewe,Latn,ewee1241,Ewe,,Atlantic-Congo,Volta-Congo,Kwa Volta-Congo,Atlantic-Congo > Volta-Congo > Kwa Volta-Congo > Gbe > Western Gbe > Eweic,Atlantic-Congo > Volta-Congo > Kwa Volta-Congo > Gbe > Western Gbe,Ewe,ewe_Latn,997,115092,134720,1.1705,115.4383,4.7628,Latin,Alphabet,1,1 byte,,
fao,Latn,faro1244,Faroese,,Indo-European,Classical Indo-European,Germanic,Indo-European > Classical Indo-European > Germanic > Northwest Germanic > North Germanic > West Scandinavian > Icelandic-Faroese,Indo-European > Germanic > North Germanic > West Scandinavian > Icelandic-Faroese,Faroese,fao_Latn,997,107066,137496,1.2842,107.3882,4.4306,Latin,Alphabet,1,1 byte,8203838,8160846
fij,Latn,fiji1243,Fijian,,Austronesian,Malayo-Polynesian,Eastern Malayo-Polynesian,Austronesian > Malayo-Polynesian > Eastern Malayo-Polynesian > Oceanic > Central Pacific linkage > Tokalau Fijian > Eastern Fijian > Nuclear Eastern Fijian > Viwa-Lomaiviti-East Viti Levu,Austronesian > Eastern Malayo-Polynesian > Eastern Fijian,Fijian,fij_Latn,997,106235,146344,1.3775,106.5547,4.3962,Latin,Alphabet,1,1 byte,191398,189932
fil,Latn,fili1244,Filipino,,Austronesian,Malayo-Polynesian,Greater Central Philippine,Austronesian > Malayo-Polynesian > Greater Central Philippine > Central Philippine > Tagalogic > Tagalog-Filipino,Austronesian > Greater Central Philippine > Tagalogic,Filipino,fil_Latn,997,89754,157727,1.7573,90.0241,3.7142,Latin,Alphabet,1,1 byte,,
fin,Latn,finn1318,Finnish,,Uralic,Finnic,Coastal Finnic,Uralic > Finnic > Coastal Finnic > Neva > North Finnic > Nuclear Finnish,Uralic > Finnic > North Finnic,Finnish,fin_Latn,997,64576,139165,2.1551,64.7703,2.6723,Latin,Alphabet,1,1 byte,754585351,748584150
fon,Latn,fonn1241,Fon,,Atlantic-Congo,Volta-Congo,Kwa Volta-Congo,Atlantic-Congo > Volta-Congo > Kwa Volta-Congo > Gbe > Eastern Gbe > Fongbeic,Atlantic-Congo > Volta-Congo > Kwa Volta-Congo > Gbe > Eastern Gbe,Fon,fon_Latn,997,133828,158067,1.1811,134.2307,5.5381,Latin,Alphabet,1,1 byte,,
fra,Latn,stan1290,French,,Indo-European,Classical Indo-European,Italic,Indo-European > Classical Indo-European > Italic > Latino-Faliscan > Latinic > Imperial Latin > Romance > Italo-Western Romance > Western Romance > Shifted Western Romance > Northwestern Shifted Romance > Gallo-Rhaetian > Oil > Central Oil > Macro-French > Global French,Indo-European > Italic > Italo-Western Romance > Western Romance > Shifted Western Romance > Northwestern Shifted Romance > Gallo-Rhaetian > Global French,French,fra_Latn,997,36819,154573,4.1982,36.9298,1.5237,Latin,Alphabet,1,1 byte,8938152817,8869369439
fur,Latn,east2271,Friulian,,Indo-European,Classical Indo-European,Italic,Indo-European > Classical Indo-European > Italic > Latino-Faliscan > Latinic > Imperial Latin > Romance > Italo-Western Romance > Italo-Dalmatian > Italian Romance > Friulian,Indo-European > Italic > Italo-Western Romance > Italo-Dalmatian > Italian Romance > Friulian,Friulian,fur_Latn,997,80104,142201,1.7752,80.345,3.3149,Latin,Alphabet,1,1 byte,,
fuv,Latn,nige1253,Nigerian Fulfulde,,Atlantic-Congo,North-Central Atlantic,Fula-Sereer,Atlantic-Congo > North-Central Atlantic > Fula-Sereer > Fula > Eastern Fula,Atlantic-Congo > North-Central Atlantic > Fula-Sereer,Nigerian Fulfulde,fuv_Latn,997,94095,120829,1.2841,94.3781,3.8939,Latin,Alphabet,1,1 byte,,
gaz,Latn,west2721,West Central Oromo,,Afro-Asiatic,Cushitic,East Cushitic,Afro-Asiatic > Cushitic > East Cushitic > Lowland East Cushitic > Southern Lowland East Cushitic > Mainstream Lowland East Cushitic > Oromoid > Nuclear Oromo,Afro-Asiatic > Cushitic > Oromoid,West Central Oromo,gaz_Latn,997,119675,151153,1.263,120.0351,4.9524,Latin,Alphabet,1,1 byte,927830,923231
gla,Latn,scot1245,Scottish Gaelic,,Indo-European,Classical Indo-European,Celtic,Indo-European > Classical Indo-European > Celtic > Nuclear Celtic > Core Celtic > Insular Celtic > Goidelic > Modern Goidelic > Eastern Goidelic,Indo-European > Celtic > Goidelic > Eastern Goidelic,Scottish Gaelic,gla_Latn,997,135417,161658,1.1938,135.8245,5.6039,Latin,Alphabet,1,1 byte,2973293,2962154
gle,Latn,iris1253,Irish,,Indo-European,Classical Indo-European,Celtic,Indo-European > Classical Indo-European > Celtic > Nuclear Celtic > Core Celtic > Insular Celtic > Goidelic > Modern Goidelic,Indo-European > Celtic > Goidelic,Irish,gle_Latn,997,132352,154606,1.1681,132.7503,5.477,Latin,Alphabet,1,1 byte,12046808,11970817
glg,Latn,gali1258,Galician,,Indo-European,Classical Indo-European,Italic,Indo-European > Classical Indo-European > Italic > Latino-Faliscan > Latinic > Imperial Latin > Romance > Italo-Western Romance > Western Romance > Shifted Western Romance > Southwestern Shifted Romance > West Ibero-Romance > Galician Romance,Indo-European > Italic > Italo-Western Romance > Western Romance > Shifted Western Romance > Southwestern Shifted Romance > West Ibero-Romance > Galician Romance,Galician,glg_Latn,997,48246,142116,2.9457,48.3912,1.9965,Latin,Alphabet,1,1 byte,70206749,69830421
gom,Deva,goan1235,Goan Konkani,dev only,Indo-European,Classical Indo-European,Indo-Iranian,Indo-European > Classical Indo-European > Indo-Iranian > Indo-Aryan > Middle-Modern Indo-Aryan > Continental Indo-Aryan > Indo-Aryan Southern zone > Marathic > Marathi-Konkani,Indo-European > Indo-Iranian > Indo-Aryan > Middle-Modern Indo-Aryan > Continental Indo-Aryan > Indo-Aryan Southern zone,Goan Konkani,gom_Deva,997,81235,319430,3.9322,81.4794,3.3617,Devanagari,Abugida,3,3 bytes,,
gug,Latn,para1311,Paraguayan Guaraní,,Tupian,Eastern Tupian,Maweti-Guarani,Tupian > Eastern Tupian > Maweti-Guarani > Aweti-Guarani > Tupi-Guarani > Southern Tupi-Guarani > Tupi-Guarani Subgroup I > Tupi-Guarani Subgroup I.A > Paraguay-Brazil Guarani,Tupian,Paraguayan Guaraní,gug_Latn,997,106609,136756,1.2828,106.9298,4.4117,Latin,Alphabet,1,1 byte,,
guj,Gujr,guja1252,Gujarati,,Indo-European,Classical Indo-European,Indo-Iranian,Indo-European > Classical Indo-European > Indo-Iranian > Indo-Aryan > Middle-Modern Indo-Aryan > Continental Indo-Aryan > Midlands Indo-Aryan > Apabhramsic > Gujarati-Rajasthani > Gujaratic,Indo-European > Indo-Iranian > Indo-Aryan > Middle-Modern Indo-Aryan > Continental Indo-Aryan > Midlands Indo-Aryan > Apabhramsic,Gujarati,guj_Gujr,997,88282,314723,3.565,88.5476,3.6533,Gujarati,Abugida,3,3 bytes,20627706,20505300
hat,Latn,hait1244,Haitian Creole,,Indo-European,Classical Indo-European,Italic,Indo-European > Classical Indo-European > Italic > Latino-Faliscan > Latinic > Imperial Latin > Romance > Italo-Western Romance > Western Romance > Shifted Western Romance > Northwestern Shifted Romance > Gallo-Rhaetian > Oil > Central Oil > Macro-French > Circum-Caribbean French,Indo-European > Italic > Italo-Western Romance > Western Romance > Shifted Western Romance > Northwestern Shifted Romance > Gallo-Rhaetian > Circum-Caribbean French,Haitian Creole,hat_Latn,997,97665,118826,1.2167,97.9589,4.0416,Latin,Alphabet,1,1 byte,3318663,3308474
hau,Latn,haus1257,Hausa,,Afro-Asiatic,Chadic,West Chadic,Afro-Asiatic > Chadic > West Chadic > West Chadic A > West Chadic A.1,Afro-Asiatic > Chadic,Hausa,hau_Latn,997,107483,137707,1.2812,107.8064,4.4479,Latin,Alphabet,1,1 byte,4487502,4460085
heb,Hebr,hebr1245,Hebrew,,Afro-Asiatic,Semitic,West Semitic,Afro-Asiatic > Semitic > West Semitic > Central Semitic > Northwest Semitic > Canaanite > Hebrewic,Afro-Asiatic > Semitic > Central Semitic > Northwest Semitic,Hebrew,heb_Hebr,997,78200,174464,2.231,78.4353,3.2361,Hebrew,Abjad,2,2 bytes,461968429,458572341
hin,Deva,hind1269,Hindi,,Indo-European,Classical Indo-European,Indo-Iranian,Indo-European > Classical Indo-European > Indo-Iranian > Indo-Aryan > Middle-Modern Indo-Aryan > Continental Indo-Aryan > Midlands Indo-Aryan > Shaurasenic > Indo-Aryan Central zone > Western Hindi > Hindustani,Indo-European > Indo-Iranian > Indo-Aryan > Middle-Modern Indo-Aryan > Continental Indo-Aryan > Midlands Indo-Aryan > Shaurasenic > Indo-Aryan Central zone,Hindi,hin_Deva,997,76179,322253,4.2302,76.4082,3.1525,Devanagari,Abugida,3,3 bytes,297818592,296664138
hne,Deva,chha1249,Chhattisgarhi,,Indo-European,Classical Indo-European,Indo-Iranian,Indo-European > Classical Indo-European > Indo-Iranian > Indo-Aryan > Middle-Modern Indo-Aryan > Continental Indo-Aryan > Midlands Indo-Aryan > Shaurasenic > Eastern Hindi,Indo-European > Indo-Iranian > Indo-Aryan > Middle-Modern Indo-Aryan > Continental Indo-Aryan > Midlands Indo-Aryan > Shaurasenic > Eastern Hindi,Chhattisgarhi,hne_Deva,997,77748,310580,3.9947,77.9819,3.2174,Devanagari,Abugida,3,3 bytes,,
hrv,Latn,croa1245,Croatian,,Indo-European,Classical Indo-European,Balto-Slavic,Indo-European > Classical Indo-European > Balto-Slavic > Slavic > South Slavic > Western South Slavic > Serbian-Croatian-Bosnian > Shtokavski > New Shtokavian > Eastern Herzegovinian Shtokavian,Indo-European > Balto-Slavic > Slavic > South Slavic > Western South Slavic > Serbian-Croatian-Bosnian,Croatian,hrv_Latn,997,62050,127130,2.0488,62.2367,2.5678,Latin,Alphabet,1,1 byte,398007249,395925092
hun,Latn,hung1274,Hungarian,,Uralic,Hungaric,,Uralic > Hungaric,Uralic > Hungaric,Hungarian,hun_Latn,997,56566,144968,2.5628,56.7362,2.3408,Latin,Alphabet,1,1 byte,1075637261,1069342197
hye,Armn,nucl1235,Armenian,,Indo-European,Classical Indo-European,Armenic,Indo-European > Classical Indo-European > Armenic > Eastern-Western Armenian,Indo-European > Armenic,Armenian,hye_Armn,997,117766,257750,2.1887,118.1204,4.8734,Armenian,Alphabet,2,2 bytes,65590629,65263010
ibo,Latn,nucl1417,Igbo,,Atlantic-Congo,Volta-Congo,Benue-Congo,Atlantic-Congo > Volta-Congo > Benue-Congo > Igboid > Nuclear Igboid > Central-Northern Igbo,Atlantic-Congo > Volta-Congo > Benue-Congo > Igboid,Igbo,ibo_Latn,997,117074,149769,1.2793,117.4263,4.8448,Latin,Alphabet,1,1 byte,1053902,1050050
ilo,Latn,ilok1237,Ilocano,,Austronesian,Malayo-Polynesian,Northern Luzon,Austronesian > Malayo-Polynesian > Northern Luzon,Austronesian > Northern Luzon,Ilocano,ilo_Latn,997,106210,152021,1.4313,106.5296,4.3952,Latin,Alphabet,1,1 byte,,
ind,Latn,indo1316,Indonesian,,Austronesian,Malayo-Polynesian,Malayo-Chamic,Austronesian > Malayo-Polynesian > Malayo-Chamic > Malayic > Nuclear Malayic > Standard Malay-Indonesian,Austronesian > Malayo-Chamic > Malayic > Standard Malay-Indonesian,Indonesian,ind_Latn,997,47653,136386,2.8621,47.7964,1.972,Latin,Alphabet,1,1 byte,1734815027,1724070898
isl,Latn,icel1247,Icelandic,,Indo-European,Classical Indo-European,Germanic,Indo-European > Classical Indo-European > Germanic > Northwest Germanic > North Germanic > West Scandinavian > Icelandic-Faroese,Indo-European > Germanic > North Germanic > West Scandinavian > Icelandic-Faroese,Icelandic,isl_Latn,997,112197,137283,1.2236,112.5346,4.643,Latin,Alphabet,1,1 byte,77405745,76854819
ita,Latn,ital1282,Italian,,Indo-European,Classical Indo-European,Italic,Indo-European > Classical Indo-European > Italic > Latino-Faliscan > Latinic > Imperial Latin > Romance > Italo-Western Romance > Italo-Dalmatian > Italian Romance > Central Italian Romance,Indo-European > Italic > Italo-Western Romance > Italo-Dalmatian > Italian Romance > Central Italian Romance,Italian,ita_Latn,997,40961,148188,3.6178,41.0843,1.6951,Latin,Alphabet,1,1 byte,4769480161,4737665600
jav,Latn,java1254,Javanese,,Austronesian,Malayo-Polynesian,Javanesic,Austronesian > Malayo-Polynesian > Javanesic > Modern Javanese > Global Javanese,Austronesian > Javanesic,Javanese,jav_Latn,997,83935,130556,1.5554,84.1876,3.4734,Latin,Alphabet,1,1 byte,4250233,4240636
jpn,Jpan,nucl1643,Japanese,,Japonic,Japanesic,Japan-Taiwan Japanese,Japonic > Japanesic > Japan-Taiwan Japanese,Japonic,Japanese,jpn_Jpan,997,45093,160048,3.5493,45.2287,1.866,Japanese,Logographic,3,3 bytes,9870174960,9822995554
kab,Latn,kaby1243,Kabyle,,Afro-Asiatic,Berber,Kabyle-Atlas Berber,Afro-Asiatic > Berber > Kabyle-Atlas Berber,Afro-Asiatic > Berber > Kabyle-Atlas Berber,Kabyle,kab_Latn,997,117063,132753,1.134,117.4152,4.8443,Latin,Alphabet,1,1 byte,,
kac,Latn,kach1280,Jingpho,,Sino-Tibetan,Brahmaputran,Jingpho-Luish,Sino-Tibetan > Brahmaputran > Jingpho-Luish > Jingpho,Sino-Tibetan > Brahmaputran > Jingpho-Luish,Jingpho,kac_Latn,997,112019,158191,1.4122,112.3561,4.6356,Latin,Alphabet,1,1 byte,,
kam,Latn,kamb1297,Kamba,,Atlantic-Congo,Volta-Congo,Benue-Congo,Atlantic-Congo > Volta-Congo > Benue-Congo > Bantoid > Southern Bantoid > Narrow Bantu > East Bantu > Northeast Savanna Bantu > Central Kenya Bantu > Kamba-Dhaisu,Atlantic-Congo > Volta-Congo > Benue-Congo > Bantoid > East Bantu > Northeast Savanna Bantu > Central Kenya Bantu > Kamba-Dhaisu,Kamba,kam_Latn,997,99916,127523,1.2763,100.2166,4.1347,Latin,Alphabet,1,1 byte,,
kan,Knda,nucl1305,Kannada,,Dravidian,South Dravidian,South Dravidian I,Dravidian > South Dravidian > South Dravidian I > Tamil-Kannada > Badaga-Kannada > Kannadoid > Nuclear Kannaoid,Dravidian > South Dravidian I > Badaga-Kannada,Kannada,kan_Knda,997,94953,357459,3.7646,95.2387,3.9294,Kannada,Abugida,3,3 bytes,23282397,23203388
kas,Arab,kash1277,Kashmiri (Arabic script),,Indo-European,Classical Indo-European,Indo-Iranian,Indo-European > Classical Indo-European > Indo-Iranian > Indo-Aryan > Middle-Modern Indo-Aryan > Eastern Dardic > Kashmiric,Indo-European > Indo-Iranian > Indo-Aryan > Middle-Modern Indo-Aryan > Eastern Dardic > Kashmiric,Kashmiri (Arabic),kas_Arab,997,92640,216843,2.3407,92.9188,3.8336,Arabic,Abjad,2,2 bytes,6537,6503
kas,Deva,kash1277,Kashmiri (Devanagari script),,Indo-European,Classical Indo-European,Indo-Iranian,Indo-European > Classical Indo-European > Indo-Iranian > Indo-Aryan > Middle-Modern Indo-Aryan > Eastern Dardic > Kashmiric,Indo-European > Indo-Iranian > Indo-Aryan > Middle-Modern Indo-Aryan > Eastern Dardic > Kashmiric,Kashmiri (Devanagari),kas_Deva,997,81205,302085,3.72,81.4493,3.3604,Devanagari,Abugida,3,3 bytes,6537,6503
kat,Geor,nucl1302,Georgian,,Kartvelian,Georgian-Zan,Georgic,Kartvelian > Georgian-Zan > Georgic,Kartvelian,Georgian,kat_Geor,997,113798,372658,3.2747,114.1404,4.7092,Georgian,Alphabet,2,2 bytes,79782785,79423527
kaz,Cyrl,kaza1248,Kazakh,,Turkic,Common Turkic,Kipchak-Turkestan,Turkic > Common Turkic > Kipchak-Turkestan > Kipchak > Southeast Kipchak > South Kipchak,Turkic > Common Turkic > Kipchak-Turkestan > Kipchak > Southeast Kipchak > South Kipchak,Kazakh,kaz_Cyrl,997,96318,236955,2.4601,96.6078,3.9858,Cyrillic,Alphabet,2,2 bytes,49599181,49321690
kbp,Latn,kabi1261,Kabiyè,,Atlantic-Congo,Volta-Congo,North Volta-Congo,Atlantic-Congo > Volta-Congo > North Volta-Congo > Gur > Central Gur > Southern Central Gur > Grusi > East-West Grusi > Eastern Grusi > Kabiyeic,Atlantic-Congo > Volta-Congo > North Volta-Congo > Gur > Southern Central Gur,Kabiyè,kbp_Latn,997,148423,173445,1.1686,148.8696,6.1421,Latin,Alphabet,1,1 byte,,
kea,Latn,kabu1256,Kabuverdianu,,Indo-European,Classical Indo-European,Italic,Indo-European > Classical Indo-European > Italic > Latino-Faliscan > Latinic > Imperial Latin > Romance > Italo-Western Romance > Western Romance > Shifted Western Romance > Southwestern Shifted Romance > West Ibero-Romance > Galician Romance > Macro-Portuguese > Upper Guinea Portuguese,Indo-European > Italic > Italo-Western Romance > Western Romance > Shifted Western Romance > Southwestern Shifted Romance > West Ibero-Romance > Galician Romance > Macro-Portuguese > Upper Guinea Portuguese,Kabuverdianu,kea_Latn,997,84659,127590,1.5071,84.9137,3.5034,Latin,Alphabet,1,1 byte,,
khk,Cyrl,halh1238,Halh Mongolian (Cyrillic script),,Mongolic-Khitan,Mongolic,Eastern Mongolic,Mongolic-Khitan > Mongolic > Eastern Mongolic > Khalkha-Buriat > Mongolian,Mongolic-Khitan,Halh Mongolian (Cyrillic),khk_Cyrl,997,93884,241785,2.5754,94.1665,3.8851,Cyrillic,Alphabet,2,2 bytes,,
khm,Khmr,cent1989,Khmer (Central),,Austroasiatic,Khmeric,,Austroasiatic > Khmeric,Austroasiatic > Khmeric,Khmer,khm_Khmr,997,131592,427210,3.2465,131.988,5.4456,Khmer,Abugida,3,3 bytes,18592345,18501397
kik,Latn,kiku1240,Kikuyu,,Atlantic-Congo,Volta-Congo,Benue-Congo,Atlantic-Congo > Volta-Congo > Benue-Congo > Bantoid > Southern Bantoid > Narrow Bantu > East Bantu > Northeast Savanna Bantu > Central Kenya Bantu > Gikuyu-Temi,Atlantic-Congo > Volta-Congo > Benue-Congo > Bantoid > East Bantu > Northeast Savanna Bantu > Central Kenya Bantu > Gikuyu-Temi,Kikuyu,kik_Latn,997,134756,163569,1.2138,135.1615,5.5765,Latin,Alphabet,1,1 byte,,
kin,Latn,kiny1244,Kinyarwanda,,Atlantic-Congo,Volta-Congo,Benue-Congo,Atlantic-Congo > Volta-Congo > Benue-Congo > Bantoid > Southern Bantoid > Narrow Bantu > East Bantu > Northeast Savanna Bantu > Great Lakes Bantu > Western Lakes Bantu > Kivu > West Highlands Kivu,Atlantic-Congo > Volta-Congo > Benue-Congo > Bantoid > East Bantu > Northeast Savanna Bantu > Great Lakes Bantu > Western Lakes Bantu,Kinyarwanda,kin_Latn,997,111694,143205,1.2821,112.0301,4.6221,Latin,Alphabet,1,1 byte,3922986,3902109
kir,Cyrl,kirg1245,Kyrgyz,,Turkic,Common Turkic,Kipchak-Turkestan,Turkic > Common Turkic > Kipchak-Turkestan > Kipchak > Southeast Kipchak > East Kipchak,Turkic > Common Turkic > Kipchak-Turkestan > Kipchak > Southeast Kipchak > East Kipchak,Kyrgyz,kir_Cyrl,997,86079,235680,2.738,86.338,3.5621,Cyrillic,Alphabet,2,2 bytes,13210321,13166423
kjh,Cyrl,khak1248,Khakas,,Turkic,Common Turkic,South Siberian Turkic,Turkic > Common Turkic > South Siberian Turkic > Sayan-Yenisei Turkic > Yenisey Turkic,Turkic > Common Turkic > South Siberian Turkic > Yenisey Turkic,Khakas,kjh_Cyrl,997,91069,251751,2.7644,91.343,3.7686,Cyrillic,Alphabet,2,2 bytes,,
kmb,Latn,kimb1241,Kimbundu,,Atlantic-Congo,Volta-Congo,Benue-Congo,Atlantic-Congo > Volta-Congo > Benue-Congo > Bantoid > Southern Bantoid > Narrow Bantu > Central-Western Bantu > Njila > Northern Njila > Mbundu (H.20),Atlantic-Congo > Volta-Congo > Benue-Congo > Bantoid > Central-Western Bantu > Njila > Northern Njila,Kimbundu,kmb_Latn,997,103977,139665,1.3432,104.2899,4.3028,Latin,Alphabet,1,1 byte,,
kmr,Latn,nort2641,Northern Kurdish,,Indo-European,Classical Indo-European,Indo-Iranian,Indo-European > Classical Indo-European > Indo-Iranian > Iranian-Nuristani > Iranian > Central Iranian PBS > Central Iranian PB > Northwestern Iranian > Laki-Kurdish > Kurdish,Indo-European > Indo-Iranian > Iranian-Nuristani > Central Iranian PBS,Northern Kurdish,kmr_Latn,997,118515,138907,1.1721,118.8716,4.9044,Latin,Alphabet,1,1 byte,12098280,12051123
knc,Arab,cent2050,Central Kanuri (Arabic script),,Saharan,Western Saharan,Kanuri-Kanembu,Saharan > Western Saharan > Kanuri-Kanembu > Kanuric > East Kanuri,Saharan,Central Kanuri (Arabic),knc_Arab,997,67867,201126,2.9635,68.0712,2.8085,Arabic,Abjad,2,2 bytes,,
knc,Latn,cent2050,Central Kanuri (Latin script),,Saharan,Western Saharan,Kanuri-Kanembu,Saharan > Western Saharan > Kanuri-Kanembu > Kanuric > East Kanuri,Saharan,Central Kanuri (Latin),knc_Latn,997,111989,139286,1.2437,112.326,4.6344,Latin,Alphabet,1,1 byte,,
kor,Hang,kore1280,Korean,,Koreanic,,,Koreanic,Koreanic,Korean,kor_Hang,997,42916,150918,3.5166,43.0451,1.776,Hangul,Alphabet,3,3 bytes,1405630472,1399528315
ktu,Latn,kitu1246,Kituba (DRC),,Atlantic-Congo,Volta-Congo,Benue-Congo,Atlantic-Congo > Volta-Congo > Benue-Congo > Bantoid > Southern Bantoid > Narrow Bantu > Central-Western Bantu > West-Coastal Bantu > Nzadic > Lweric > Dingic > Loange-Atlantic > KLC Extended > Kikongo Language Cluster > Nuclear KLC > Kikongoic > Kambakunyic Kikongo > Kilaadic Kikongo > Central-Southern Kikongo > Southeastern Kikongo > Southern Kikongo > Koongo-Kituba,Atlantic-Congo > Volta-Congo > Benue-Congo > Bantoid > Central-Western Bantu > West-Coastal Bantu,Kanuri (Latin),ktu_Latn,997,98019,142987,1.4588,98.3139,4.0562,Latin,Alphabet,1,1 byte,,
lao,Laoo,laoo1244,Lao,,Tai-Kadai,Kam-Tai,Daic-Beic,Tai-Kadai > Kam-Tai > Daic-Beic > Daic > Central-Southwestern Tai > Wenma-Southwestern Tai > Sapa-Southwestern Tai > Southwestern Tai > Southwestern Thai PH > Lao-Thai,Tai-Kadai > Southwestern Thai PH,Lao,lao_Laoo,997,115578,344878,2.9839,115.9258,4.7829,Lao,Abugida,3,3 bytes,6916724,6876348
lij,Latn,geno1240,Ligurian (Genoese),,Indo-European,Classical Indo-European,Italic,Indo-European > Classical Indo-European > Italic > Latino-Faliscan > Latinic > Imperial Latin > Romance > Italo-Western Romance > Western Romance > Shifted Western Romance > Northwestern Shifted Romance > Gallo-Italian > Ligurian,Indo-European > Italic > Italo-Western Romance > Western Romance > Shifted Western Romance > Northwestern Shifted Romance > Gallo-Italian > Ligurian,Ligurian,lij_Latn,997,78124,146052,1.8695,78.3591,3.2329,Latin,Alphabet,1,1 byte,,
lim,Latn,limb1263,Limburgish,,Indo-European,Classical Indo-European,Germanic,Indo-European > Classical Indo-European > Germanic > Northwest Germanic > West Germanic > High German > Middle German > West Middle German > Middle Franconian > Ripuarian,Indo-European > Germanic > West Germanic > High German > Middle German > West Middle German > Ripuarian,Limburgish,lim_Latn,997,79378,133846,1.6862,79.6169,3.2848,Latin,Alphabet,1,1 byte,,
lin,Latn,ling1263,Lingala,,Atlantic-Congo,Volta-Congo,Benue-Congo,Atlantic-Congo > Volta-Congo > Benue-Congo > Bantoid > Southern Bantoid > Narrow Bantu > Central-Western Bantu > North Zaire River > Rivers Bantu > Ngiri > Ngiri Riverain Ubangi > Ngiri Riverain Ubangi-Ripuaire > Bobangic > Bobangic Riverain > Bobangi-Bangala-Lingala > Lingala-Bangala,Atlantic-Congo > Volta-Congo > Benue-Congo > Bantoid > Central-Western Bantu > North Zaire River,Lingala,lin_Latn,997,96069,135557,1.411,96.3581,3.9755,Latin,Alphabet,1,1 byte,501902,498891
lit,Latn,lith1251,Lithuanian,,Indo-European,Classical Indo-European,Balto-Slavic,Indo-European > Classical Indo-European > Balto-Slavic > Eastern Baltic,Indo-European > Balto-Slavic > Eastern Baltic,Lithuanian,lit_Latn,997,108035,134578,1.2457,108.3601,4.4707,Latin,Alphabet,1,1 byte,340817538,338435623
lld,Latn,ladi1250,Ladin (Val Badia),,Indo-European,Classical Indo-European,Italic,Indo-European > Classical Indo-European > Italic > Latino-Faliscan > Latinic > Imperial Latin > Romance > Italo-Western Romance > Italo-Dalmatian > Italian Romance,Indo-European > Italic > Italo-Western Romance > Italo-Dalmatian > Italian Romance,Ladin,lld_Latn,997,93308,137633,1.475,93.5888,3.8613,Latin,Alphabet,1,1 byte,,
lld,Latn,gard1241,Ladin (Gherdëina),,Indo-European,Classical Indo-European,Italic,Indo-European > Classical Indo-European > Italic > Latino-Faliscan > Latinic > Imperial Latin > Romance > Italo-Western Romance > Italo-Dalmatian > Italian Romance > Ladin,Indo-European > Italic > Italo-Western Romance > Italo-Dalmatian > Italian Romance > Ladin,Ladin (Gardena),lld_Latn_gard1241,997,94700,138244,1.4598,94.985,3.9189,Latin,Alphabet,1,1 byte,,
lmo,Latn,lomb1257,Lombard,[1],Indo-European,Classical Indo-European,Italic,Indo-European > Classical Indo-European > Italic > Latino-Faliscan > Latinic > Imperial Latin > Romance > Italo-Western Romance > Western Romance > Shifted Western Romance > Northwestern Shifted Romance > Gallo-Italian > Piemontese-Lombard,Indo-European > Italic > Italo-Western Romance > Western Romance > Shifted Western Romance > Northwestern Shifted Romance > Gallo-Italian > Piemontese-Lombard,Lombard,lmo_Latn,997,87793,145484,1.6571,88.0572,3.6331,Latin,Alphabet,1,1 byte,,
ltg,Latn,east2282,Latgalian,,Indo-European,Classical Indo-European,Balto-Slavic,Indo-European > Classical Indo-European > Balto-Slavic > Eastern Baltic > Latvian,Indo-European > Balto-Slavic > Eastern Baltic > Latvian,Latgalian,ltg_Latn,997,109559,131761,1.2026,109.8887,4.5338,Latin,Alphabet,1,1 byte,,
ltz,Latn,luxe1241,Luxembourgish,,Indo-European,Classical Indo-European,Germanic,Indo-European > Classical Indo-European > Germanic > Northwest Germanic > West Germanic > High German > Middle German > West Middle German > Middle Franconian,Indo-European > Germanic > West Germanic > High German > Middle German > West Middle German,Luxembourgish,ltz_Latn,997,90580,144824,1.5989,90.8526,3.7484,Latin,Alphabet,1,1 byte,7189640,7155303
lua,Latn,luba1249,Luba-Kasai,,Atlantic-Congo,Volta-Congo,Benue-Congo,Atlantic-Congo > Volta-Congo > Benue-Congo > Bantoid > Southern Bantoid > Narrow Bantu > Central-Western Bantu > Luban > Luba-Kaonde > Lubaic > Bangubangu-Kasai,Atlantic-Congo > Volta-Congo > Benue-Congo > Bantoid > Central-Western Bantu > Luban,Luba-Kasai,lua_Latn,997,97706,134901,1.3807,98.0,4.0433,Latin,Alphabet,1,1 byte,,
lug,Latn,gand1255,Ganda,,Atlantic-Congo,Volta-Congo,Benue-Congo,Atlantic-Congo > Volta-Congo > Benue-Congo > Bantoid > Southern Bantoid > Narrow Bantu > East Bantu > Northeast Savanna Bantu > Great Lakes Bantu > West Nyanza > North Nyanza,Atlantic-Congo > Volta-Congo > Benue-Congo > Bantoid > East Bantu > Northeast Savanna Bantu > Great Lakes Bantu > West Nyanza,Ganda,lug_Latn,997,101861,129453,1.2709,102.1675,4.2152,Latin,Alphabet,1,1 byte,370540,368633
luo,Latn,luok1236,Luo,,Nilotic,Western Nilotic,Lwoo,Nilotic > Western Nilotic > Lwoo > Southern Lwoo > Adhola-Alur-Luo > Adhola-Luo,Nilotic > Lwoo,Luo,luo_Latn,997,101516,131934,1.2996,101.8215,4.201,Latin,Alphabet,1,1 byte,,
lus,Latn,lush1249,Mizo,,Sino-Tibetan,Kuki-Chin-Naga,Kuki-Chin,Sino-Tibetan > Kuki-Chin-Naga > Kuki-Chin > Central Kuki-Chin > Core Central Kuki-Chin > Mizoic,Sino-Tibetan > Kuki-Chin-Naga > Kuki-Chin,Mizo,lus_Latn,997,100436,136932,1.3634,100.7382,4.1563,Latin,Alphabet,1,1 byte,,
lvs,Latn,stan1325,Standard Latvian,,Indo-European,Classical Indo-European,Balto-Slavic,Indo-European > Classical Indo-European > Balto-Slavic > Eastern Baltic > Latvian > Low Latvian,Indo-European > Balto-Slavic > Eastern Baltic > Latvian > Low Latvian,Latvian,lvs_Latn,997,114060,140378,1.2307,114.4032,4.7201,Latin,Alphabet,1,1 byte,187747266,186329970
mag,Deva,maga1260,Magahi,,Indo-European,Classical Indo-European,Indo-Iranian,Indo-European > Classical Indo-European > Indo-Iranian > Indo-Aryan > Middle-Modern Indo-Aryan > Continental Indo-Aryan > Midlands Indo-Aryan > Shaurasenic > Bihari > Magadhan,Indo-European > Indo-Iranian > Indo-Aryan > Middle-Modern Indo-Aryan > Continental Indo-Aryan > Midlands Indo-Aryan > Shaurasenic > Bihari,Magahi,mag_Deva,997,76718,310320,4.0449,76.9488,3.1748,Devanagari,Abugida,3,3 bytes,,
mai,Deva,mait1250,Maithili,,Indo-European,Classical Indo-European,Indo-Iranian,Indo-European > Classical Indo-European > Indo-Iranian > Indo-Aryan > Middle-Modern Indo-Aryan > Continental Indo-Aryan > Midlands Indo-Aryan > Shaurasenic > Bihari > Magadhan,Indo-European > Indo-Iranian > Indo-Aryan > Middle-Modern Indo-Aryan > Continental Indo-Aryan > Midlands Indo-Aryan > Shaurasenic > Bihari,Maithili,mai_Deva,997,82111,318194,3.8752,82.3581,3.3979,Devanagari,Abugida,3,3 bytes,,
mal,Mlym,mala1464,Malayalam,,Dravidian,South Dravidian,South Dravidian I,Dravidian > South Dravidian > South Dravidian I > Tamil-Kannada > Tamil-Kota > Tamil-Toda > Tamil-Irula > Tamil-Kodagu > Tamil-Malayalam > Malayalamoid,Dravidian > South Dravidian I > Tamil-Kota > Malayalamoid,Malayalam,mal_Mlym,997,99465,391356,3.9346,99.7643,4.1161,Malayalam,Abugida,3,3 bytes,42323749,42163531
mar,Deva,mara1378,Marathi,,Indo-European,Classical Indo-European,Indo-Iranian,Indo-European > Classical Indo-European > Indo-Iranian > Indo-Aryan > Middle-Modern Indo-Aryan > Continental Indo-Aryan > Indo-Aryan Southern zone > Marathic > Marathi-Konkani > Old-Modern Marathi > Modern Marathi,Indo-European > Indo-Iranian > Indo-Aryan > Middle-Modern Indo-Aryan > Continental Indo-Aryan > Indo-Aryan Southern zone > Old-Modern Marathi,Marathi,mar_Deva,997,83476,335677,4.0212,83.7272,3.4544,Devanagari,Abugida,3,3 bytes,39315064,39068391
mfe,Latn,mori1278,Mauritian Creole,,Indo-European,Classical Indo-European,Italic,Indo-European > Classical Indo-European > Italic > Latino-Faliscan > Latinic > Imperial Latin > Romance > Italo-Western Romance > Western Romance > Shifted Western Romance > Northwestern Shifted Romance > Gallo-Rhaetian > Oil > Central Oil > Macro-French > Isle-de-France Creole,Indo-European > Italic > Italo-Western Romance > Western Romance > Shifted Western Romance > Northwestern Shifted Romance > Gallo-Rhaetian > Isle-de-France Creole,Morisyen,mfe_Latn,997,89745,117892,1.3136,90.015,3.7138,Latin,Alphabet,1,1 byte,234376,233209
mhr,Cyrl,gras1239,Meadow Mari,,Uralic,Mari,Eastern Mari,Uralic > Mari > Eastern Mari,Uralic > Mari,Eastern Mari,mhr_Cyrl,997,73359,241034,3.2857,73.5797,3.0358,Cyrillic,Alphabet,2,2 bytes,,
min,Arab,mina1268,Minangkabau (Jawi script),,Austronesian,Malayo-Polynesian,Malayo-Chamic,Austronesian > Malayo-Polynesian > Malayo-Chamic > Malayic > Nuclear Malayic > Northern Sumatra Malay > Kerinci-Minangkabau > Minangkabauic,Austronesian > Malayo-Chamic > Malayic > Northern Sumatra Malay,Minangkabau (Arabic),min_Arab,997,82706,218096,2.637,82.9549,3.4226,Arabic,Abjad,2,2 bytes,,
min,Latn,mina1268,Minangkabau (Latin script),,Austronesian,Malayo-Polynesian,Malayo-Chamic,Austronesian > Malayo-Polynesian > Malayo-Chamic > Malayic > Nuclear Malayic > Northern Sumatra Malay > Kerinci-Minangkabau > Minangkabauic,Austronesian > Malayo-Chamic > Malayic > Northern Sumatra Malay,Minangkabau (Latin),min_Latn,997,77407,133317,1.7223,77.6399,3.2033,Latin,Alphabet,1,1 byte,,
mkd,Cyrl,mace1250,Macedonian,,Indo-European,Classical Indo-European,Balto-Slavic,Indo-European > Classical Indo-European > Balto-Slavic > Slavic > South Slavic > Eastern South Slavic > Macedo-Bulgarian,Indo-European > Balto-Slavic > Slavic > South Slavic > Eastern South Slavic,Macedonian,mkd_Cyrl,997,36866,237676,6.447,36.9769,1.5256,Cyrillic,Alphabet,2,2 bytes,60622784,60352079
mlt,Latn,malt1254,Maltese,,Afro-Asiatic,Semitic,West Semitic,Afro-Asiatic > Semitic > West Semitic > Central Semitic > Arabian > Arabic > North African Arabic > Western Middle Arabic > Maghrebi > Malta-Tunisian Arabic,Afro-Asiatic > Semitic > Central Semitic > Arabian > North African Arabic > Malta-Tunisian Arabic,Maltese,mlt_Latn,997,120218,145371,1.2092,120.5797,4.9749,Latin,Alphabet,1,1 byte,6964896,6886190
mni,Beng,mani1292,"Meitei (Manipuri, Bengali script)",,Sino-Tibetan,Kuki-Chin-Naga,,Sino-Tibetan > Kuki-Chin-Naga,Sino-Tibetan > Kuki-Chin-Naga,Meitei (Bengali),mni_Beng,997,91971,347444,3.7778,92.2477,3.806,Bengali,Abugida,3,3 bytes,,
mni,Mtei,mani1292,"Meitei (Manipuri, Meitei script)",dev only,Sino-Tibetan,Kuki-Chin-Naga,,Sino-Tibetan > Kuki-Chin-Naga,Sino-Tibetan > Kuki-Chin-Naga,Meitei (Meitei Mayek),mni_Mtei,997,130403,323782,2.4829,130.7954,5.3964,Meitei,Abugida,3,3 bytes,,
mos,Latn,moss1236,Mossi,,Atlantic-Congo,Volta-Congo,North Volta-Congo,Atlantic-Congo > Volta-Congo > North Volta-Congo > Gur > Central Gur > Northern Central Gur > Bwamu-Oti-Volta > Oti-Volta > Nuclear Oti-Volta > Gurma-Yom-Oti-Volta Occidental > Oti-Volta Occidental > Nuclear Oti-Volta Occidental > Northwest Oti-Volta > Mossi-Farefare > Mossic,Atlantic-Congo > Volta-Congo > North Volta-Congo > Gur > Northern Central Gur,Mossi,mos_Latn,997,107610,130902,1.2164,107.9338,4.4531,Latin,Alphabet,1,1 byte,,
mri,Latn,maor1246,Maori,,Austronesian,Malayo-Polynesian,Eastern Malayo-Polynesian,Austronesian > Malayo-Polynesian > Eastern Malayo-Polynesian > Oceanic > Central Pacific linkage > Tokalau Fijian > Polynesian > Nuclear Polynesian > Northern Outlier Polynesian-East Polynesian > Solomons Northern Outlier Polynesian-East Polynesian > Central Northern Outlier Polynesian-East Polynesian > East Polynesian > East Polynesian Proximal > Southern East Polynesian Proximal > Maoric,Austronesian > Eastern Malayo-Polynesian > Polynesian > Northern Outlier Polynesian-East Polynesian,Māori,mri_Latn,997,103576,145173,1.4016,103.8877,4.2862,Latin,Alphabet,1,1 byte,2267801,2252745
mya,Mymr,nucl1310,Burmese,,Sino-Tibetan,Burmo-Qiangic,Lolo-Burmese,Sino-Tibetan > Burmo-Qiangic > Lolo-Burmese > Burmish > Southern Burmish > Mranmaic > Nuclear Mranmaic,Sino-Tibetan > Burmo-Qiangic,Burmese,mya_Mymr,997,138500,443775,3.2042,138.9168,5.7314,Burmese,Abugida,3,3 bytes,23624930,23532659
myv,Cyrl,erzy1239,Erzya,,Uralic,Mordvin,,Uralic > Mordvin,Uralic > Mordvin,Erzya,myv_Cyrl,997,64028,248513,3.8813,64.2207,2.6496,Cyrillic,Alphabet,2,2 bytes,,
nld,Latn,dutc1256,Dutch,,Indo-European,Classical Indo-European,Germanic,Indo-European > Classical Indo-European > Germanic > Northwest Germanic > West Germanic > Macro-Dutch > Middle-Modern Dutch > Modern Dutch > Global Dutch,Indo-European > Germanic > West Germanic > Macro-Dutch,Dutch,nld_Latn,997,47162,139278,2.9532,47.3039,1.9517,Latin,Alphabet,1,1 byte,3610577463,3581120841
nno,Latn,norw1262,Norwegian Nynorsk,,Indo-European,Classical Indo-European,Germanic,Indo-European > Classical Indo-European > Germanic > Northwest Germanic > North Germanic > West Scandinavian > Norwegian,Indo-European > Germanic > North Germanic > West Scandinavian > Norwegian,Norwegian Nynorsk,nno_Latn,997,62119,130560,2.1018,62.3059,2.5706,Latin,Alphabet,1,1 byte,32531797,32290890
nob,Latn,norw1259,"Norwegian Bokmål, moderate variety",,Indo-European,Classical Indo-European,Germanic,Indo-European > Classical Indo-European > Germanic > Northwest Germanic > North Germanic > West Scandinavian > Norwegian,Indo-European > Germanic > North Germanic > West Scandinavian > Norwegian,Norwegian Bokmål,nob_Latn,997,54701,127253,2.3263,54.8656,2.2636,Latin,Alphabet,1,1 byte,649813400,644493173
nob,Latn,norw1259 (with variant=radical),"Norwegian Bokmål, radical variety",,Indo-European,Classical Indo-European,Germanic,Indo-European > Classical Indo-European > Germanic > Northwest Germanic > North Germanic > West Scandinavian > Norwegian,Indo-European > Germanic > North Germanic > West Scandinavian > Norwegian,Norwegian Bokmål (Radical),nob_Latn_radical,997,55773,127125,2.2793,55.9408,2.308,Latin,Alphabet,1,1 byte,649813400,644493173
npi,Deva,nepa1254,Nepali,,Indo-European,Classical Indo-European,Indo-Iranian,Indo-European > Classical Indo-European > Indo-Iranian > Indo-Aryan > Middle-Modern Indo-Aryan > Continental Indo-Aryan > Midlands Indo-Aryan > Indo-Aryan Northern zone > Eastern Pahari,Indo-European > Indo-Iranian > Indo-Aryan > Middle-Modern Indo-Aryan > Continental Indo-Aryan > Midlands Indo-Aryan > Indo-Aryan Northern zone,Nepali,npi_Deva,997,79982,323081,4.0394,80.2227,3.3098,Devanagari,Abugida,3,3 bytes,,
nqo,Nkoo,nkoa1234,Nko,,Artificial Language,,,Artificial Language,Artificial Language,N'Ko,nqo_Nkoo,997,287188,288510,1.0046,288.0522,11.8845,N’Ko,Alphabet,2,2 bytes,,
nso,Latn,pedi1238,Northern Sotho,,Atlantic-Congo,Volta-Congo,Benue-Congo,Atlantic-Congo > Volta-Congo > Benue-Congo > Bantoid > Southern Bantoid > Narrow Bantu > East Bantu > Southern Bantu > Nuclear Southern Bantu > Dimsuffix Southern Bantu > Sotho-Tswana (S.30) > Northern Sotho > Sepedic,Atlantic-Congo > Volta-Congo > Benue-Congo > Bantoid > East Bantu > Southern Bantu > Nuclear Southern Bantu > Sotho-Tswana (S.30) > Northern Sotho,Northern Sotho,nso_Latn,997,116258,148215,1.2749,116.6078,4.811,Latin,Alphabet,1,1 byte,206600,205851
nus,Latn,nuer1246,Nuer,,Nilotic,Western Nilotic,Dinka-Nuer,Nilotic > Western Nilotic > Dinka-Nuer > Nuer-Reel,Nilotic > Dinka-Nuer > Nuer-Reel,Nuer,nus_Latn,997,145615,165666,1.1377,146.0532,6.0259,Latin,Alphabet,1,1 byte,,
nya,Latn,nyan1308,Nyanja,,Atlantic-Congo,Volta-Congo,Benue-Congo,Atlantic-Congo > Volta-Congo > Benue-Congo > Bantoid > Southern Bantoid > Narrow Bantu > East Bantu > Tumbuka-Sena-Nyanja > Sena-Nyanja > Nyanjaic,Atlantic-Congo > Volta-Congo > Benue-Congo > Bantoid > East Bantu > Tumbuka-Sena-Nyanja > Sena-Nyanja,Chichewa,nya_Latn,997,109161,141777,1.2988,109.4895,4.5173,Latin,Alphabet,1,1 byte,928706,925245
oci,Latn,occi1239,Occitan,,Indo-European,Classical Indo-European,Italic,Indo-European > Classical Indo-European > Italic > Latino-Faliscan > Latinic > Imperial Latin > Romance > Italo-Western Romance > Western Romance > Shifted Western Romance > Southwestern Shifted Romance > Occitanic,Indo-European > Italic > Italo-Western Romance > Western Romance > Shifted Western Romance > Southwestern Shifted Romance > Occitanic,Occitan,oci_Latn,997,56444,146870,2.602,56.6138,2.3358,Latin,Alphabet,1,1 byte,6366886,6339942
oci,Latn,aran1260,Aranese,,Indo-European,Classical Indo-European,Italic,Indo-European > Classical Indo-European > Italic > Latino-Faliscan > Latinic > Imperial Latin > Romance > Italo-Western Romance > Western Romance > Shifted Western Romance > Southwestern Shifted Romance > Occitanic > Occitan > Gascon,Indo-European > Italic > Italo-Western Romance > Western Romance > Shifted Western Romance > Southwestern Shifted Romance > Occitanic > Occitan,Aranese Occitan,oci_Latn_aran1260,997,72404,147862,2.0422,72.6219,2.9962,Latin,Alphabet,1,1 byte,6366886,6339942
ory,Orya,oriy1255,Odia,,Indo-European,Classical Indo-European,Indo-Iranian,Indo-European > Classical Indo-European > Indo-Iranian > Indo-Aryan > Middle-Modern Indo-Aryan > Continental Indo-Aryan > Indo-Aryan Eastern zone > Oriya-Gauda-Kamrupa > Macro-Oriya,Indo-European > Indo-Iranian > Indo-Aryan > Middle-Modern Indo-Aryan > Continental Indo-Aryan > Indo-Aryan Eastern zone > Macro-Oriya,Odia,ory_Orya,997,90118,345806,3.8373,90.3892,3.7293,Odia,Abugida,3,3 bytes,8341478,8321756
pag,Latn,pang1290,Pangasinan,,Austronesian,Malayo-Polynesian,Northern Luzon,Austronesian > Malayo-Polynesian > Northern Luzon > Meso-Cordilleran > South-Central Cordilleran > Southern Cordilleran > West Southern Cordilleran,Austronesian > Northern Luzon > Meso-Cordilleran,Pangasinan,pag_Latn,997,89270,126206,1.4138,89.5386,3.6942,Latin,Alphabet,1,1 byte,,
pan,Guru,panj1256,Eastern Panjabi,,Indo-European,Classical Indo-European,Indo-Iranian,Indo-European > Classical Indo-European > Indo-Iranian > Indo-Aryan > Middle-Modern Indo-Aryan > Continental Indo-Aryan > Indo-Aryan Northwestern zone > Sindhi-Lahnda > Greater Panjabic > Eastern Panjabic,Indo-European > Indo-Iranian > Indo-Aryan > Middle-Modern Indo-Aryan > Continental Indo-Aryan > Indo-Aryan Northwestern zone > Greater Panjabic,Punjabi,pan_Guru,997,97420,326052,3.3469,97.7131,4.0315,Gurmukhi,Abugida,3,3 bytes,11640973,11593313
pap,Latn,papi1253,Papiamento,,Indo-European,Classical Indo-European,Italic,Indo-European > Classical Indo-European > Italic > Latino-Faliscan > Latinic > Imperial Latin > Romance > Italo-Western Romance > Western Romance > Shifted Western Romance > Southwestern Shifted Romance > West Ibero-Romance > Galician Romance > Macro-Portuguese > Upper Guinea Portuguese,Indo-European > Italic > Italo-Western Romance > Western Romance > Shifted Western Romance > Southwestern Shifted Romance > West Ibero-Romance > Galician Romance > Macro-Portuguese > Upper Guinea Portuguese,Papiamento,pap_Latn,997,89923,135496,1.5068,90.1936,3.7212,Latin,Alphabet,1,1 byte,,
pbt,Arab,sout2649,Southern Pashto,,Indo-European,Classical Indo-European,Indo-Iranian,Indo-European > Classical Indo-European > Indo-Iranian > Iranian-Nuristani > Iranian > Pashto > Nuclear Pashto,Indo-European > Indo-Iranian > Iranian-Nuristani > Pashto,Southern Pashto,pbt_Arab,997,78630,213300,2.7127,78.8666,3.2539,Arabic,Abjad,2,2 bytes,6367306,6336284
pes,Arab,west2369,Western Persian,,Indo-European,Classical Indo-European,Indo-Iranian,Indo-European > Classical Indo-European > Indo-Iranian > Iranian-Nuristani > Iranian > Southwestern Iranian > Middle-Modern Persian > Modern Southwestern Iranian > Farsic-Caucasian Tat > Farsic,Indo-European > Indo-Iranian > Iranian-Nuristani > Southwestern Iranian,Western Persian,pes_Arab,997,76287,214646,2.8137,76.5165,3.1569,Arabic,Abjad,2,2 bytes,1271707294,1264171685
plt,Latn,plat1254,Plateau Malagasy,,Austronesian,Malayo-Polynesian,Basap-Greater Barito,Austronesian > Malayo-Polynesian > Basap-Greater Barito > Greater Barito linkage > Southeast Barito > Malagasic > North-Central Malagasic > Central-Eastern Malagasic,Austronesian > Basap-Greater Barito,Plateau Malagasy,plt_Latn,997,120868,158252,1.3093,121.2317,5.0018,Latin,Alphabet,1,1 byte,6431320,6401178
pol,Latn,poli1260,Polish,,Indo-European,Classical Indo-European,Balto-Slavic,Indo-European > Classical Indo-European > Balto-Slavic > Slavic > West Slavic > Lechitic > Polish-Silesian,Indo-European > Balto-Slavic > Slavic > West Slavic > Lechitic,Polish,pol_Latn,997,49922,141830,2.841,50.0722,2.0659,Latin,Alphabet,1,1 byte,3430605391,3408199823
por,Latn,braz1246,Portuguese (Brazilian),,Indo-European,Classical Indo-European,Italic,Indo-European > Classical Indo-European > Italic > Latino-Faliscan > Latinic > Imperial Latin > Romance > Italo-Western Romance > Western Romance > Shifted Western Romance > Southwestern Shifted Romance > West Ibero-Romance > Galician Romance > Macro-Portuguese > Brazil-Portugal Portuguese > Portuguese,Indo-European > Italic > Italo-Western Romance > Western Romance > Shifted Western Romance > Southwestern Shifted Romance > West Ibero-Romance > Galician Romance > Macro-Portuguese > Brazil-Portugal Portuguese,Portuguese,por_Latn,997,41055,139900,3.4076,41.1785,1.6989,Latin,Alphabet,1,1 byte,4099018104,4074503096
prs,Arab,dari1249,Dari,,Indo-European,Classical Indo-European,Indo-Iranian,Indo-European > Classical Indo-European > Indo-Iranian > Iranian-Nuristani > Iranian > Southwestern Iranian > Middle-Modern Persian > Modern Southwestern Iranian > Farsic-Caucasian Tat > Farsic > Eastern Farsic,Indo-European > Indo-Iranian > Iranian-Nuristani > Southwestern Iranian > Eastern Farsic,Dari,prs_Arab,997,70570,204963,2.9044,70.7823,2.9203,Arabic,Abjad,2,2 bytes,,
quy,Latn,ayac1239,Ayacucho Quechua,,Quechuan,Southern Quechua,Ayacuchan Quechua,Quechuan > Southern Quechua > Ayacuchan Quechua,Quechuan,Ayacucho Quechua,quy_Latn,997,98070,134793,1.3745,98.3651,4.0584,Latin,Alphabet,1,1 byte,,
ron,Latn,roma1327,Romanian,,Indo-European,Classical Indo-European,Italic,Indo-European > Classical Indo-European > Italic > Latino-Faliscan > Latinic > Imperial Latin > Romance > Eastern Romance > Northern Romanian > Eastern Romanian,Indo-European > Italic > Eastern Romance,Romanian,ron_Latn,997,57531,148896,2.5881,57.7041,2.3808,Latin,Alphabet,1,1 byte,1125558850,1119333515
run,Latn,rund1242,Rundi,,Atlantic-Congo,Volta-Congo,Benue-Congo,Atlantic-Congo > Volta-Congo > Benue-Congo > Bantoid > Southern Bantoid > Narrow Bantu > East Bantu > Northeast Savanna Bantu > Great Lakes Bantu > Western Lakes Bantu > Kivu > West Highlands Kivu > Rundic,Atlantic-Congo > Volta-Congo > Benue-Congo > Bantoid > East Bantu > Northeast Savanna Bantu > Great Lakes Bantu > Western Lakes Bantu > Rundic,Rundi,run_Latn,997,110509,140346,1.27,110.8415,4.5731,Latin,Alphabet,1,1 byte,172804,171267
rus,Cyrl,russ1263,Russian,,Indo-European,Classical Indo-European,Balto-Slavic,Indo-European > Classical Indo-European > Balto-Slavic > Slavic > East Slavic,Indo-European > Balto-Slavic > Slavic > East Slavic,Russian,rus_Cyrl,997,28513,252298,8.8485,28.5988,1.1799,Cyrillic,Alphabet,2,2 bytes,13473783858,13397737772
sag,Latn,sang1328,Sango,,Atlantic-Congo,Volta-Congo,North Volta-Congo,Atlantic-Congo > Volta-Congo > North Volta-Congo > Cameroun-Ubangian > Ubangi > Ngbandi-Mongoba-Kazibati > Ngbandic > Nuclear Ngbandic > Sangoic,Atlantic-Congo > Volta-Congo > North Volta-Congo > Cameroun-Ubangian,Sango,sag_Latn,997,101455,140688,1.3867,101.7603,4.1984,Latin,Alphabet,1,1 byte,363372,363127
san,Deva,sans1269,Sanskrit,,Indo-European,Classical Indo-European,Indo-Iranian,Indo-European > Classical Indo-European > Indo-Iranian > Indo-Aryan,Indo-European > Indo-Iranian > Indo-Aryan,Sanskrit,san_Deva,997,81832,333339,4.0735,82.0782,3.3864,Devanagari,Abugida,3,3 bytes,5674920,5648368
sat,Olck,sant1410,Santali,,Austroasiatic,Mundaic,North Munda,Austroasiatic > Mundaic > North Munda > Kherwarian > Santalic,Austroasiatic > Mundaic,Santali,sat_Olck,997,125145,352168,2.8141,125.5216,5.1788,Ol Chiki,Abugida,3,3 bytes,,
scn,Latn,sici1248,Sicilian,,Indo-European,Classical Indo-European,Italic,Indo-European > Classical Indo-European > Italic > Latino-Faliscan > Latinic > Imperial Latin > Romance > Italo-Western Romance > Italo-Dalmatian > Italian Romance > Southern Italian Romance,Indo-European > Italic > Italo-Western Romance > Italo-Dalmatian > Italian Romance > Southern Italian Romance,Sicilian,scn_Latn,997,81158,139648,1.7207,81.4022,3.3585,Latin,Alphabet,1,1 byte,,
shn,Mymr,shan1277,Shan,,Tai-Kadai,Kam-Tai,Daic-Beic,Tai-Kadai > Kam-Tai > Daic-Beic > Daic > Central-Southwestern Tai > Wenma-Southwestern Tai > Sapa-Southwestern Tai > Southwestern Tai > Southwestern Tai P > Shanic > Southern Shanic,Tai-Kadai > Southwestern Tai P,Shan,shn_Mymr,997,152634,496505,3.2529,153.0933,6.3163,Burmese,Abugida,3,3 bytes,,
sin,Sinh,sinh1246,Sinhala,,Indo-European,Classical Indo-European,Indo-Iranian,Indo-European > Classical Indo-European > Indo-Iranian > Indo-Aryan > Middle-Modern Indo-Aryan > Dhivehi-Sinhala > Sinhalaic,Indo-European > Indo-Iranian > Indo-Aryan > Middle-Modern Indo-Aryan > Dhivehi-Sinhala,Sinhala,sin_Sinh,997,100782,335674,3.3307,101.0853,4.1706,Sinhala,Abugida,3,3 bytes,15218821,15163617
slk,Latn,slov1269,Slovak,,Indo-European,Classical Indo-European,Balto-Slavic,Indo-European > Classical Indo-European > Balto-Slavic > Slavic > West Slavic > Czech-Slovak,Indo-European > Balto-Slavic > Slavic > West Slavic > Czech-Slovak,Slovak,slk_Latn,997,74809,137701,1.8407,75.0341,3.0958,Latin,Alphabet,1,1 byte,696039997,691361945
slv,Latn,slov1268,Slovenian,,Indo-European,Classical Indo-European,Balto-Slavic,Indo-European > Classical Indo-European > Balto-Slavic > Slavic > South Slavic > Western South Slavic,Indo-European > Balto-Slavic > Slavic > South Slavic > Western South Slavic,Slovenian,slv_Latn,997,67749,128278,1.8934,67.9529,2.8036,Latin,Alphabet,1,1 byte,295443845,293532981
smo,Latn,samo1305,Samoan,,Austronesian,Malayo-Polynesian,Eastern Malayo-Polynesian,Austronesian > Malayo-Polynesian > Eastern Malayo-Polynesian > Oceanic > Central Pacific linkage > Tokalau Fijian > Polynesian > Nuclear Polynesian > Ellicean > Pukapukic > Samoan-Tokelauan,Austronesian > Eastern Malayo-Polynesian > Polynesian > Ellicean,Samoan,smo_Latn,997,115158,153273,1.331,115.5045,4.7655,Latin,Alphabet,1,1 byte,982573,978614
sna,Latn,shon1251,Shona,,Atlantic-Congo,Volta-Congo,Benue-Congo,Atlantic-Congo > Volta-Congo > Benue-Congo > Bantoid > Southern Bantoid > Narrow Bantu > East Bantu > Southern Bantu > Shona (S.10) > Core Shona > Plateau Shona > Central Shona,Atlantic-Congo > Volta-Congo > Benue-Congo > Bantoid > East Bantu > Southern Bantu > Shona (S.10),Shona,sna_Latn,997,110731,140602,1.2698,111.0642,4.5823,Latin,Alphabet,1,1 byte,1015714,1010485
snd,Arab,sind1272,Sindhi (Arabic script),,Indo-European,Classical Indo-European,Indo-Iranian,Indo-European > Classical Indo-European > Indo-Iranian > Indo-Aryan > Middle-Modern Indo-Aryan > Continental Indo-Aryan > Indo-Aryan Northwestern zone > Sindhi-Lahnda > Sindhic > Sindhi-Kachchi,Indo-European > Indo-Iranian > Indo-Aryan > Middle-Modern Indo-Aryan > Continental Indo-Aryan > Indo-Aryan Northwestern zone > Sindhic,Sindhi (Arabic),snd_Arab,997,79841,200920,2.5165,80.0812,3.304,Arabic,Abjad,2,2 bytes,2500046,2476633
snd,Deva,sind1272,Sindhi (Devanagari script),dev only,Indo-European,Classical Indo-European,Indo-Iranian,Indo-European > Classical Indo-European > Indo-Iranian > Indo-Aryan > Middle-Modern Indo-Aryan > Continental Indo-Aryan > Indo-Aryan Northwestern zone > Sindhi-Lahnda > Sindhic > Sindhi-Kachchi,Indo-European > Indo-Iranian > Indo-Aryan > Middle-Modern Indo-Aryan > Continental Indo-Aryan > Indo-Aryan Northwestern zone > Sindhic,Sindhi (Devanagari),snd_Deva,997,85520,334570,3.9122,85.7773,3.539,Devanagari,Abugida,3,3 bytes,2500046,2476633
som,Latn,soma1255,Somali,,Afro-Asiatic,Cushitic,East Cushitic,Afro-Asiatic > Cushitic > East Cushitic > Lowland East Cushitic > Southern Lowland East Cushitic > Mainstream Lowland East Cushitic > Omo-Tana > Eastern Omo-Tana,Afro-Asiatic > Cushitic > Omo-Tana,Somali,som_Latn,997,113487,142420,1.2549,113.8285,4.6963,Latin,Alphabet,1,1 byte,8811562,8782377
sot,Latn,sout2807,Southern Sotho,,Atlantic-Congo,Volta-Congo,Benue-Congo,Atlantic-Congo > Volta-Congo > Benue-Congo > Bantoid > Southern Bantoid > Narrow Bantu > East Bantu > Southern Bantu > Nuclear Southern Bantu > Dimsuffix Southern Bantu > Sotho-Tswana (S.30) > Western Sotho-Tswana > Central Sotho-Tswana > Sesotho-Lozi,Atlantic-Congo > Volta-Congo > Benue-Congo > Bantoid > East Bantu > Southern Bantu > Nuclear Southern Bantu > Sotho-Tswana (S.30) > Western Sotho-Tswana > Sesotho-Lozi,Southern Sotho,sot_Latn,997,115926,151687,1.3085,116.2748,4.7973,Latin,Alphabet,1,1 byte,952169,947711
spa,Latn,amer1254,Spanish (Latin American),,Indo-European,Classical Indo-European,Italic,Indo-European > Classical Indo-European > Italic > Latino-Faliscan > Latinic > Imperial Latin > Romance > Italo-Western Romance > Western Romance > Shifted Western Romance > Southwestern Shifted Romance > West Ibero-Romance > Castilic > Spanish,Indo-European > Italic > Italo-Western Romance > Western Romance > Shifted Western Romance > Southwestern Shifted Romance > West Ibero-Romance > Castilic,Spanish,spa_Latn,997,39210,152078,3.8786,39.328,1.6226,Latin,Alphabet,1,1 byte,8721329091,8661896197
srd,Latn,sard1257,Sardinian,[1],Indo-European,Classical Indo-European,Italic,Indo-European > Classical Indo-European > Italic > Latino-Faliscan > Latinic > Imperial Latin > Romance,Indo-European > Italic,Sardinian,srd_Latn,997,86991,150234,1.727,87.2528,3.5999,Latin,Alphabet,1,1 byte,,
srp,Cyrl,serb1264,Serbian,,Indo-European,Classical Indo-European,Balto-Slavic,Indo-European > Classical Indo-European > Balto-Slavic > Slavic > South Slavic > Western South Slavic > Serbian-Croatian-Bosnian > Shtokavski > New Shtokavian > Eastern Herzegovinian Shtokavian,Indo-European > Balto-Slavic > Slavic > South Slavic > Western South Slavic > Serbian-Croatian-Bosnian,Serbian,srp_Cyrl,997,31960,226435,7.0849,32.0562,1.3226,Cyrillic,Alphabet,2,2 bytes,428606923,426190099
ssw,Latn,swat1243,Swati,,Atlantic-Congo,Volta-Congo,Benue-Congo,Atlantic-Congo > Volta-Congo > Benue-Congo > Bantoid > Southern Bantoid > Narrow Bantu > East Bantu > Southern Bantu > Nuclear Southern Bantu > Dimsuffix Southern Bantu > Nguni-Tsonga-Copi > Nguni (S.40) > Nuclear Nguni > Southern Ndebele-Lowland > Swatic,Atlantic-Congo > Volta-Congo > Benue-Congo > Bantoid > East Bantu > Southern Bantu > Nuclear Southern Bantu > Nguni-Tsonga-Copi > Nguni (S.40) > Swatic,Swati,ssw_Latn,997,111491,140848,1.2633,111.8265,4.6137,Latin,Alphabet,1,1 byte,76074,74395
sun,Latn,sund1252,Sundanese,,Austronesian,Malayo-Polynesian,,Austronesian > Malayo-Polynesian,Austronesian,Sundanese,sun_Latn,997,88824,132313,1.4896,89.0913,3.6757,Latin,Alphabet,1,1 byte,2136693,2127295
swe,Latn,swed1254,Swedish,,Indo-European,Classical Indo-European,Germanic,Indo-European > Classical Indo-European > Germanic > Northwest Germanic > North Germanic > North Scandinavian > East-Central Swedic > East Swedic,Indo-European > Germanic > North Germanic > North Scandinavian,Swedish,swe_Latn,997,50677,131624,2.5973,50.8295,2.0971,Latin,Alphabet,1,1 byte,1409838855,1398770001
swh,Latn,swah1253,Swahili,,Atlantic-Congo,Volta-Congo,Benue-Congo,Atlantic-Congo > Volta-Congo > Benue-Congo > Bantoid > Southern Bantoid > Narrow Bantu > East Bantu > Northeast Savanna Bantu > Northeast Coastal Bantu > Coastal NEC Bantu > Sabaki-Swahili > Swahili (G.40) > Mombasa-Lamu-Inland Swahili,Atlantic-Congo > Volta-Congo > Benue-Congo > Bantoid > East Bantu > Northeast Savanna Bantu > Northeast Coastal Bantu,Swahili,swh_Latn,997,99347,131845,1.3271,99.6459,4.1112,Latin,Alphabet,1,1 byte,16167752,16103776
szl,Latn,sile1253,Silesian,,Indo-European,Classical Indo-European,Balto-Slavic,Indo-European > Classical Indo-European > Balto-Slavic > Slavic > West Slavic > Lechitic > Polish-Silesian,Indo-European > Balto-Slavic > Slavic > West Slavic > Lechitic,Silesian,szl_Latn,997,79920,138312,1.7306,80.1605,3.3073,Latin,Alphabet,1,1 byte,,
tam,Taml,tami1289,Tamil,,Dravidian,South Dravidian,South Dravidian I,Dravidian > South Dravidian > South Dravidian I > Tamil-Kannada > Tamil-Kota > Tamil-Toda > Tamil-Irula > Tamil-Kodagu > Tamil-Malayalam > Tamiloid > Tamil-Paliyan,Dravidian > South Dravidian I > Tamil-Kota > Tamiloid,Tamil,tam_Taml,997,87724,398801,4.5461,87.988,3.6302,Tamil,Abugida,3,3 bytes,85165919,84823478
taq,Latn,tama1365,Tamasheq (Latin script),,Afro-Asiatic,Berber,Tuareg,Afro-Asiatic > Berber > Tuareg > Southern Tuareg,Afro-Asiatic > Berber > Tuareg,Tamasheq (Latin),taq_Latn,997,106259,127393,1.1989,106.5787,4.3972,Latin,Alphabet,1,1 byte,,
taq,Tfng,tama1365,Tamasheq (Tifinagh script),,Afro-Asiatic,Berber,Tuareg,Afro-Asiatic > Berber > Tuareg > Southern Tuareg,Afro-Asiatic > Berber > Tuareg,Tamasheq (Tifinagh),taq_Tfng,997,100888,288609,2.8607,101.1916,4.175,Tifinagh,Alphabet,2,2 bytes,,
tat,Cyrl,tata1255,Tatar,,Turkic,Common Turkic,Kipchak-Turkestan,Turkic > Common Turkic > Kipchak-Turkestan > Kipchak > Northwest Kipchak > North Kipchak > Bashkiric,Turkic > Common Turkic > Kipchak-Turkestan > Kipchak > Northwest Kipchak > North Kipchak,Tatar,tat_Cyrl,997,97031,233150,2.4028,97.323,4.0154,Cyrillic,Alphabet,2,2 bytes,13992169,13955010
tel,Telu,telu1262,Telugu,,Dravidian,South Dravidian,South Dravidian II,Dravidian > South Dravidian > South Dravidian II > Teluguic,Dravidian > South Dravidian II,Telugu,tel_Telu,997,91209,338816,3.7147,91.4835,3.7744,Telugu,Abugida,3,3 bytes,34841942,34709401
tgk,Cyrl,taji1245,Tajik,,Indo-European,Classical Indo-European,Indo-Iranian,Indo-European > Classical Indo-European > Indo-Iranian > Iranian-Nuristani > Iranian > Southwestern Iranian > Middle-Modern Persian > Modern Southwestern Iranian > Farsic-Caucasian Tat > Farsic > Eastern Farsic > Tajikic,Indo-European > Indo-Iranian > Iranian-Nuristani > Southwestern Iranian > Eastern Farsic > Tajikic,Tajik,tgk_Cyrl,997,90777,253637,2.7941,91.0502,3.7566,Cyrillic,Alphabet,2,2 bytes,10533180,10506081
tha,Thai,thai1261,Thai,,Tai-Kadai,Kam-Tai,Daic-Beic,Tai-Kadai > Kam-Tai > Daic-Beic > Daic > Central-Southwestern Tai > Wenma-Southwestern Tai > Sapa-Southwestern Tai > Southwestern Tai > Southwestern Thai PH > Lao-Thai,Tai-Kadai > Southwestern Thai PH,Thai,tha_Thai,997,98395,346502,3.5215,98.6911,4.0718,Thai,Abugida,3,3 bytes,745804664,741927782
tir,Ethi,tigr1271,Tigrinya,,Afro-Asiatic,Semitic,West Semitic,Afro-Asiatic > Semitic > West Semitic > Ethiosemitic,Afro-Asiatic > Semitic > Ethiosemitic,Tigrinya,tir_Ethi,997,115941,220338,1.9004,116.2899,4.7979,Ethiopic,Abugida,3,3 bytes,1422770,1408041
tpi,Latn,tokp1240,Tok Pisin,,Indo-European,Classical Indo-European,Germanic,Indo-European > Classical Indo-European > Germanic > Northwest Germanic > West Germanic > North Sea Germanic > Anglo-Frisian > Anglic > Later Anglic > Middle-Modern English > Macro-English > Pacific Creole English > Early Melanesian Pidgin,Indo-European > Germanic > West Germanic > North Sea Germanic > Pacific Creole English,Tok Pisin,tpi_Latn,997,103836,160301,1.5438,104.1484,4.297,Latin,Alphabet,1,1 byte,,
tsn,Latn,tswa1253,Tswana,,Atlantic-Congo,Volta-Congo,Benue-Congo,Atlantic-Congo > Volta-Congo > Benue-Congo > Bantoid > Southern Bantoid > Narrow Bantu > East Bantu > Southern Bantu > Nuclear Southern Bantu > Dimsuffix Southern Bantu > Sotho-Tswana (S.30) > Western Sotho-Tswana > Central Sotho-Tswana,Atlantic-Congo > Volta-Congo > Benue-Congo > Bantoid > East Bantu > Southern Bantu > Nuclear Southern Bantu > Sotho-Tswana (S.30) > Western Sotho-Tswana,Tswana,tsn_Latn,997,123376,157993,1.2806,123.7472,5.1056,Latin,Alphabet,1,1 byte,386856,383554
tso,Latn,tson1249,Tsonga,,Atlantic-Congo,Volta-Congo,Benue-Congo,Atlantic-Congo > Volta-Congo > Benue-Congo > Bantoid > Southern Bantoid > Narrow Bantu > East Bantu > Southern Bantu > Nuclear Southern Bantu > Dimsuffix Southern Bantu > Nguni-Tsonga-Copi > Tsonga-Copi > Tswa-Ronga (S.50) > Tsongan,Atlantic-Congo > Volta-Congo > Benue-Congo > Bantoid > East Bantu > Southern Bantu > Nuclear Southern Bantu > Nguni-Tsonga-Copi > Tsonga-Copi,Tsonga,tso_Latn,997,113849,151171,1.3278,114.1916,4.7113,Latin,Alphabet,1,1 byte,127912,127165
tuk,Latn,turk1304,Turkmen,,Turkic,Common Turkic,Oghuz,Turkic > Common Turkic > Oghuz > Nuclear Oghuz > East Oghuz,Turkic > Common Turkic > Oghuz > East Oghuz,Turkmen,tuk_Latn,997,121078,146397,1.2091,121.4423,5.0105,Latin,Alphabet,1,1 byte,3821690,3808159
tum,Latn,tumb1250,Tumbuka,,Atlantic-Congo,Volta-Congo,Benue-Congo,Atlantic-Congo > Volta-Congo > Benue-Congo > Bantoid > Southern Bantoid > Narrow Bantu > East Bantu > Tumbuka-Sena-Nyanja > Tumbukic,Atlantic-Congo > Volta-Congo > Benue-Congo > Bantoid > East Bantu > Tumbuka-Sena-Nyanja > Tumbukic,Tumbuka,tum_Latn,997,124629,165550,1.3283,125.004,5.1574,Latin,Alphabet,1,1 byte,,
tur,Latn,nucl1301,Turkish,,Turkic,Common Turkic,Oghuz,Turkic > Common Turkic > Oghuz > Nuclear Oghuz > West Oghuz,Turkic > Common Turkic > Oghuz > West Oghuz,Turkish,tur_Latn,997,85432,139979,1.6385,85.6891,3.5354,Latin,Alphabet,1,1 byte,1975738495,1964050769
twi,Latn,akua1239,Akuapem Twi,,Atlantic-Congo,Volta-Congo,Kwa Volta-Congo,Atlantic-Congo > Volta-Congo > Kwa Volta-Congo > Nyo > Potou-Tano > Tano > Central Tano > Akanic > Akan > Twi,Atlantic-Congo > Volta-Congo > Kwa Volta-Congo > Nyo,Akuapem Twi,twi_Latn_akua1239,997,111060,132468,1.1928,111.3942,4.5959,Latin,Alphabet,1,1 byte,,
twi,Latn,asan1239,Asante Twi,,Atlantic-Congo,Volta-Congo,Kwa Volta-Congo,Atlantic-Congo > Volta-Congo > Kwa Volta-Congo > Nyo > Potou-Tano > Tano > Central Tano > Akanic > Akan > Twi,Atlantic-Congo > Volta-Congo > Kwa Volta-Congo > Nyo,Asante Twi,twi_Latn_asan1239,997,115120,137325,1.1929,115.4664,4.7639,Latin,Alphabet,1,1 byte,,
tyv,Cyrl,tuvi1240,Tuvan,,Turkic,Common Turkic,South Siberian Turkic,Turkic > Common Turkic > South Siberian Turkic > Sayan-Yenisei Turkic > Sayan,Turkic > Common Turkic > South Siberian Turkic > Sayan,Tuvinian,tyv_Cyrl,997,93535,264479,2.8276,93.8164,3.8707,Cyrillic,Alphabet,2,2 bytes,,
uig,Arab,uigh1240,Uyghur,,Turkic,Common Turkic,Kipchak-Turkestan,Turkic > Common Turkic > Kipchak-Turkestan > Turkestan > Modern Turkestan > Uyghuric,Turkic > Common Turkic > Kipchak-Turkestan > Turkestan > Uyghuric,Uyghur,uig_Arab,997,129462,248124,1.9166,129.8516,5.3574,Arabic,Abjad,2,2 bytes,2481026,2473081
ukr,Cyrl,ukra1253,Ukrainian,,Indo-European,Classical Indo-European,Balto-Slavic,Indo-European > Classical Indo-European > Balto-Slavic > Slavic > East Slavic > Ukrainian-Rusyn,Indo-European > Balto-Slavic > Slavic > East Slavic > Ukrainian-Rusyn,Ukrainian,ukr_Cyrl,997,29733,235478,7.9198,29.8225,1.2304,Cyrillic,Alphabet,2,2 bytes,911455063,899679131
umb,Latn,umbu1257,Umbundu,,Atlantic-Congo,Volta-Congo,Benue-Congo,Atlantic-Congo > Volta-Congo > Benue-Congo > Bantoid > Southern Bantoid > Narrow Bantu > Central-Western Bantu > Njila > Southern Njila > Kunene,Atlantic-Congo > Volta-Congo > Benue-Congo > Bantoid > Central-Western Bantu > Njila > Southern Njila > Kunene,Umbundu,umb_Latn,997,102313,130262,1.2732,102.6209,4.2339,Latin,Alphabet,1,1 byte,,
urd,Arab,urdu1245,Urdu,,Indo-European,Classical Indo-European,Indo-Iranian,Indo-European > Classical Indo-European > Indo-Iranian > Indo-Aryan > Middle-Modern Indo-Aryan > Continental Indo-Aryan > Midlands Indo-Aryan > Shaurasenic > Indo-Aryan Central zone > Western Hindi > Hindustani,Indo-European > Indo-Iranian > Indo-Aryan > Middle-Modern Indo-Aryan > Continental Indo-Aryan > Midlands Indo-Aryan > Shaurasenic > Indo-Aryan Central zone,Urdu,urd_Arab,997,75618,221970,2.9354,75.8455,3.1292,Arabic,Abjad,2,2 bytes,52677605,52410770
uzn,Latn,nort2690,Northern Uzbek,,Turkic,Common Turkic,Kipchak-Turkestan,Turkic > Common Turkic > Kipchak-Turkestan > Turkestan > Modern Turkestan > Uzbek,Turkic > Common Turkic > Kipchak-Turkestan > Turkestan > Uzbek,Northern Uzbek,uzn_Latn,997,115930,141988,1.2248,116.2788,4.7974,Latin,Alphabet,1,1 byte,36822402,36635418
uzs,Arab,sout2699,Southern Uzbek,dev only,Turkic,Common Turkic,Kipchak-Turkestan,Turkic > Common Turkic > Kipchak-Turkestan > Turkestan > Modern Turkestan > Uzbek,Turkic > Common Turkic > Kipchak-Turkestan > Turkestan > Uzbek,Southern Uzbek,uzs_Arab,997,101096,239010,2.3642,101.4002,4.1836,Arabic,Abjad,2,2 bytes,36822402,36635418
vec,Latn,vene1259,Venetian,,Indo-European,Classical Indo-European,Italic,Indo-European > Classical Indo-European > Italic > Latino-Faliscan > Latinic > Imperial Latin > Romance > Italo-Western Romance > Italo-Dalmatian > Dalmatian Romance > Venetian,Indo-European > Italic > Italo-Western Romance > Italo-Dalmatian > Dalmatian Romance,Venetian,vec_Latn,997,71321,132160,1.853,71.5356,2.9514,Latin,Alphabet,1,1 byte,,
vie,Latn,viet1252,Vietnamese,,Austroasiatic,Vietic,Viet-Muong,Austroasiatic > Vietic > Viet-Muong,Austroasiatic > Vietic,Vietnamese,vie_Latn,997,42341,174819,4.1288,42.4684,1.7522,Latin,Alphabet,1,1 byte,1815676717,1803286122
vmw,Latn,cent2033,Emakhuwa (Central),,Atlantic-Congo,Volta-Congo,Benue-Congo,Atlantic-Congo > Volta-Congo > Benue-Congo > Bantoid > Southern Bantoid > Narrow Bantu > East Bantu > North Mozambique Bantu > Makua-Lomwe > Makhuwa,Atlantic-Congo > Volta-Congo > Benue-Congo > Bantoid > East Bantu > North Mozambique Bantu,Makhuwa,vmw_Latn,997,119453,147904,1.2382,119.8124,4.9432,Latin,Alphabet,1,1 byte,,
war,Latn,wara1300,Waray,,Austronesian,Malayo-Polynesian,Greater Central Philippine,Austronesian > Malayo-Polynesian > Greater Central Philippine > Central Philippine > Bisayan > Central Bisayan > Warayan > Samar-Waray,Austronesian > Greater Central Philippine > Bisayan > Central Bisayan,Waray,war_Latn,997,91017,156419,1.7186,91.2909,3.7665,Latin,Alphabet,1,1 byte,5160491,5140938
wol,Latn,nucl1347,Wolof,,Atlantic-Congo,North-Central Atlantic,Wolof-BKK,Atlantic-Congo > North-Central Atlantic > Wolof-BKK > Wolofic,Atlantic-Congo > North-Central Atlantic > Wolof-BKK,Wolof,wol_Latn,997,102493,124590,1.2156,102.8014,4.2414,Latin,Alphabet,1,1 byte,301486,299205
wuu,Hans,suhu1238,Wu Chinese,dev only,Sino-Tibetan,Sinitic,Classical-Middle-Modern Sinitic,Sino-Tibetan > Sinitic > Classical-Middle-Modern Sinitic > Middle-Modern Sinitic > Wu-Hui Chinese > Wuic > Wu Chinese > Taihu,Sino-Tibetan > Sinitic > Wu-Hui Chinese,Wu Chinese,wuu_Hans,997,71216,117446,1.6492,71.4303,2.9471,Han (Simplified),Logographic,3,3 bytes,,
xho,Latn,xhos1239,Xhosa,,Atlantic-Congo,Volta-Congo,Benue-Congo,Atlantic-Congo > Volta-Congo > Benue-Congo > Bantoid > Southern Bantoid > Narrow Bantu > East Bantu > Southern Bantu > Nuclear Southern Bantu > Dimsuffix Southern Bantu > Nguni-Tsonga-Copi > Nguni (S.40) > Nuclear Nguni > Southern Ndebele-Lowland,Atlantic-Congo > Volta-Congo > Benue-Congo > Bantoid > East Bantu > Southern Bantu > Nuclear Southern Bantu > Nguni-Tsonga-Copi > Nguni (S.40),Xhosa,xho_Latn,997,108255,133902,1.2369,108.5807,4.4798,Latin,Alphabet,1,1 byte,2214453,2207154
ydd,Hebr,east2295,Eastern Yiddish,,Indo-European,Classical Indo-European,Germanic,Indo-European > Classical Indo-European > Germanic > Northwest Germanic > West Germanic > High German > Middle German > East Middle German > Schlesisch-Wilmesau,Indo-European > Germanic > West Germanic > High German > Middle German > East Middle German,Eastern Yiddish,ydd_Hebr,997,109275,243984,2.2328,109.6038,4.522,Hebrew,Abjad,2,2 bytes,,
yor,Latn,yoru1245,Yoruba,,Atlantic-Congo,Volta-Congo,Benue-Congo,Atlantic-Congo > Volta-Congo > Benue-Congo > Defoid > Yoruboid > Edekiri > Ede > Eastern Ede > Southeastern Ede > Nuclear Yoruba > Lucumi-Yoruba,Atlantic-Congo > Volta-Congo > Benue-Congo > Defoid,Yoruba,yor_Latn,997,129820,161334,1.2428,130.2106,5.3722,Latin,Alphabet,1,1 byte,1746642,1741768
yue,Hant,xian1255,Yue Chinese (Hong Kong Cantonese),,Sino-Tibetan,Sinitic,Classical-Middle-Modern Sinitic,Sino-Tibetan > Sinitic > Classical-Middle-Modern Sinitic > Middle-Modern Sinitic > Yue-Pinghua > Yue Chinese > Yuehai > Cantonese,Sino-Tibetan > Sinitic > Yue-Pinghua,Cantonese,yue_Hant,997,69866,110765,1.5854,70.0762,2.8912,Han (Traditional),Logographic,3,3 bytes,,
zgh,Tfng,stan1324,Standard Moroccan Tamazight,,Afro-Asiatic,Berber,Kabyle-Atlas Berber,Afro-Asiatic > Berber > Kabyle-Atlas Berber > Atlas Berber > Central Moroccan Berber,Afro-Asiatic > Berber > Kabyle-Atlas Berber > Atlas Berber,Standard Moroccan Tamazight,zgh_Tfng,997,99857,286187,2.866,100.1575,4.1323,Tifinagh,Alphabet,2,2 bytes,,
zsm,Latn,stan1306,Standard Malay,,Austronesian,Malayo-Polynesian,Malayo-Chamic,Austronesian > Malayo-Polynesian > Malayo-Chamic > Malayic > Nuclear Malayic > Standard Malay-Indonesian,Austronesian > Malayo-Chamic > Malayic > Standard Malay-Indonesian,Standard Malay,zsm_Latn,997,50139,141021,2.8126,50.2899,2.0749,Latin,Alphabet,1,1 byte,180337405,179648747
zul,Latn,zulu1248,Zulu,,Atlantic-Congo,Volta-Congo,Benue-Congo,Atlantic-Congo > Volta-Congo > Benue-Congo > Bantoid > Southern Bantoid > Narrow Bantu > East Bantu > Southern Bantu > Nuclear Southern Bantu > Dimsuffix Southern Bantu > Nguni-Tsonga-Copi > Nguni (S.40) > Nuclear Nguni > Southern Ndebele-Lowland,Atlantic-Congo > Volta-Congo > Benue-Congo > Bantoid > East Bantu > Southern Bantu > Nuclear Southern Bantu > Nguni-Tsonga-Copi > Nguni (S.40),Zulu,zul_Latn,997,112865,140368,1.2437,113.2046,4.6706,Latin,Alphabet,1,1 byte,2742378,2735836
