Glottocode,Code,Code_Orig,Sentences,Notes,CC_Pages,CC_Urls,Name,Script,Script_Type,Bytes_Per_Char,Family,Full_Classification,Minimal_Full_Classification
achi1257,ace,ace_Arab,997,,,,Acehnese (Jawi script),Arab,Abjad,2 bytes,Austronesian,Austronesian > Malayo-Polynesian > Malayo-Chamic > Aceh-Chamic,Austronesian > Malayo-Chamic > Aceh-Chamic
achi1257,ace,ace_Latn,997,,,,Acehnese (Latin script),Latn,Alphabet,1 byte,Austronesian,Austronesian > Malayo-Polynesian > Malayo-Chamic > Aceh-Chamic,Austronesian > Malayo-Chamic > Aceh-Chamic
meso1252,acm,acm_Arab,997,,,,Mesopotamian Arabic,Arab,Abjad,2 bytes,Afro-Asiatic,Afro-Asiatic > Semitic > West Semitic > Central Semitic > Arabian > Arabic > Eastern Arabic,Afro-Asiatic > Semitic > Central Semitic > Arabian > Eastern Arabic
taiz1242,acq,acq_Arab,997,,,,Taʽizzi-Adeni Arabic,Arab,Abjad,2 bytes,Afro-Asiatic,Afro-Asiatic > Semitic > West Semitic > Central Semitic > Arabian > Arabic > Arabian Peninsula Arabic,Afro-Asiatic > Semitic > Central Semitic > Arabian > Arabian Peninsula Arabic
tuni1259,aeb,aeb_Arab,997,,,,Tunisian Arabic,Arab,Abjad,2 bytes,Afro-Asiatic,Afro-Asiatic > Semitic > West Semitic > Central Semitic > Arabian > Arabic > North African Arabic > Western Middle Arabic > Maghrebi > Malta-Tunisian Arabic,Afro-Asiatic > Semitic > Central Semitic > Arabian > North African Arabic > Malta-Tunisian Arabic
afri1274,afr,afr_Latn,997,,20215994.0,20131887.0,Afrikaans,Latn,Alphabet,1 byte,Indo-European,Indo-European > Classical Indo-European > Germanic > Northwest Germanic > West Germanic > Macro-Dutch > Middle-Modern Dutch > Modern Dutch > Global Dutch > Afrikaansic,Indo-European > Germanic > West Germanic > Macro-Dutch > Afrikaansic
tosk1239,als,als_Latn,997,,84761612.0,84375408.0,Albanian (Tosk),Latn,Alphabet,1 byte,Indo-European,Indo-European > Classical Indo-European > Albanian > Albanian-Tosk,Indo-European > Albanian
amha1245,amh,amh_Ethi,997,,5733709.0,5702512.0,Amharic,Ethi,Abugida,3 bytes,Afro-Asiatic,Afro-Asiatic > Semitic > West Semitic > Ethiosemitic > South Ethiopic > Amharic-Argobba,Afro-Asiatic > Semitic > Ethiosemitic > South Ethiopic
nort3139,apc,apc_Arab_nort3139,997,,,,Levantine Arabic (North),Arab,Abjad,2 bytes,Afro-Asiatic,Afro-Asiatic > Semitic > West Semitic > Central Semitic > Arabian > Arabic > Levantine-Cypriot Arabic,Afro-Asiatic > Semitic > Central Semitic > Arabian > Levantine-Cypriot Arabic
sout3123,apc,apc_Arab_sout3123,997,,,,Levantine Arabic (South),Arab,Abjad,2 bytes,Afro-Asiatic,Afro-Asiatic > Semitic > West Semitic > Central Semitic > Arabian > Arabic > Levantine-Cypriot Arabic > Levantine Arabic,Afro-Asiatic > Semitic > Central Semitic > Arabian > Levantine-Cypriot Arabic > Levantine Arabic
stan1318,arb,arb_Arab,997,,1258479625.0,1251265891.0,Modern Standard Arabic,Arab,Abjad,2 bytes,Afro-Asiatic,Afro-Asiatic > Semitic > West Semitic > Central Semitic > Arabian > Arabic,Afro-Asiatic > Semitic > Central Semitic > Arabian
stan1318,arb,arb_Latn,997,,1258479625.0,1251265891.0,Modern Standard Arabic (Romanized),Latn,Alphabet,1 byte,Afro-Asiatic,Afro-Asiatic > Semitic > West Semitic > Central Semitic > Arabian > Arabic,Afro-Asiatic > Semitic > Central Semitic > Arabian
arag1245,arg,arg_Latn,997,,,,Aragonese,Latn,Alphabet,1 byte,Indo-European,Indo-European > Classical Indo-European > Italic > Latino-Faliscan > Latinic > Imperial Latin > Romance > Italo-Western Romance > Western Romance > Unshifted Western Romance,Indo-European > Italic > Italo-Western Romance > Western Romance > Unshifted Western Romance
najd1235,ars,ars_Arab,997,,,,Najdi Arabic,Arab,Abjad,2 bytes,Afro-Asiatic,Afro-Asiatic > Semitic > West Semitic > Central Semitic > Arabian > Arabic > Arabian Peninsula Arabic > North Arabian Beduin Arabic,Afro-Asiatic > Semitic > Central Semitic > Arabian > Arabian Peninsula Arabic > North Arabian Beduin Arabic
moro1292,ary,ary_Arab,997,,,,Moroccan Arabic,Arab,Abjad,2 bytes,Afro-Asiatic,Afro-Asiatic > Semitic > West Semitic > Central Semitic > Arabian > Arabic > North African Arabic > Western Middle Arabic > Maghrebi,Afro-Asiatic > Semitic > Central Semitic > Arabian > North African Arabic
egyp1253,arz,arz_Arab,997,,,,Egyptian Arabic,Arab,Abjad,2 bytes,Afro-Asiatic,Afro-Asiatic > Semitic > West Semitic > Central Semitic > Arabian > Arabic > Egyptic Arabic > Egypto-Sudanic Arabic,Afro-Asiatic > Semitic > Central Semitic > Arabian > Egyptic Arabic
assa1263,asm,asm_Beng,997,,3459776.0,3447449.0,Assamese,Beng,Abugida,3 bytes,Indo-European,Indo-European > Classical Indo-European > Indo-Iranian > Indo-Aryan > Middle-Modern Indo-Aryan > Continental Indo-Aryan > Indo-Aryan Eastern zone > Oriya-Gauda-Kamrupa > Gauda-Kamrupa > Kamrupa > Eastern Kamrupa,Indo-European > Indo-Iranian > Indo-Aryan > Middle-Modern Indo-Aryan > Continental Indo-Aryan > Indo-Aryan Eastern zone > Gauda-Kamrupa > Kamrupa
astu1245,ast,ast_Latn,997,,,,Asturian,Latn,Alphabet,1 byte,Indo-European,Indo-European > Classical Indo-European > Italic > Latino-Faliscan > Latinic > Imperial Latin > Romance > Italo-Western Romance > Western Romance > Shifted Western Romance > Southwestern Shifted Romance > West Ibero-Romance > Asturo-Leonese,Indo-European > Italic > Italo-Western Romance > Western Romance > Shifted Western Romance > Southwestern Shifted Romance > West Ibero-Romance > Asturo-Leonese
awad1243,awa,awa_Deva,997,,,,Awadhi,Deva,Abugida,3 bytes,Indo-European,Indo-European > Classical Indo-European > Indo-Iranian > Indo-Aryan > Middle-Modern Indo-Aryan > Continental Indo-Aryan > Midlands Indo-Aryan > Shaurasenic > Eastern Hindi > Awadhic,Indo-European > Indo-Iranian > Indo-Aryan > Middle-Modern Indo-Aryan > Continental Indo-Aryan > Midlands Indo-Aryan > Shaurasenic > Eastern Hindi > Awadhic
cent2142,ayr,ayr_Latn,997,,,,Central Aymara,Latn,Alphabet,1 byte,Aymaran,Aymaran > Central-Southern Aymara,Aymaran
sout2697,azb,azb_Arab,997,,101494110.0,101070335.0,South Azerbaijani,Arab,Abjad,2 bytes,Turkic,Turkic > Common Turkic > Oghuz > Nuclear Oghuz > Central Oghuz,Turkic > Common Turkic > Oghuz > Central Oghuz
nort2697,azj,azj_Latn,997,,101494110.0,101070335.0,North Azerbaijani,Latn,Alphabet,1 byte,Turkic,Turkic > Common Turkic > Oghuz > Nuclear Oghuz > Central Oghuz,Turkic > Common Turkic > Oghuz > Central Oghuz
bash1264,bak,bak_Cyrl,997,,3656842.0,3651302.0,Bashkir,Cyrl,Alphabet,2 bytes,Turkic,Turkic > Common Turkic > Kipchak-Turkestan > Kipchak > Northwest Kipchak > North Kipchak > Bashkiric,Turkic > Common Turkic > Kipchak-Turkestan > Kipchak > Northwest Kipchak > North Kipchak
bamb1269,bam,bam_Latn,997,,,,Bambara,Latn,Alphabet,1 byte,Mande,Mande > Western Mande > Manding-Kpelle > Central Mande > Manding-Jogo > Manding-Vai > Manding-Mokole > Manding > East Manding,Mande
bali1278,ban,ban_Latn,997,,,,Balinese,Latn,Alphabet,1 byte,Austronesian,Austronesian > Malayo-Polynesian > Bali-Sasak-Sumbawa,Austronesian > Bali-Sasak-Sumbawa
bela1254,bel,bel_Cyrl,997,,33213142.0,33052697.0,Belarusian,Cyrl,Alphabet,2 bytes,Indo-European,Indo-European > Classical Indo-European > Balto-Slavic > Slavic > East Slavic,Indo-European > Balto-Slavic > Slavic > East Slavic
bemb1257,bem,bem_Latn,997,,,,Bemba,Latn,Alphabet,1 byte,Atlantic-Congo,Atlantic-Congo > Volta-Congo > Benue-Congo > Bantoid > Southern Bantoid > Narrow Bantu > East Bantu > Sabi > Malungu-Central Sabi > Central Sabi > Bemba (M.40),Atlantic-Congo > Volta-Congo > Benue-Congo > Bantoid > East Bantu > Sabi
beng1280,ben,ben_Beng,997,,177892101.0,177246797.0,Bengali,Beng,Abugida,3 bytes,Indo-European,Indo-European > Classical Indo-European > Indo-Iranian > Indo-Aryan > Middle-Modern Indo-Aryan > Continental Indo-Aryan > Indo-Aryan Eastern zone > Oriya-Gauda-Kamrupa > Gauda-Kamrupa > Gauda-Banga,Indo-European > Indo-Iranian > Indo-Aryan > Middle-Modern Indo-Aryan > Continental Indo-Aryan > Indo-Aryan Eastern zone > Gauda-Kamrupa > Gauda-Banga
bhoj1244,bho,bho_Deva,997,,,,Bhojpuri,Deva,Abugida,3 bytes,Indo-European,Indo-European > Classical Indo-European > Indo-Iranian > Indo-Aryan > Middle-Modern Indo-Aryan > Continental Indo-Aryan > Midlands Indo-Aryan > Shaurasenic > Bihari > Magadhan > Bhojpuric,Indo-European > Indo-Iranian > Indo-Aryan > Middle-Modern Indo-Aryan > Continental Indo-Aryan > Midlands Indo-Aryan > Shaurasenic > Bihari > Bhojpuric
banj1239,bjn,bjn_Arab,997,,,,Banjar (Jawi script),Arab,Abjad,2 bytes,Austronesian,Austronesian > Malayo-Polynesian > Malayo-Chamic > Malayic > Nuclear Malayic > East Borneo Malay > Banjar-Berau-Brunei Malay > Banjar-Bukit Malay,Austronesian > Malayo-Chamic > Malayic > East Borneo Malay
banj1239,bjn,bjn_Latn,997,,,,Banjar (Latin script),Latn,Alphabet,1 byte,Austronesian,Austronesian > Malayo-Polynesian > Malayo-Chamic > Malayic > Nuclear Malayic > East Borneo Malay > Banjar-Berau-Brunei Malay > Banjar-Bukit Malay,Austronesian > Malayo-Chamic > Malayic > East Borneo Malay
utsa1239,bod,bod_Tibt,997,,2687733.0,2676577.0,Lhasa Tibetan,Tibt,Abugida,3 bytes,Sino-Tibetan,Sino-Tibetan > Bodic > Bodish > Early Old Tibetan > Middle Old Tibetan > Late Old Tibetan > Central Tibetan > Tibetan > Ü,Sino-Tibetan > Bodic > Central Tibetan
bosn1245,bos,bos_Latn,997,,89749135.0,89368171.0,Bosnian,Latn,Alphabet,1 byte,Indo-European,Indo-European > Classical Indo-European > Balto-Slavic > Slavic > South Slavic > Western South Slavic > Serbian-Croatian-Bosnian > Shtokavski > New Shtokavian > Eastern Herzegovinian Shtokavian,Indo-European > Balto-Slavic > Slavic > South Slavic > Western South Slavic > Serbian-Croatian-Bosnian
bodo1269,brx,brx_Deva,997,dev only,,,Bodo,Deva,Abugida,3 bytes,Sino-Tibetan,Sino-Tibetan > Brahmaputran > Bodo-Garo > Boroic > Tiwa-Boro > Bodo-Mech-Kachari,Sino-Tibetan > Brahmaputran > Bodo-Garo
bugi1244,bug,bug_Latn,997,,,,Buginese,Latn,Alphabet,1 byte,Austronesian,Austronesian > Malayo-Polynesian > Greater South Sulawesi > South Sulawesi > Tamanic-Bugis > Bugis,Austronesian > Greater South Sulawesi
bulg1262,bul,bul_Cyrl,997,,565391748.0,562504908.0,Bulgarian,Cyrl,Alphabet,2 bytes,Indo-European,Indo-European > Classical Indo-European > Balto-Slavic > Slavic > South Slavic > Eastern South Slavic > Macedo-Bulgarian,Indo-European > Balto-Slavic > Slavic > South Slavic > Eastern South Slavic
stan1289,cat,cat_Latn,997,,437938570.0,434641260.0,Catalan,Latn,Alphabet,1 byte,Indo-European,Indo-European > Classical Indo-European > Italic > Latino-Faliscan > Latinic > Imperial Latin > Romance > Italo-Western Romance > Western Romance > Shifted Western Romance > Southwestern Shifted Romance,Indo-European > Italic > Italo-Western Romance > Western Romance > Shifted Western Romance > Southwestern Shifted Romance
cebu1242,ceb,ceb_Latn,997,,4026407.0,4021798.0,Cebuano,Latn,Alphabet,1 byte,Austronesian,Austronesian > Malayo-Polynesian > Greater Central Philippine > Central Philippine > Bisayan,Austronesian > Greater Central Philippine > Bisayan
czec1258,ces,ces_Latn,997,,2097546956.0,2080674183.0,Czech,Latn,Alphabet,1 byte,Indo-European,Indo-European > Classical Indo-European > Balto-Slavic > Slavic > West Slavic > Czech-Slovak,Indo-European > Balto-Slavic > Slavic > West Slavic > Czech-Slovak
chuv1255,chv,chv_Cyrl,997,,,,Chuvash,Cyrl,Alphabet,2 bytes,Turkic,Turkic > Bolgar,Turkic > Bolgar
chok1245,cjk,cjk_Latn,997,,,,Chokwe,Latn,Alphabet,1 byte,Atlantic-Congo,Atlantic-Congo > Volta-Congo > Benue-Congo > Bantoid > Southern Bantoid > Narrow Bantu > Central-Western Bantu > Njila > Southern Njila > Chokwe-Lunda > Chokwe-Ngangela-Nyemba (K.20) > Chokwe-Lwena,Atlantic-Congo > Volta-Congo > Benue-Congo > Bantoid > Central-Western Bantu > Njila > Southern Njila > Chokwe-Lunda
cent1972,ckb,ckb_Arab,997,,12098280.0,12051123.0,Central Kurdish,Arab,Abjad,2 bytes,Indo-European,Indo-European > Classical Indo-European > Indo-Iranian > Iranian-Nuristani > Iranian > Central Iranian PBS > Central Iranian PB > Northwestern Iranian > Laki-Kurdish > Kurdish,Indo-European > Indo-Iranian > Iranian-Nuristani > Central Iranian PBS
beij1234,cmn,cmn_Hans,997,,10899511187.0,10856245131.0,Mandarin Chinese (Standard Beijing),Hans,Logographic,3 bytes,Sino-Tibetan,Sino-Tibetan > Sinitic > Classical-Middle-Modern Sinitic > Middle-Modern Sinitic > Northern Chinese > Mandarinic > Mandarin Chinese > Beijingic,Sino-Tibetan > Sinitic > Northern Chinese
taib1240,cmn,cmn_Hant,997,,10899511187.0,10856245131.0,Mandarin Chinese (Taiwanese),Hant,Logographic,3 bytes,Sino-Tibetan,Sino-Tibetan > Sinitic > Classical-Middle-Modern Sinitic > Middle-Modern Sinitic > Northern Chinese > Mandarinic > Mandarin Chinese > Beijingic,Sino-Tibetan > Sinitic > Northern Chinese
crim1257,crh,crh_Latn,997,,,,Crimean Tatar,Latn,Alphabet,1 byte,Turkic,Turkic > Common Turkic > Kipchak-Turkestan > Kipchak > Northwest Kipchak > West Kipchak > Crimean Tatar-Urum > Crimeaic,Turkic > Common Turkic > Kipchak-Turkestan > Kipchak > Northwest Kipchak > West Kipchak
wels1247,cym,cym_Latn,997,,20737905.0,20624391.0,Welsh,Latn,Alphabet,1 byte,Indo-European,Indo-European > Classical Indo-European > Celtic > Nuclear Celtic > Core Celtic > Insular Celtic > Brythonic > Old-Modern Welsh,Indo-European > Celtic > Brythonic
dani1285,dan,dan_Latn,997,,880593500.0,873291872.0,Danish,Latn,Alphabet,1 byte,Indo-European,Indo-European > Classical Indo-European > Germanic > Northwest Germanic > North Germanic > South Scandinavian,Indo-European > Germanic > North Germanic > South Scandinavian
darg1241,dar,dar_Cyrl,997,dev only,,,Dargwa,Cyrl,Alphabet,2 bytes,Nakh-Daghestanian,Nakh-Daghestanian > Daghestanian > Dargwic,Nakh-Daghestanian
stan1295,deu,deu_Latn,997,,11072171606.0,10978241043.0,German,Latn,Alphabet,1 byte,Indo-European,Indo-European > Classical Indo-European > Germanic > Northwest Germanic > West Germanic > High German > Upper German > Middle-Modern High German > Modern High German > Upper Franconian > Global German,Indo-European > Germanic > West Germanic > High German > Upper German
dogr1250,dgo,dgo_Deva,997,dev only,,,Dogri,Deva,Abugida,3 bytes,Indo-European,Indo-European > Classical Indo-European > Indo-Iranian > Indo-Aryan > Middle-Modern Indo-Aryan > Eastern Dardic > Himachali > Kangric-Chamealic-Bhattiyali > Kangri-Dogri,Indo-European > Indo-Iranian > Indo-Aryan > Middle-Modern Indo-Aryan > Eastern Dardic > Himachali
sout2832,dik,dik_Latn,997,,,,Southwestern Dinka,Latn,Alphabet,1 byte,Nilotic,Nilotic > Western Nilotic > Dinka-Nuer > Dinka,Nilotic > Dinka-Nuer > Dinka
dyul1238,dyu,dyu_Latn,997,,,,Dyula,Latn,Alphabet,1 byte,Mande,Mande > Western Mande > Manding-Kpelle > Central Mande > Manding-Jogo > Manding-Vai > Manding-Mokole > Manding > East Manding,Mande
dzon1239,dzo,dzo_Tibt,997,,208006.0,207770.0,Dzongkha,Tibt,Abugida,3 bytes,Sino-Tibetan,Sino-Tibetan > Bodic > Bodish > Early Old Tibetan > Middle Old Tibetan > Late Old Tibetan > Southern Tibetic > Dzongkhic > Nuclear Dzongkhic,Sino-Tibetan > Bodic > Southern Tibetic
esto1258,ekk,ekk_Latn,997,,270383021.0,268165050.0,Estonian,Latn,Alphabet,1 byte,Uralic,Uralic > Finnic > Coastal Finnic > Neva > Central Finnic,Uralic > Finnic > Central Finnic
mode1248,ell,ell_Grek,997,,1086923125.0,1081601897.0,Greek,Grek,Alphabet,2 bytes,Indo-European,Indo-European > Classical Indo-European > Graeco-Phrygian > Greek > South Greek > Central Greek > Koineic Greek > Modern Koineic Greek > Nuclear Modern Greek,Indo-European > Graeco-Phrygian
stan1293,eng,eng_Latn,997,,88502069080.0,87766779120.0,English,Latn,Alphabet,1 byte,Indo-European,Indo-European > Classical Indo-European > Germanic > Northwest Germanic > West Germanic > North Sea Germanic > Anglo-Frisian > Anglic > Later Anglic > Middle-Modern English > Macro-English,Indo-European > Germanic > West Germanic > North Sea Germanic
espe1235,epo,epo_Latn,997,,16488806.0,16428426.0,Esperanto,Latn,Alphabet,1 byte,Artificial Language,Artificial Language > Esperantic,Artificial Language > Esperantic
basq1248,eus,eus_Latn,997,,64561327.0,63938667.0,Basque,Latn,Alphabet,1 byte,Isolate,Isolate,Isolate
ewee1241,ewe,ewe_Latn,997,,,,Ewe,Latn,Alphabet,1 byte,Atlantic-Congo,Atlantic-Congo > Volta-Congo > Kwa Volta-Congo > Gbe > Western Gbe > Eweic,Atlantic-Congo > Volta-Congo > Kwa Volta-Congo > Gbe > Western Gbe
faro1244,fao,fao_Latn,997,,8203838.0,8160846.0,Faroese,Latn,Alphabet,1 byte,Indo-European,Indo-European > Classical Indo-European > Germanic > Northwest Germanic > North Germanic > West Scandinavian > Icelandic-Faroese,Indo-European > Germanic > North Germanic > West Scandinavian > Icelandic-Faroese
fiji1243,fij,fij_Latn,997,,191398.0,189932.0,Fijian,Latn,Alphabet,1 byte,Austronesian,Austronesian > Malayo-Polynesian > Eastern Malayo-Polynesian > Oceanic > Central Pacific linkage > Tokalau Fijian > Eastern Fijian > Nuclear Eastern Fijian > Viwa-Lomaiviti-East Viti Levu,Austronesian > Eastern Malayo-Polynesian > Eastern Fijian
fili1244,fil,fil_Latn,997,,,,Filipino,Latn,Alphabet,1 byte,Austronesian,Austronesian > Malayo-Polynesian > Greater Central Philippine > Central Philippine > Tagalogic > Tagalog-Filipino,Austronesian > Greater Central Philippine > Tagalogic
finn1318,fin,fin_Latn,997,,754585351.0,748584150.0,Finnish,Latn,Alphabet,1 byte,Uralic,Uralic > Finnic > Coastal Finnic > Neva > North Finnic > Nuclear Finnish,Uralic > Finnic > North Finnic
fonn1241,fon,fon_Latn,997,,,,Fon,Latn,Alphabet,1 byte,Atlantic-Congo,Atlantic-Congo > Volta-Congo > Kwa Volta-Congo > Gbe > Eastern Gbe > Fongbeic,Atlantic-Congo > Volta-Congo > Kwa Volta-Congo > Gbe > Eastern Gbe
stan1290,fra,fra_Latn,997,,8938152817.0,8869369439.0,French,Latn,Alphabet,1 byte,Indo-European,Indo-European > Classical Indo-European > Italic > Latino-Faliscan > Latinic > Imperial Latin > Romance > Italo-Western Romance > Western Romance > Shifted Western Romance > Northwestern Shifted Romance > Gallo-Rhaetian > Oil > Central Oil > Macro-French > Global French,Indo-European > Italic > Italo-Western Romance > Western Romance > Shifted Western Romance > Northwestern Shifted Romance > Gallo-Rhaetian > Global French
east2271,fur,fur_Latn,997,,,,Friulian,Latn,Alphabet,1 byte,Indo-European,Indo-European > Classical Indo-European > Italic > Latino-Faliscan > Latinic > Imperial Latin > Romance > Italo-Western Romance > Italo-Dalmatian > Italian Romance > Friulian,Indo-European > Italic > Italo-Western Romance > Italo-Dalmatian > Italian Romance > Friulian
nige1253,fuv,fuv_Latn,997,,,,Nigerian Fulfulde,Latn,Alphabet,1 byte,Atlantic-Congo,Atlantic-Congo > North-Central Atlantic > Fula-Sereer > Fula > Eastern Fula,Atlantic-Congo > North-Central Atlantic > Fula-Sereer
west2721,gaz,gaz_Latn,997,,927830.0,923231.0,West Central Oromo,Latn,Alphabet,1 byte,Afro-Asiatic,Afro-Asiatic > Cushitic > East Cushitic > Lowland East Cushitic > Southern Lowland East Cushitic > Mainstream Lowland East Cushitic > Oromoid > Nuclear Oromo,Afro-Asiatic > Cushitic > Oromoid
scot1245,gla,gla_Latn,997,,2973293.0,2962154.0,Scottish Gaelic,Latn,Alphabet,1 byte,Indo-European,Indo-European > Classical Indo-European > Celtic > Nuclear Celtic > Core Celtic > Insular Celtic > Goidelic > Modern Goidelic > Eastern Goidelic,Indo-European > Celtic > Goidelic > Eastern Goidelic
iris1253,gle,gle_Latn,997,,12046808.0,11970817.0,Irish,Latn,Alphabet,1 byte,Indo-European,Indo-European > Classical Indo-European > Celtic > Nuclear Celtic > Core Celtic > Insular Celtic > Goidelic > Modern Goidelic,Indo-European > Celtic > Goidelic
gali1258,glg,glg_Latn,997,,70206749.0,69830421.0,Galician,Latn,Alphabet,1 byte,Indo-European,Indo-European > Classical Indo-European > Italic > Latino-Faliscan > Latinic > Imperial Latin > Romance > Italo-Western Romance > Western Romance > Shifted Western Romance > Southwestern Shifted Romance > West Ibero-Romance > Galician Romance,Indo-European > Italic > Italo-Western Romance > Western Romance > Shifted Western Romance > Southwestern Shifted Romance > West Ibero-Romance > Galician Romance
goan1235,gom,gom_Deva,997,dev only,,,Goan Konkani,Deva,Abugida,3 bytes,Indo-European,Indo-European > Classical Indo-European > Indo-Iranian > Indo-Aryan > Middle-Modern Indo-Aryan > Continental Indo-Aryan > Indo-Aryan Southern zone > Marathic > Marathi-Konkani,Indo-European > Indo-Iranian > Indo-Aryan > Middle-Modern Indo-Aryan > Continental Indo-Aryan > Indo-Aryan Southern zone
para1311,gug,gug_Latn,997,,,,Paraguayan Guaraní,Latn,Alphabet,1 byte,Tupian,Tupian > Eastern Tupian > Maweti-Guarani > Aweti-Guarani > Tupi-Guarani > Southern Tupi-Guarani > Tupi-Guarani Subgroup I > Tupi-Guarani Subgroup I.A > Paraguay-Brazil Guarani,Tupian
guja1252,guj,guj_Gujr,997,,20627706.0,20505300.0,Gujarati,Gujr,Abugida,3 bytes,Indo-European,Indo-European > Classical Indo-European > Indo-Iranian > Indo-Aryan > Middle-Modern Indo-Aryan > Continental Indo-Aryan > Midlands Indo-Aryan > Apabhramsic > Gujarati-Rajasthani > Gujaratic,Indo-European > Indo-Iranian > Indo-Aryan > Middle-Modern Indo-Aryan > Continental Indo-Aryan > Midlands Indo-Aryan > Apabhramsic
hait1244,hat,hat_Latn,997,,3318663.0,3308474.0,Haitian Creole,Latn,Alphabet,1 byte,Indo-European,Indo-European > Classical Indo-European > Italic > Latino-Faliscan > Latinic > Imperial Latin > Romance > Italo-Western Romance > Western Romance > Shifted Western Romance > Northwestern Shifted Romance > Gallo-Rhaetian > Oil > Central Oil > Macro-French > Circum-Caribbean French,Indo-European > Italic > Italo-Western Romance > Western Romance > Shifted Western Romance > Northwestern Shifted Romance > Gallo-Rhaetian > Circum-Caribbean French
haus1257,hau,hau_Latn,997,,4487502.0,4460085.0,Hausa,Latn,Alphabet,1 byte,Afro-Asiatic,Afro-Asiatic > Chadic > West Chadic > West Chadic A > West Chadic A.1,Afro-Asiatic > Chadic
hebr1245,heb,heb_Hebr,997,,461968429.0,458572341.0,Hebrew,Hebr,Abjad,2 bytes,Afro-Asiatic,Afro-Asiatic > Semitic > West Semitic > Central Semitic > Northwest Semitic > Canaanite > Hebrewic,Afro-Asiatic > Semitic > Central Semitic > Northwest Semitic
hind1269,hin,hin_Deva,997,,297818592.0,296664138.0,Hindi,Deva,Abugida,3 bytes,Indo-European,Indo-European > Classical Indo-European > Indo-Iranian > Indo-Aryan > Middle-Modern Indo-Aryan > Continental Indo-Aryan > Midlands Indo-Aryan > Shaurasenic > Indo-Aryan Central zone > Western Hindi > Hindustani,Indo-European > Indo-Iranian > Indo-Aryan > Middle-Modern Indo-Aryan > Continental Indo-Aryan > Midlands Indo-Aryan > Shaurasenic > Indo-Aryan Central zone
chha1249,hne,hne_Deva,997,,,,Chhattisgarhi,Deva,Abugida,3 bytes,Indo-European,Indo-European > Classical Indo-European > Indo-Iranian > Indo-Aryan > Middle-Modern Indo-Aryan > Continental Indo-Aryan > Midlands Indo-Aryan > Shaurasenic > Eastern Hindi,Indo-European > Indo-Iranian > Indo-Aryan > Middle-Modern Indo-Aryan > Continental Indo-Aryan > Midlands Indo-Aryan > Shaurasenic > Eastern Hindi
croa1245,hrv,hrv_Latn,997,,398007249.0,395925092.0,Croatian,Latn,Alphabet,1 byte,Indo-European,Indo-European > Classical Indo-European > Balto-Slavic > Slavic > South Slavic > Western South Slavic > Serbian-Croatian-Bosnian > Shtokavski > New Shtokavian > Eastern Herzegovinian Shtokavian,Indo-European > Balto-Slavic > Slavic > South Slavic > Western South Slavic > Serbian-Croatian-Bosnian
hung1274,hun,hun_Latn,997,,1075637261.0,1069342197.0,Hungarian,Latn,Alphabet,1 byte,Uralic,Uralic > Hungaric,Uralic > Hungaric
nucl1235,hye,hye_Armn,997,,65590629.0,65263010.0,Armenian,Armn,Alphabet,2 bytes,Indo-European,Indo-European > Classical Indo-European > Armenic > Eastern-Western Armenian,Indo-European > Armenic
nucl1417,ibo,ibo_Latn,997,,1053902.0,1050050.0,Igbo,Latn,Alphabet,1 byte,Atlantic-Congo,Atlantic-Congo > Volta-Congo > Benue-Congo > Igboid > Nuclear Igboid > Central-Northern Igbo,Atlantic-Congo > Volta-Congo > Benue-Congo > Igboid
ilok1237,ilo,ilo_Latn,997,,,,Ilocano,Latn,Alphabet,1 byte,Austronesian,Austronesian > Malayo-Polynesian > Northern Luzon,Austronesian > Northern Luzon
indo1316,ind,ind_Latn,997,,1734815027.0,1724070898.0,Indonesian,Latn,Alphabet,1 byte,Austronesian,Austronesian > Malayo-Polynesian > Malayo-Chamic > Malayic > Nuclear Malayic > Standard Malay-Indonesian,Austronesian > Malayo-Chamic > Malayic > Standard Malay-Indonesian
icel1247,isl,isl_Latn,997,,77405745.0,76854819.0,Icelandic,Latn,Alphabet,1 byte,Indo-European,Indo-European > Classical Indo-European > Germanic > Northwest Germanic > North Germanic > West Scandinavian > Icelandic-Faroese,Indo-European > Germanic > North Germanic > West Scandinavian > Icelandic-Faroese
ital1282,ita,ita_Latn,997,,4769480161.0,4737665600.0,Italian,Latn,Alphabet,1 byte,Indo-European,Indo-European > Classical Indo-European > Italic > Latino-Faliscan > Latinic > Imperial Latin > Romance > Italo-Western Romance > Italo-Dalmatian > Italian Romance > Central Italian Romance,Indo-European > Italic > Italo-Western Romance > Italo-Dalmatian > Italian Romance > Central Italian Romance
java1254,jav,jav_Latn,997,,4250233.0,4240636.0,Javanese,Latn,Alphabet,1 byte,Austronesian,Austronesian > Malayo-Polynesian > Javanesic > Modern Javanese > Global Javanese,Austronesian > Javanesic
nucl1643,jpn,jpn_Jpan,997,,9870174960.0,9822995554.0,Japanese,Jpan,Logosyllabary,3 bytes,Japonic,Japonic > Japanesic > Japan-Taiwan Japanese,Japonic
kaby1243,kab,kab_Latn,997,,,,Kabyle,Latn,Alphabet,1 byte,Afro-Asiatic,Afro-Asiatic > Berber > Kabyle-Atlas Berber,Afro-Asiatic > Berber > Kabyle-Atlas Berber
kach1280,kac,kac_Latn,997,,,,Jingpho,Latn,Alphabet,1 byte,Sino-Tibetan,Sino-Tibetan > Brahmaputran > Jingpho-Luish > Jingpho,Sino-Tibetan > Brahmaputran > Jingpho-Luish
kamb1297,kam,kam_Latn,997,,,,Kamba,Latn,Alphabet,1 byte,Atlantic-Congo,Atlantic-Congo > Volta-Congo > Benue-Congo > Bantoid > Southern Bantoid > Narrow Bantu > East Bantu > Northeast Savanna Bantu > Central Kenya Bantu > Kamba-Dhaisu,Atlantic-Congo > Volta-Congo > Benue-Congo > Bantoid > East Bantu > Northeast Savanna Bantu > Central Kenya Bantu > Kamba-Dhaisu
nucl1305,kan,kan_Knda,997,,23282397.0,23203388.0,Kannada,Knda,Abugida,3 bytes,Dravidian,Dravidian > South Dravidian > South Dravidian I > Tamil-Kannada > Badaga-Kannada > Kannadoid > Nuclear Kannaoid,Dravidian > South Dravidian I > Badaga-Kannada
kash1277,kas,kas_Arab,997,,6537.0,6503.0,Kashmiri (Arabic script),Arab,Abjad,2 bytes,Indo-European,Indo-European > Classical Indo-European > Indo-Iranian > Indo-Aryan > Middle-Modern Indo-Aryan > Eastern Dardic > Kashmiric,Indo-European > Indo-Iranian > Indo-Aryan > Middle-Modern Indo-Aryan > Eastern Dardic > Kashmiric
kash1277,kas,kas_Deva,997,,6537.0,6503.0,Kashmiri (Devanagari script),Deva,Abugida,3 bytes,Indo-European,Indo-European > Classical Indo-European > Indo-Iranian > Indo-Aryan > Middle-Modern Indo-Aryan > Eastern Dardic > Kashmiric,Indo-European > Indo-Iranian > Indo-Aryan > Middle-Modern Indo-Aryan > Eastern Dardic > Kashmiric
nucl1302,kat,kat_Geor,997,,79782785.0,79423527.0,Georgian,Geor,Alphabet,2 bytes,Kartvelian,Kartvelian > Georgian-Zan > Georgic,Kartvelian
kaza1248,kaz,kaz_Cyrl,997,,49599181.0,49321690.0,Kazakh,Cyrl,Alphabet,2 bytes,Turkic,Turkic > Common Turkic > Kipchak-Turkestan > Kipchak > Southeast Kipchak > South Kipchak,Turkic > Common Turkic > Kipchak-Turkestan > Kipchak > Southeast Kipchak > South Kipchak
kabi1261,kbp,kbp_Latn,997,,,,Kabiyè,Latn,Alphabet,1 byte,Atlantic-Congo,Atlantic-Congo > Volta-Congo > North Volta-Congo > Gur > Central Gur > Southern Central Gur > Grusi > East-West Grusi > Eastern Grusi > Kabiyeic,Atlantic-Congo > Volta-Congo > North Volta-Congo > Gur > Southern Central Gur
kabu1256,kea,kea_Latn,997,,,,Kabuverdianu,Latn,Alphabet,1 byte,Indo-European,Indo-European > Classical Indo-European > Italic > Latino-Faliscan > Latinic > Imperial Latin > Romance > Italo-Western Romance > Western Romance > Shifted Western Romance > Southwestern Shifted Romance > West Ibero-Romance > Galician Romance > Macro-Portuguese > Upper Guinea Portuguese,Indo-European > Italic > Italo-Western Romance > Western Romance > Shifted Western Romance > Southwestern Shifted Romance > West Ibero-Romance > Galician Romance > Macro-Portuguese > Upper Guinea Portuguese
halh1238,khk,khk_Cyrl,997,,,,Halh Mongolian (Cyrillic script),Cyrl,Alphabet,2 bytes,Mongolic-Khitan,Mongolic-Khitan > Mongolic > Eastern Mongolic > Khalkha-Buriat > Mongolian,Mongolic-Khitan
cent1989,khm,khm_Khmr,997,,18592345.0,18501397.0,Khmer (Central),Khmr,Abugida,3 bytes,Austroasiatic,Austroasiatic > Khmeric,Austroasiatic > Khmeric
kiku1240,kik,kik_Latn,997,,,,Kikuyu,Latn,Alphabet,1 byte,Atlantic-Congo,Atlantic-Congo > Volta-Congo > Benue-Congo > Bantoid > Southern Bantoid > Narrow Bantu > East Bantu > Northeast Savanna Bantu > Central Kenya Bantu > Gikuyu-Temi,Atlantic-Congo > Volta-Congo > Benue-Congo > Bantoid > East Bantu > Northeast Savanna Bantu > Central Kenya Bantu > Gikuyu-Temi
kiny1244,kin,kin_Latn,997,,3922986.0,3902109.0,Kinyarwanda,Latn,Alphabet,1 byte,Atlantic-Congo,Atlantic-Congo > Volta-Congo > Benue-Congo > Bantoid > Southern Bantoid > Narrow Bantu > East Bantu > Northeast Savanna Bantu > Great Lakes Bantu > Western Lakes Bantu > Kivu > West Highlands Kivu,Atlantic-Congo > Volta-Congo > Benue-Congo > Bantoid > East Bantu > Northeast Savanna Bantu > Great Lakes Bantu > Western Lakes Bantu
kirg1245,kir,kir_Cyrl,997,,13210321.0,13166423.0,Kyrgyz,Cyrl,Alphabet,2 bytes,Turkic,Turkic > Common Turkic > Kipchak-Turkestan > Kipchak > Southeast Kipchak > East Kipchak,Turkic > Common Turkic > Kipchak-Turkestan > Kipchak > Southeast Kipchak > East Kipchak
khak1248,kjh,kjh_Cyrl,997,,,,Khakas,Cyrl,Alphabet,2 bytes,Turkic,Turkic > Common Turkic > South Siberian Turkic > Sayan-Yenisei Turkic > Yenisey Turkic,Turkic > Common Turkic > South Siberian Turkic > Yenisey Turkic
kimb1241,kmb,kmb_Latn,997,,,,Kimbundu,Latn,Alphabet,1 byte,Atlantic-Congo,Atlantic-Congo > Volta-Congo > Benue-Congo > Bantoid > Southern Bantoid > Narrow Bantu > Central-Western Bantu > Njila > Northern Njila > Mbundu (H.20),Atlantic-Congo > Volta-Congo > Benue-Congo > Bantoid > Central-Western Bantu > Njila > Northern Njila
nort2641,kmr,kmr_Latn,997,,12098280.0,12051123.0,Northern Kurdish,Latn,Alphabet,1 byte,Indo-European,Indo-European > Classical Indo-European > Indo-Iranian > Iranian-Nuristani > Iranian > Central Iranian PBS > Central Iranian PB > Northwestern Iranian > Laki-Kurdish > Kurdish,Indo-European > Indo-Iranian > Iranian-Nuristani > Central Iranian PBS
cent2050,knc,knc_Arab,997,,,,Central Kanuri (Arabic script),Arab,Abjad,2 bytes,Saharan,Saharan > Western Saharan > Kanuri-Kanembu > Kanuric > East Kanuri,Saharan
cent2050,knc,knc_Latn,997,,,,Central Kanuri (Latin script),Latn,Alphabet,1 byte,Saharan,Saharan > Western Saharan > Kanuri-Kanembu > Kanuric > East Kanuri,Saharan
kore1280,kor,kor_Hang,997,,1405630472.0,1399528315.0,Korean,Hang,Syllabary,3 bytes,Koreanic,Koreanic,Koreanic
kitu1246,ktu,ktu_Latn,997,,,,Kituba (DRC),Latn,Alphabet,1 byte,Atlantic-Congo,Atlantic-Congo > Volta-Congo > Benue-Congo > Bantoid > Southern Bantoid > Narrow Bantu > Central-Western Bantu > West-Coastal Bantu > Nzadic > Lweric > Dingic > Loange-Atlantic > KLC Extended > Kikongo Language Cluster > Nuclear KLC > Kikongoic > Kambakunyic Kikongo > Kilaadic Kikongo > Central-Southern Kikongo > Southeastern Kikongo > Southern Kikongo > Koongo-Kituba,Atlantic-Congo > Volta-Congo > Benue-Congo > Bantoid > Central-Western Bantu > West-Coastal Bantu
laoo1244,lao,lao_Laoo,997,,6916724.0,6876348.0,Lao,Laoo,Abugida,3 bytes,Tai-Kadai,Tai-Kadai > Kam-Tai > Daic-Beic > Daic > Central-Southwestern Tai > Wenma-Southwestern Tai > Sapa-Southwestern Tai > Southwestern Tai > Southwestern Thai PH > Lao-Thai,Tai-Kadai > Southwestern Thai PH
geno1240,lij,lij_Latn,997,,,,Ligurian (Genoese),Latn,Alphabet,1 byte,Indo-European,Indo-European > Classical Indo-European > Italic > Latino-Faliscan > Latinic > Imperial Latin > Romance > Italo-Western Romance > Western Romance > Shifted Western Romance > Northwestern Shifted Romance > Gallo-Italian > Ligurian,Indo-European > Italic > Italo-Western Romance > Western Romance > Shifted Western Romance > Northwestern Shifted Romance > Gallo-Italian > Ligurian
limb1263,lim,lim_Latn,997,,,,Limburgish,Latn,Alphabet,1 byte,Indo-European,Indo-European > Classical Indo-European > Germanic > Northwest Germanic > West Germanic > High German > Middle German > West Middle German > Middle Franconian > Ripuarian,Indo-European > Germanic > West Germanic > High German > Middle German > West Middle German > Ripuarian
ling1263,lin,lin_Latn,997,,501902.0,498891.0,Lingala,Latn,Alphabet,1 byte,Atlantic-Congo,Atlantic-Congo > Volta-Congo > Benue-Congo > Bantoid > Southern Bantoid > Narrow Bantu > Central-Western Bantu > North Zaire River > Rivers Bantu > Ngiri > Ngiri Riverain Ubangi > Ngiri Riverain Ubangi-Ripuaire > Bobangic > Bobangic Riverain > Bobangi-Bangala-Lingala > Lingala-Bangala,Atlantic-Congo > Volta-Congo > Benue-Congo > Bantoid > Central-Western Bantu > North Zaire River
lith1251,lit,lit_Latn,997,,340817538.0,338435623.0,Lithuanian,Latn,Alphabet,1 byte,Indo-European,Indo-European > Classical Indo-European > Balto-Slavic > Eastern Baltic,Indo-European > Balto-Slavic > Eastern Baltic
ladi1250,lld,lld_Latn,997,,,,Ladin (Val Badia),Latn,Alphabet,1 byte,Indo-European,Indo-European > Classical Indo-European > Italic > Latino-Faliscan > Latinic > Imperial Latin > Romance > Italo-Western Romance > Italo-Dalmatian > Italian Romance,Indo-European > Italic > Italo-Western Romance > Italo-Dalmatian > Italian Romance
gard1241,lld,lld_Latn_gard1241,997,,,,Ladin (Gherdëina),Latn,Alphabet,1 byte,Indo-European,Indo-European > Classical Indo-European > Italic > Latino-Faliscan > Latinic > Imperial Latin > Romance > Italo-Western Romance > Italo-Dalmatian > Italian Romance > Ladin,Indo-European > Italic > Italo-Western Romance > Italo-Dalmatian > Italian Romance > Ladin
lomb1257,lmo,lmo_Latn,997,[1],,,Lombard,Latn,Alphabet,1 byte,Indo-European,Indo-European > Classical Indo-European > Italic > Latino-Faliscan > Latinic > Imperial Latin > Romance > Italo-Western Romance > Western Romance > Shifted Western Romance > Northwestern Shifted Romance > Gallo-Italian > Piemontese-Lombard,Indo-European > Italic > Italo-Western Romance > Western Romance > Shifted Western Romance > Northwestern Shifted Romance > Gallo-Italian > Piemontese-Lombard
east2282,ltg,ltg_Latn,997,,,,Latgalian,Latn,Alphabet,1 byte,Indo-European,Indo-European > Classical Indo-European > Balto-Slavic > Eastern Baltic > Latvian,Indo-European > Balto-Slavic > Eastern Baltic > Latvian
luxe1241,ltz,ltz_Latn,997,,7189640.0,7155303.0,Luxembourgish,Latn,Alphabet,1 byte,Indo-European,Indo-European > Classical Indo-European > Germanic > Northwest Germanic > West Germanic > High German > Middle German > West Middle German > Middle Franconian,Indo-European > Germanic > West Germanic > High German > Middle German > West Middle German
luba1249,lua,lua_Latn,997,,,,Luba-Kasai,Latn,Alphabet,1 byte,Atlantic-Congo,Atlantic-Congo > Volta-Congo > Benue-Congo > Bantoid > Southern Bantoid > Narrow Bantu > Central-Western Bantu > Luban > Luba-Kaonde > Lubaic > Bangubangu-Kasai,Atlantic-Congo > Volta-Congo > Benue-Congo > Bantoid > Central-Western Bantu > Luban
gand1255,lug,lug_Latn,997,,370540.0,368633.0,Ganda,Latn,Alphabet,1 byte,Atlantic-Congo,Atlantic-Congo > Volta-Congo > Benue-Congo > Bantoid > Southern Bantoid > Narrow Bantu > East Bantu > Northeast Savanna Bantu > Great Lakes Bantu > West Nyanza > North Nyanza,Atlantic-Congo > Volta-Congo > Benue-Congo > Bantoid > East Bantu > Northeast Savanna Bantu > Great Lakes Bantu > West Nyanza
luok1236,luo,luo_Latn,997,,,,Luo,Latn,Alphabet,1 byte,Nilotic,Nilotic > Western Nilotic > Lwoo > Southern Lwoo > Adhola-Alur-Luo > Adhola-Luo,Nilotic > Lwoo
lush1249,lus,lus_Latn,997,,,,Mizo,Latn,Alphabet,1 byte,Sino-Tibetan,Sino-Tibetan > Kuki-Chin-Naga > Kuki-Chin > Central Kuki-Chin > Core Central Kuki-Chin > Mizoic,Sino-Tibetan > Kuki-Chin-Naga > Kuki-Chin
stan1325,lvs,lvs_Latn,997,,187747266.0,186329970.0,Standard Latvian,Latn,Alphabet,1 byte,Indo-European,Indo-European > Classical Indo-European > Balto-Slavic > Eastern Baltic > Latvian > Low Latvian,Indo-European > Balto-Slavic > Eastern Baltic > Latvian > Low Latvian
maga1260,mag,mag_Deva,997,,,,Magahi,Deva,Abugida,3 bytes,Indo-European,Indo-European > Classical Indo-European > Indo-Iranian > Indo-Aryan > Middle-Modern Indo-Aryan > Continental Indo-Aryan > Midlands Indo-Aryan > Shaurasenic > Bihari > Magadhan,Indo-European > Indo-Iranian > Indo-Aryan > Middle-Modern Indo-Aryan > Continental Indo-Aryan > Midlands Indo-Aryan > Shaurasenic > Bihari
mait1250,mai,mai_Deva,997,,,,Maithili,Deva,Abugida,3 bytes,Indo-European,Indo-European > Classical Indo-European > Indo-Iranian > Indo-Aryan > Middle-Modern Indo-Aryan > Continental Indo-Aryan > Midlands Indo-Aryan > Shaurasenic > Bihari > Magadhan,Indo-European > Indo-Iranian > Indo-Aryan > Middle-Modern Indo-Aryan > Continental Indo-Aryan > Midlands Indo-Aryan > Shaurasenic > Bihari
mala1464,mal,mal_Mlym,997,,42323749.0,42163531.0,Malayalam,Mlym,Abugida,3 bytes,Dravidian,Dravidian > South Dravidian > South Dravidian I > Tamil-Kannada > Tamil-Kota > Tamil-Toda > Tamil-Irula > Tamil-Kodagu > Tamil-Malayalam > Malayalamoid,Dravidian > South Dravidian I > Tamil-Kota > Malayalamoid
mara1378,mar,mar_Deva,997,,39315064.0,39068391.0,Marathi,Deva,Abugida,3 bytes,Indo-European,Indo-European > Classical Indo-European > Indo-Iranian > Indo-Aryan > Middle-Modern Indo-Aryan > Continental Indo-Aryan > Indo-Aryan Southern zone > Marathic > Marathi-Konkani > Old-Modern Marathi > Modern Marathi,Indo-European > Indo-Iranian > Indo-Aryan > Middle-Modern Indo-Aryan > Continental Indo-Aryan > Indo-Aryan Southern zone > Old-Modern Marathi
mori1278,mfe,mfe_Latn,997,,234376.0,233209.0,Mauritian Creole,Latn,Alphabet,1 byte,Indo-European,Indo-European > Classical Indo-European > Italic > Latino-Faliscan > Latinic > Imperial Latin > Romance > Italo-Western Romance > Western Romance > Shifted Western Romance > Northwestern Shifted Romance > Gallo-Rhaetian > Oil > Central Oil > Macro-French > Isle-de-France Creole,Indo-European > Italic > Italo-Western Romance > Western Romance > Shifted Western Romance > Northwestern Shifted Romance > Gallo-Rhaetian > Isle-de-France Creole
gras1239,mhr,mhr_Cyrl,997,,,,Meadow Mari,Cyrl,Alphabet,2 bytes,Uralic,Uralic > Mari > Eastern Mari,Uralic > Mari
mina1268,min,min_Arab,997,,,,Minangkabau (Jawi script),Arab,Abjad,2 bytes,Austronesian,Austronesian > Malayo-Polynesian > Malayo-Chamic > Malayic > Nuclear Malayic > Northern Sumatra Malay > Kerinci-Minangkabau > Minangkabauic,Austronesian > Malayo-Chamic > Malayic > Northern Sumatra Malay
mina1268,min,min_Latn,997,,,,Minangkabau (Latin script),Latn,Alphabet,1 byte,Austronesian,Austronesian > Malayo-Polynesian > Malayo-Chamic > Malayic > Nuclear Malayic > Northern Sumatra Malay > Kerinci-Minangkabau > Minangkabauic,Austronesian > Malayo-Chamic > Malayic > Northern Sumatra Malay
mace1250,mkd,mkd_Cyrl,997,,60622784.0,60352079.0,Macedonian,Cyrl,Alphabet,2 bytes,Indo-European,Indo-European > Classical Indo-European > Balto-Slavic > Slavic > South Slavic > Eastern South Slavic > Macedo-Bulgarian,Indo-European > Balto-Slavic > Slavic > South Slavic > Eastern South Slavic
malt1254,mlt,mlt_Latn,997,,6964896.0,6886190.0,Maltese,Latn,Alphabet,1 byte,Afro-Asiatic,Afro-Asiatic > Semitic > West Semitic > Central Semitic > Arabian > Arabic > North African Arabic > Western Middle Arabic > Maghrebi > Malta-Tunisian Arabic,Afro-Asiatic > Semitic > Central Semitic > Arabian > North African Arabic > Malta-Tunisian Arabic
mani1292,mni,mni_Beng,997,,,,"Meitei (Manipuri, Bengali script)",Beng,Abugida,3 bytes,Sino-Tibetan,Sino-Tibetan > Kuki-Chin-Naga,Sino-Tibetan > Kuki-Chin-Naga
mani1292,mni,mni_Mtei,997,dev only,,,"Meitei (Manipuri, Meitei script)",Mtei,Abugida,3 bytes,Sino-Tibetan,Sino-Tibetan > Kuki-Chin-Naga,Sino-Tibetan > Kuki-Chin-Naga
moss1236,mos,mos_Latn,997,,,,Mossi,Latn,Alphabet,1 byte,Atlantic-Congo,Atlantic-Congo > Volta-Congo > North Volta-Congo > Gur > Central Gur > Northern Central Gur > Bwamu-Oti-Volta > Oti-Volta > Nuclear Oti-Volta > Gurma-Yom-Oti-Volta Occidental > Oti-Volta Occidental > Nuclear Oti-Volta Occidental > Northwest Oti-Volta > Mossi-Farefare > Mossic,Atlantic-Congo > Volta-Congo > North Volta-Congo > Gur > Northern Central Gur
maor1246,mri,mri_Latn,997,,2267801.0,2252745.0,Maori,Latn,Alphabet,1 byte,Austronesian,Austronesian > Malayo-Polynesian > Eastern Malayo-Polynesian > Oceanic > Central Pacific linkage > Tokalau Fijian > Polynesian > Nuclear Polynesian > Northern Outlier Polynesian-East Polynesian > Solomons Northern Outlier Polynesian-East Polynesian > Central Northern Outlier Polynesian-East Polynesian > East Polynesian > East Polynesian Proximal > Southern East Polynesian Proximal > Maoric,Austronesian > Eastern Malayo-Polynesian > Polynesian > Northern Outlier Polynesian-East Polynesian
nucl1310,mya,mya_Mymr,997,,23624930.0,23532659.0,Burmese,Mymr,Abugida,3 bytes,Sino-Tibetan,Sino-Tibetan > Burmo-Qiangic > Lolo-Burmese > Burmish > Southern Burmish > Mranmaic > Nuclear Mranmaic,Sino-Tibetan > Burmo-Qiangic
erzy1239,myv,myv_Cyrl,997,,,,Erzya,Cyrl,Alphabet,2 bytes,Uralic,Uralic > Mordvin,Uralic > Mordvin
dutc1256,nld,nld_Latn,997,,3610577463.0,3581120841.0,Dutch,Latn,Alphabet,1 byte,Indo-European,Indo-European > Classical Indo-European > Germanic > Northwest Germanic > West Germanic > Macro-Dutch > Middle-Modern Dutch > Modern Dutch > Global Dutch,Indo-European > Germanic > West Germanic > Macro-Dutch
norw1262,nno,nno_Latn,997,,32531797.0,32290890.0,Norwegian Nynorsk,Latn,Alphabet,1 byte,Indo-European,Indo-European > Classical Indo-European > Germanic > Northwest Germanic > North Germanic > West Scandinavian > Norwegian,Indo-European > Germanic > North Germanic > West Scandinavian > Norwegian
norw1259,nob,nob_Latn,997,,649813400.0,644493173.0,"Norwegian Bokmål, moderate variety",Latn,Alphabet,1 byte,Indo-European,Indo-European > Classical Indo-European > Germanic > Northwest Germanic > North Germanic > West Scandinavian > Norwegian,Indo-European > Germanic > North Germanic > West Scandinavian > Norwegian
norw1259 (with variant=radical),nob,nob_Latn_radical,997,,649813400.0,644493173.0,"Norwegian Bokmål, radical variety",Latn,Alphabet,1 byte,Indo-European,Indo-European > Classical Indo-European > Germanic > Northwest Germanic > North Germanic > West Scandinavian > Norwegian,Indo-European > Germanic > North Germanic > West Scandinavian > Norwegian
nepa1254,npi,npi_Deva,997,,,,Nepali,Deva,Abugida,3 bytes,Indo-European,Indo-European > Classical Indo-European > Indo-Iranian > Indo-Aryan > Middle-Modern Indo-Aryan > Continental Indo-Aryan > Midlands Indo-Aryan > Indo-Aryan Northern zone > Eastern Pahari,Indo-European > Indo-Iranian > Indo-Aryan > Middle-Modern Indo-Aryan > Continental Indo-Aryan > Midlands Indo-Aryan > Indo-Aryan Northern zone
nkoa1234,nqo,nqo_Nkoo,997,,,,Nko,Nkoo,Alphabet,2 bytes,Artificial Language,Artificial Language,Artificial Language
pedi1238,nso,nso_Latn,997,,206600.0,205851.0,Northern Sotho,Latn,Alphabet,1 byte,Atlantic-Congo,Atlantic-Congo > Volta-Congo > Benue-Congo > Bantoid > Southern Bantoid > Narrow Bantu > East Bantu > Southern Bantu > Nuclear Southern Bantu > Dimsuffix Southern Bantu > Sotho-Tswana (S.30) > Northern Sotho > Sepedic,Atlantic-Congo > Volta-Congo > Benue-Congo > Bantoid > East Bantu > Southern Bantu > Nuclear Southern Bantu > Sotho-Tswana (S.30) > Northern Sotho
nuer1246,nus,nus_Latn,997,,,,Nuer,Latn,Alphabet,1 byte,Nilotic,Nilotic > Western Nilotic > Dinka-Nuer > Nuer-Reel,Nilotic > Dinka-Nuer > Nuer-Reel
nyan1308,nya,nya_Latn,997,,928706.0,925245.0,Nyanja,Latn,Alphabet,1 byte,Atlantic-Congo,Atlantic-Congo > Volta-Congo > Benue-Congo > Bantoid > Southern Bantoid > Narrow Bantu > East Bantu > Tumbuka-Sena-Nyanja > Sena-Nyanja > Nyanjaic,Atlantic-Congo > Volta-Congo > Benue-Congo > Bantoid > East Bantu > Tumbuka-Sena-Nyanja > Sena-Nyanja
occi1239,oci,oci_Latn,997,,6366886.0,6339942.0,Occitan,Latn,Alphabet,1 byte,Indo-European,Indo-European > Classical Indo-European > Italic > Latino-Faliscan > Latinic > Imperial Latin > Romance > Italo-Western Romance > Western Romance > Shifted Western Romance > Southwestern Shifted Romance > Occitanic,Indo-European > Italic > Italo-Western Romance > Western Romance > Shifted Western Romance > Southwestern Shifted Romance > Occitanic
aran1260,oci,oci_Latn_aran1260,997,,6366886.0,6339942.0,Aranese,Latn,Alphabet,1 byte,Indo-European,Indo-European > Classical Indo-European > Italic > Latino-Faliscan > Latinic > Imperial Latin > Romance > Italo-Western Romance > Western Romance > Shifted Western Romance > Southwestern Shifted Romance > Occitanic > Occitan > Gascon,Indo-European > Italic > Italo-Western Romance > Western Romance > Shifted Western Romance > Southwestern Shifted Romance > Occitanic > Occitan
oriy1255,ory,ory_Orya,997,,8341478.0,8321756.0,Odia,Orya,Abugida,3 bytes,Indo-European,Indo-European > Classical Indo-European > Indo-Iranian > Indo-Aryan > Middle-Modern Indo-Aryan > Continental Indo-Aryan > Indo-Aryan Eastern zone > Oriya-Gauda-Kamrupa > Macro-Oriya,Indo-European > Indo-Iranian > Indo-Aryan > Middle-Modern Indo-Aryan > Continental Indo-Aryan > Indo-Aryan Eastern zone > Macro-Oriya
pang1290,pag,pag_Latn,997,,,,Pangasinan,Latn,Alphabet,1 byte,Austronesian,Austronesian > Malayo-Polynesian > Northern Luzon > Meso-Cordilleran > South-Central Cordilleran > Southern Cordilleran > West Southern Cordilleran,Austronesian > Northern Luzon > Meso-Cordilleran
panj1256,pan,pan_Guru,997,,11640973.0,11593313.0,Eastern Panjabi,Guru,Abugida,3 bytes,Indo-European,Indo-European > Classical Indo-European > Indo-Iranian > Indo-Aryan > Middle-Modern Indo-Aryan > Continental Indo-Aryan > Indo-Aryan Northwestern zone > Sindhi-Lahnda > Greater Panjabic > Eastern Panjabic,Indo-European > Indo-Iranian > Indo-Aryan > Middle-Modern Indo-Aryan > Continental Indo-Aryan > Indo-Aryan Northwestern zone > Greater Panjabic
papi1253,pap,pap_Latn,997,,,,Papiamento,Latn,Alphabet,1 byte,Indo-European,Indo-European > Classical Indo-European > Italic > Latino-Faliscan > Latinic > Imperial Latin > Romance > Italo-Western Romance > Western Romance > Shifted Western Romance > Southwestern Shifted Romance > West Ibero-Romance > Galician Romance > Macro-Portuguese > Upper Guinea Portuguese,Indo-European > Italic > Italo-Western Romance > Western Romance > Shifted Western Romance > Southwestern Shifted Romance > West Ibero-Romance > Galician Romance > Macro-Portuguese > Upper Guinea Portuguese
sout2649,pbt,pbt_Arab,997,,6367306.0,6336284.0,Southern Pashto,Arab,Abjad,2 bytes,Indo-European,Indo-European > Classical Indo-European > Indo-Iranian > Iranian-Nuristani > Iranian > Pashto > Nuclear Pashto,Indo-European > Indo-Iranian > Iranian-Nuristani > Pashto
west2369,pes,pes_Arab,997,,1271707294.0,1264171685.0,Western Persian,Arab,Abjad,2 bytes,Indo-European,Indo-European > Classical Indo-European > Indo-Iranian > Iranian-Nuristani > Iranian > Southwestern Iranian > Middle-Modern Persian > Modern Southwestern Iranian > Farsic-Caucasian Tat > Farsic,Indo-European > Indo-Iranian > Iranian-Nuristani > Southwestern Iranian
plat1254,plt,plt_Latn,997,,6431320.0,6401178.0,Plateau Malagasy,Latn,Alphabet,1 byte,Austronesian,Austronesian > Malayo-Polynesian > Basap-Greater Barito > Greater Barito linkage > Southeast Barito > Malagasic > North-Central Malagasic > Central-Eastern Malagasic,Austronesian > Basap-Greater Barito
poli1260,pol,pol_Latn,997,,3430605391.0,3408199823.0,Polish,Latn,Alphabet,1 byte,Indo-European,Indo-European > Classical Indo-European > Balto-Slavic > Slavic > West Slavic > Lechitic > Polish-Silesian,Indo-European > Balto-Slavic > Slavic > West Slavic > Lechitic
braz1246,por,por_Latn,997,,4099018104.0,4074503096.0,Portuguese (Brazilian),Latn,Alphabet,1 byte,Indo-European,Indo-European > Classical Indo-European > Italic > Latino-Faliscan > Latinic > Imperial Latin > Romance > Italo-Western Romance > Western Romance > Shifted Western Romance > Southwestern Shifted Romance > West Ibero-Romance > Galician Romance > Macro-Portuguese > Brazil-Portugal Portuguese > Portuguese,Indo-European > Italic > Italo-Western Romance > Western Romance > Shifted Western Romance > Southwestern Shifted Romance > West Ibero-Romance > Galician Romance > Macro-Portuguese > Brazil-Portugal Portuguese
dari1249,prs,prs_Arab,997,,,,Dari,Arab,Abjad,2 bytes,Indo-European,Indo-European > Classical Indo-European > Indo-Iranian > Iranian-Nuristani > Iranian > Southwestern Iranian > Middle-Modern Persian > Modern Southwestern Iranian > Farsic-Caucasian Tat > Farsic > Eastern Farsic,Indo-European > Indo-Iranian > Iranian-Nuristani > Southwestern Iranian > Eastern Farsic
ayac1239,quy,quy_Latn,997,,,,Ayacucho Quechua,Latn,Alphabet,1 byte,Quechuan,Quechuan > Southern Quechua > Ayacuchan Quechua,Quechuan
roma1327,ron,ron_Latn,997,,1125558850.0,1119333515.0,Romanian,Latn,Alphabet,1 byte,Indo-European,Indo-European > Classical Indo-European > Italic > Latino-Faliscan > Latinic > Imperial Latin > Romance > Eastern Romance > Northern Romanian > Eastern Romanian,Indo-European > Italic > Eastern Romance
rund1242,run,run_Latn,997,,172804.0,171267.0,Rundi,Latn,Alphabet,1 byte,Atlantic-Congo,Atlantic-Congo > Volta-Congo > Benue-Congo > Bantoid > Southern Bantoid > Narrow Bantu > East Bantu > Northeast Savanna Bantu > Great Lakes Bantu > Western Lakes Bantu > Kivu > West Highlands Kivu > Rundic,Atlantic-Congo > Volta-Congo > Benue-Congo > Bantoid > East Bantu > Northeast Savanna Bantu > Great Lakes Bantu > Western Lakes Bantu > Rundic
russ1263,rus,rus_Cyrl,997,,13473783858.0,13397737772.0,Russian,Cyrl,Alphabet,2 bytes,Indo-European,Indo-European > Classical Indo-European > Balto-Slavic > Slavic > East Slavic,Indo-European > Balto-Slavic > Slavic > East Slavic
sang1328,sag,sag_Latn,997,,363372.0,363127.0,Sango,Latn,Alphabet,1 byte,Atlantic-Congo,Atlantic-Congo > Volta-Congo > North Volta-Congo > Cameroun-Ubangian > Ubangi > Ngbandi-Mongoba-Kazibati > Ngbandic > Nuclear Ngbandic > Sangoic,Atlantic-Congo > Volta-Congo > North Volta-Congo > Cameroun-Ubangian
sans1269,san,san_Deva,997,,5674920.0,5648368.0,Sanskrit,Deva,Abugida,3 bytes,Indo-European,Indo-European > Classical Indo-European > Indo-Iranian > Indo-Aryan,Indo-European > Indo-Iranian > Indo-Aryan
sant1410,sat,sat_Olck,997,,,,Santali,Olck,Abugida,3 bytes,Austroasiatic,Austroasiatic > Mundaic > North Munda > Kherwarian > Santalic,Austroasiatic > Mundaic
sici1248,scn,scn_Latn,997,,,,Sicilian,Latn,Alphabet,1 byte,Indo-European,Indo-European > Classical Indo-European > Italic > Latino-Faliscan > Latinic > Imperial Latin > Romance > Italo-Western Romance > Italo-Dalmatian > Italian Romance > Southern Italian Romance,Indo-European > Italic > Italo-Western Romance > Italo-Dalmatian > Italian Romance > Southern Italian Romance
shan1277,shn,shn_Mymr,997,,,,Shan,Mymr,Abugida,3 bytes,Tai-Kadai,Tai-Kadai > Kam-Tai > Daic-Beic > Daic > Central-Southwestern Tai > Wenma-Southwestern Tai > Sapa-Southwestern Tai > Southwestern Tai > Southwestern Tai P > Shanic > Southern Shanic,Tai-Kadai > Southwestern Tai P
sinh1246,sin,sin_Sinh,997,,15218821.0,15163617.0,Sinhala,Sinh,Abugida,3 bytes,Indo-European,Indo-European > Classical Indo-European > Indo-Iranian > Indo-Aryan > Middle-Modern Indo-Aryan > Dhivehi-Sinhala > Sinhalaic,Indo-European > Indo-Iranian > Indo-Aryan > Middle-Modern Indo-Aryan > Dhivehi-Sinhala
slov1269,slk,slk_Latn,997,,696039997.0,691361945.0,Slovak,Latn,Alphabet,1 byte,Indo-European,Indo-European > Classical Indo-European > Balto-Slavic > Slavic > West Slavic > Czech-Slovak,Indo-European > Balto-Slavic > Slavic > West Slavic > Czech-Slovak
slov1268,slv,slv_Latn,997,,295443845.0,293532981.0,Slovenian,Latn,Alphabet,1 byte,Indo-European,Indo-European > Classical Indo-European > Balto-Slavic > Slavic > South Slavic > Western South Slavic,Indo-European > Balto-Slavic > Slavic > South Slavic > Western South Slavic
samo1305,smo,smo_Latn,997,,982573.0,978614.0,Samoan,Latn,Alphabet,1 byte,Austronesian,Austronesian > Malayo-Polynesian > Eastern Malayo-Polynesian > Oceanic > Central Pacific linkage > Tokalau Fijian > Polynesian > Nuclear Polynesian > Ellicean > Pukapukic > Samoan-Tokelauan,Austronesian > Eastern Malayo-Polynesian > Polynesian > Ellicean
shon1251,sna,sna_Latn,997,,1015714.0,1010485.0,Shona,Latn,Alphabet,1 byte,Atlantic-Congo,Atlantic-Congo > Volta-Congo > Benue-Congo > Bantoid > Southern Bantoid > Narrow Bantu > East Bantu > Southern Bantu > Shona (S.10) > Core Shona > Plateau Shona > Central Shona,Atlantic-Congo > Volta-Congo > Benue-Congo > Bantoid > East Bantu > Southern Bantu > Shona (S.10)
sind1272,snd,snd_Arab,997,,2500046.0,2476633.0,Sindhi (Arabic script),Arab,Abjad,2 bytes,Indo-European,Indo-European > Classical Indo-European > Indo-Iranian > Indo-Aryan > Middle-Modern Indo-Aryan > Continental Indo-Aryan > Indo-Aryan Northwestern zone > Sindhi-Lahnda > Sindhic > Sindhi-Kachchi,Indo-European > Indo-Iranian > Indo-Aryan > Middle-Modern Indo-Aryan > Continental Indo-Aryan > Indo-Aryan Northwestern zone > Sindhic
sind1272,snd,snd_Deva,997,dev only,2500046.0,2476633.0,Sindhi (Devanagari script),Deva,Abugida,3 bytes,Indo-European,Indo-European > Classical Indo-European > Indo-Iranian > Indo-Aryan > Middle-Modern Indo-Aryan > Continental Indo-Aryan > Indo-Aryan Northwestern zone > Sindhi-Lahnda > Sindhic > Sindhi-Kachchi,Indo-European > Indo-Iranian > Indo-Aryan > Middle-Modern Indo-Aryan > Continental Indo-Aryan > Indo-Aryan Northwestern zone > Sindhic
soma1255,som,som_Latn,997,,8811562.0,8782377.0,Somali,Latn,Alphabet,1 byte,Afro-Asiatic,Afro-Asiatic > Cushitic > East Cushitic > Lowland East Cushitic > Southern Lowland East Cushitic > Mainstream Lowland East Cushitic > Omo-Tana > Eastern Omo-Tana,Afro-Asiatic > Cushitic > Omo-Tana
sout2807,sot,sot_Latn,997,,952169.0,947711.0,Southern Sotho,Latn,Alphabet,1 byte,Atlantic-Congo,Atlantic-Congo > Volta-Congo > Benue-Congo > Bantoid > Southern Bantoid > Narrow Bantu > East Bantu > Southern Bantu > Nuclear Southern Bantu > Dimsuffix Southern Bantu > Sotho-Tswana (S.30) > Western Sotho-Tswana > Central Sotho-Tswana > Sesotho-Lozi,Atlantic-Congo > Volta-Congo > Benue-Congo > Bantoid > East Bantu > Southern Bantu > Nuclear Southern Bantu > Sotho-Tswana (S.30) > Western Sotho-Tswana > Sesotho-Lozi
amer1254,spa,spa_Latn,997,,8721329091.0,8661896197.0,Spanish (Latin American),Latn,Alphabet,1 byte,Indo-European,Indo-European > Classical Indo-European > Italic > Latino-Faliscan > Latinic > Imperial Latin > Romance > Italo-Western Romance > Western Romance > Shifted Western Romance > Southwestern Shifted Romance > West Ibero-Romance > Castilic > Spanish,Indo-European > Italic > Italo-Western Romance > Western Romance > Shifted Western Romance > Southwestern Shifted Romance > West Ibero-Romance > Castilic
sard1257,srd,srd_Latn,997,[1],,,Sardinian,Latn,Alphabet,1 byte,Indo-European,Indo-European > Classical Indo-European > Italic > Latino-Faliscan > Latinic > Imperial Latin > Romance,Indo-European > Italic
serb1264,srp,srp_Cyrl,997,,428606923.0,426190099.0,Serbian,Cyrl,Alphabet,2 bytes,Indo-European,Indo-European > Classical Indo-European > Balto-Slavic > Slavic > South Slavic > Western South Slavic > Serbian-Croatian-Bosnian > Shtokavski > New Shtokavian > Eastern Herzegovinian Shtokavian,Indo-European > Balto-Slavic > Slavic > South Slavic > Western South Slavic > Serbian-Croatian-Bosnian
swat1243,ssw,ssw_Latn,997,,76074.0,74395.0,Swati,Latn,Alphabet,1 byte,Atlantic-Congo,Atlantic-Congo > Volta-Congo > Benue-Congo > Bantoid > Southern Bantoid > Narrow Bantu > East Bantu > Southern Bantu > Nuclear Southern Bantu > Dimsuffix Southern Bantu > Nguni-Tsonga-Copi > Nguni (S.40) > Nuclear Nguni > Southern Ndebele-Lowland > Swatic,Atlantic-Congo > Volta-Congo > Benue-Congo > Bantoid > East Bantu > Southern Bantu > Nuclear Southern Bantu > Nguni-Tsonga-Copi > Nguni (S.40) > Swatic
sund1252,sun,sun_Latn,997,,2136693.0,2127295.0,Sundanese,Latn,Alphabet,1 byte,Austronesian,Austronesian > Malayo-Polynesian,Austronesian
swed1254,swe,swe_Latn,997,,1409838855.0,1398770001.0,Swedish,Latn,Alphabet,1 byte,Indo-European,Indo-European > Classical Indo-European > Germanic > Northwest Germanic > North Germanic > North Scandinavian > East-Central Swedic > East Swedic,Indo-European > Germanic > North Germanic > North Scandinavian
swah1253,swh,swh_Latn,997,,16167752.0,16103776.0,Swahili,Latn,Alphabet,1 byte,Atlantic-Congo,Atlantic-Congo > Volta-Congo > Benue-Congo > Bantoid > Southern Bantoid > Narrow Bantu > East Bantu > Northeast Savanna Bantu > Northeast Coastal Bantu > Coastal NEC Bantu > Sabaki-Swahili > Swahili (G.40) > Mombasa-Lamu-Inland Swahili,Atlantic-Congo > Volta-Congo > Benue-Congo > Bantoid > East Bantu > Northeast Savanna Bantu > Northeast Coastal Bantu
sile1253,szl,szl_Latn,997,,,,Silesian,Latn,Alphabet,1 byte,Indo-European,Indo-European > Classical Indo-European > Balto-Slavic > Slavic > West Slavic > Lechitic > Polish-Silesian,Indo-European > Balto-Slavic > Slavic > West Slavic > Lechitic
tami1289,tam,tam_Taml,997,,85165919.0,84823478.0,Tamil,Taml,Abugida,3 bytes,Dravidian,Dravidian > South Dravidian > South Dravidian I > Tamil-Kannada > Tamil-Kota > Tamil-Toda > Tamil-Irula > Tamil-Kodagu > Tamil-Malayalam > Tamiloid > Tamil-Paliyan,Dravidian > South Dravidian I > Tamil-Kota > Tamiloid
tama1365,taq,taq_Latn,997,,,,Tamasheq (Latin script),Latn,Alphabet,1 byte,Afro-Asiatic,Afro-Asiatic > Berber > Tuareg > Southern Tuareg,Afro-Asiatic > Berber > Tuareg
tama1365,taq,taq_Tfng,997,,,,Tamasheq (Tifinagh script),Tfng,Alphabet,2 bytes,Afro-Asiatic,Afro-Asiatic > Berber > Tuareg > Southern Tuareg,Afro-Asiatic > Berber > Tuareg
tata1255,tat,tat_Cyrl,997,,13992169.0,13955010.0,Tatar,Cyrl,Alphabet,2 bytes,Turkic,Turkic > Common Turkic > Kipchak-Turkestan > Kipchak > Northwest Kipchak > North Kipchak > Bashkiric,Turkic > Common Turkic > Kipchak-Turkestan > Kipchak > Northwest Kipchak > North Kipchak
telu1262,tel,tel_Telu,997,,34841942.0,34709401.0,Telugu,Telu,Abugida,3 bytes,Dravidian,Dravidian > South Dravidian > South Dravidian II > Teluguic,Dravidian > South Dravidian II
taji1245,tgk,tgk_Cyrl,997,,10533180.0,10506081.0,Tajik,Cyrl,Alphabet,2 bytes,Indo-European,Indo-European > Classical Indo-European > Indo-Iranian > Iranian-Nuristani > Iranian > Southwestern Iranian > Middle-Modern Persian > Modern Southwestern Iranian > Farsic-Caucasian Tat > Farsic > Eastern Farsic > Tajikic,Indo-European > Indo-Iranian > Iranian-Nuristani > Southwestern Iranian > Eastern Farsic > Tajikic
thai1261,tha,tha_Thai,997,,745804664.0,741927782.0,Thai,Thai,Abugida,3 bytes,Tai-Kadai,Tai-Kadai > Kam-Tai > Daic-Beic > Daic > Central-Southwestern Tai > Wenma-Southwestern Tai > Sapa-Southwestern Tai > Southwestern Tai > Southwestern Thai PH > Lao-Thai,Tai-Kadai > Southwestern Thai PH
tigr1271,tir,tir_Ethi,997,,1422770.0,1408041.0,Tigrinya,Ethi,Abugida,3 bytes,Afro-Asiatic,Afro-Asiatic > Semitic > West Semitic > Ethiosemitic,Afro-Asiatic > Semitic > Ethiosemitic
tokp1240,tpi,tpi_Latn,997,,,,Tok Pisin,Latn,Alphabet,1 byte,Indo-European,Indo-European > Classical Indo-European > Germanic > Northwest Germanic > West Germanic > North Sea Germanic > Anglo-Frisian > Anglic > Later Anglic > Middle-Modern English > Macro-English > Pacific Creole English > Early Melanesian Pidgin,Indo-European > Germanic > West Germanic > North Sea Germanic > Pacific Creole English
tswa1253,tsn,tsn_Latn,997,,386856.0,383554.0,Tswana,Latn,Alphabet,1 byte,Atlantic-Congo,Atlantic-Congo > Volta-Congo > Benue-Congo > Bantoid > Southern Bantoid > Narrow Bantu > East Bantu > Southern Bantu > Nuclear Southern Bantu > Dimsuffix Southern Bantu > Sotho-Tswana (S.30) > Western Sotho-Tswana > Central Sotho-Tswana,Atlantic-Congo > Volta-Congo > Benue-Congo > Bantoid > East Bantu > Southern Bantu > Nuclear Southern Bantu > Sotho-Tswana (S.30) > Western Sotho-Tswana
tson1249,tso,tso_Latn,997,,127912.0,127165.0,Tsonga,Latn,Alphabet,1 byte,Atlantic-Congo,Atlantic-Congo > Volta-Congo > Benue-Congo > Bantoid > Southern Bantoid > Narrow Bantu > East Bantu > Southern Bantu > Nuclear Southern Bantu > Dimsuffix Southern Bantu > Nguni-Tsonga-Copi > Tsonga-Copi > Tswa-Ronga (S.50) > Tsongan,Atlantic-Congo > Volta-Congo > Benue-Congo > Bantoid > East Bantu > Southern Bantu > Nuclear Southern Bantu > Nguni-Tsonga-Copi > Tsonga-Copi
turk1304,tuk,tuk_Latn,997,,3821690.0,3808159.0,Turkmen,Latn,Alphabet,1 byte,Turkic,Turkic > Common Turkic > Oghuz > Nuclear Oghuz > East Oghuz,Turkic > Common Turkic > Oghuz > East Oghuz
tumb1250,tum,tum_Latn,997,,,,Tumbuka,Latn,Alphabet,1 byte,Atlantic-Congo,Atlantic-Congo > Volta-Congo > Benue-Congo > Bantoid > Southern Bantoid > Narrow Bantu > East Bantu > Tumbuka-Sena-Nyanja > Tumbukic,Atlantic-Congo > Volta-Congo > Benue-Congo > Bantoid > East Bantu > Tumbuka-Sena-Nyanja > Tumbukic
nucl1301,tur,tur_Latn,997,,1975738495.0,1964050769.0,Turkish,Latn,Alphabet,1 byte,Turkic,Turkic > Common Turkic > Oghuz > Nuclear Oghuz > West Oghuz,Turkic > Common Turkic > Oghuz > West Oghuz
akua1239,twi,twi_Latn_akua1239,997,,,,Akuapem Twi,Latn,Alphabet,1 byte,Atlantic-Congo,Atlantic-Congo > Volta-Congo > Kwa Volta-Congo > Nyo > Potou-Tano > Tano > Central Tano > Akanic > Akan > Twi,Atlantic-Congo > Volta-Congo > Kwa Volta-Congo > Nyo
asan1239,twi,twi_Latn_asan1239,997,,,,Asante Twi,Latn,Alphabet,1 byte,Atlantic-Congo,Atlantic-Congo > Volta-Congo > Kwa Volta-Congo > Nyo > Potou-Tano > Tano > Central Tano > Akanic > Akan > Twi,Atlantic-Congo > Volta-Congo > Kwa Volta-Congo > Nyo
tuvi1240,tyv,tyv_Cyrl,997,,,,Tuvan,Cyrl,Alphabet,2 bytes,Turkic,Turkic > Common Turkic > South Siberian Turkic > Sayan-Yenisei Turkic > Sayan,Turkic > Common Turkic > South Siberian Turkic > Sayan
uigh1240,uig,uig_Arab,997,,2481026.0,2473081.0,Uyghur,Arab,Abjad,2 bytes,Turkic,Turkic > Common Turkic > Kipchak-Turkestan > Turkestan > Modern Turkestan > Uyghuric,Turkic > Common Turkic > Kipchak-Turkestan > Turkestan > Uyghuric
ukra1253,ukr,ukr_Cyrl,997,,911455063.0,899679131.0,Ukrainian,Cyrl,Alphabet,2 bytes,Indo-European,Indo-European > Classical Indo-European > Balto-Slavic > Slavic > East Slavic > Ukrainian-Rusyn,Indo-European > Balto-Slavic > Slavic > East Slavic > Ukrainian-Rusyn
umbu1257,umb,umb_Latn,997,,,,Umbundu,Latn,Alphabet,1 byte,Atlantic-Congo,Atlantic-Congo > Volta-Congo > Benue-Congo > Bantoid > Southern Bantoid > Narrow Bantu > Central-Western Bantu > Njila > Southern Njila > Kunene,Atlantic-Congo > Volta-Congo > Benue-Congo > Bantoid > Central-Western Bantu > Njila > Southern Njila > Kunene
urdu1245,urd,urd_Arab,997,,52677605.0,52410770.0,Urdu,Arab,Abjad,2 bytes,Indo-European,Indo-European > Classical Indo-European > Indo-Iranian > Indo-Aryan > Middle-Modern Indo-Aryan > Continental Indo-Aryan > Midlands Indo-Aryan > Shaurasenic > Indo-Aryan Central zone > Western Hindi > Hindustani,Indo-European > Indo-Iranian > Indo-Aryan > Middle-Modern Indo-Aryan > Continental Indo-Aryan > Midlands Indo-Aryan > Shaurasenic > Indo-Aryan Central zone
nort2690,uzn,uzn_Latn,997,,36822402.0,36635418.0,Northern Uzbek,Latn,Alphabet,1 byte,Turkic,Turkic > Common Turkic > Kipchak-Turkestan > Turkestan > Modern Turkestan > Uzbek,Turkic > Common Turkic > Kipchak-Turkestan > Turkestan > Uzbek
sout2699,uzs,uzs_Arab,997,dev only,36822402.0,36635418.0,Southern Uzbek,Arab,Abjad,2 bytes,Turkic,Turkic > Common Turkic > Kipchak-Turkestan > Turkestan > Modern Turkestan > Uzbek,Turkic > Common Turkic > Kipchak-Turkestan > Turkestan > Uzbek
vene1259,vec,vec_Latn,997,,,,Venetian,Latn,Alphabet,1 byte,Indo-European,Indo-European > Classical Indo-European > Italic > Latino-Faliscan > Latinic > Imperial Latin > Romance > Italo-Western Romance > Italo-Dalmatian > Dalmatian Romance > Venetian,Indo-European > Italic > Italo-Western Romance > Italo-Dalmatian > Dalmatian Romance
viet1252,vie,vie_Latn,997,,1815676717.0,1803286122.0,Vietnamese,Latn,Alphabet,1 byte,Austroasiatic,Austroasiatic > Vietic > Viet-Muong,Austroasiatic > Vietic
cent2033,vmw,vmw_Latn,997,,,,Emakhuwa (Central),Latn,Alphabet,1 byte,Atlantic-Congo,Atlantic-Congo > Volta-Congo > Benue-Congo > Bantoid > Southern Bantoid > Narrow Bantu > East Bantu > North Mozambique Bantu > Makua-Lomwe > Makhuwa,Atlantic-Congo > Volta-Congo > Benue-Congo > Bantoid > East Bantu > North Mozambique Bantu
wara1300,war,war_Latn,997,,5160491.0,5140938.0,Waray,Latn,Alphabet,1 byte,Austronesian,Austronesian > Malayo-Polynesian > Greater Central Philippine > Central Philippine > Bisayan > Central Bisayan > Warayan > Samar-Waray,Austronesian > Greater Central Philippine > Bisayan > Central Bisayan
nucl1347,wol,wol_Latn,997,,301486.0,299205.0,Wolof,Latn,Alphabet,1 byte,Atlantic-Congo,Atlantic-Congo > North-Central Atlantic > Wolof-BKK > Wolofic,Atlantic-Congo > North-Central Atlantic > Wolof-BKK
suhu1238,wuu,wuu_Hans,997,dev only,,,Wu Chinese,Hans,Logographic,3 bytes,Sino-Tibetan,Sino-Tibetan > Sinitic > Classical-Middle-Modern Sinitic > Middle-Modern Sinitic > Wu-Hui Chinese > Wuic > Wu Chinese > Taihu,Sino-Tibetan > Sinitic > Wu-Hui Chinese
xhos1239,xho,xho_Latn,997,,2214453.0,2207154.0,Xhosa,Latn,Alphabet,1 byte,Atlantic-Congo,Atlantic-Congo > Volta-Congo > Benue-Congo > Bantoid > Southern Bantoid > Narrow Bantu > East Bantu > Southern Bantu > Nuclear Southern Bantu > Dimsuffix Southern Bantu > Nguni-Tsonga-Copi > Nguni (S.40) > Nuclear Nguni > Southern Ndebele-Lowland,Atlantic-Congo > Volta-Congo > Benue-Congo > Bantoid > East Bantu > Southern Bantu > Nuclear Southern Bantu > Nguni-Tsonga-Copi > Nguni (S.40)
east2295,ydd,ydd_Hebr,997,,,,Eastern Yiddish,Hebr,Abjad,2 bytes,Indo-European,Indo-European > Classical Indo-European > Germanic > Northwest Germanic > West Germanic > High German > Middle German > East Middle German > Schlesisch-Wilmesau,Indo-European > Germanic > West Germanic > High German > Middle German > East Middle German
yoru1245,yor,yor_Latn,997,,1746642.0,1741768.0,Yoruba,Latn,Alphabet,1 byte,Atlantic-Congo,Atlantic-Congo > Volta-Congo > Benue-Congo > Defoid > Yoruboid > Edekiri > Ede > Eastern Ede > Southeastern Ede > Nuclear Yoruba > Lucumi-Yoruba,Atlantic-Congo > Volta-Congo > Benue-Congo > Defoid
xian1255,yue,yue_Hant,997,,,,Yue Chinese (Hong Kong Cantonese),Hant,Logographic,3 bytes,Sino-Tibetan,Sino-Tibetan > Sinitic > Classical-Middle-Modern Sinitic > Middle-Modern Sinitic > Yue-Pinghua > Yue Chinese > Yuehai > Cantonese,Sino-Tibetan > Sinitic > Yue-Pinghua
stan1324,zgh,zgh_Tfng,997,,,,Standard Moroccan Tamazight,Tfng,Alphabet,2 bytes,Afro-Asiatic,Afro-Asiatic > Berber > Kabyle-Atlas Berber > Atlas Berber > Central Moroccan Berber,Afro-Asiatic > Berber > Kabyle-Atlas Berber > Atlas Berber
stan1306,zsm,zsm_Latn,997,,180337405.0,179648747.0,Standard Malay,Latn,Alphabet,1 byte,Austronesian,Austronesian > Malayo-Polynesian > Malayo-Chamic > Malayic > Nuclear Malayic > Standard Malay-Indonesian,Austronesian > Malayo-Chamic > Malayic > Standard Malay-Indonesian
zulu1248,zul,zul_Latn,997,,2742378.0,2735836.0,Zulu,Latn,Alphabet,1 byte,Atlantic-Congo,Atlantic-Congo > Volta-Congo > Benue-Congo > Bantoid > Southern Bantoid > Narrow Bantu > East Bantu > Southern Bantu > Nuclear Southern Bantu > Dimsuffix Southern Bantu > Nguni-Tsonga-Copi > Nguni (S.40) > Nuclear Nguni > Southern Ndebele-Lowland,Atlantic-Congo > Volta-Congo > Benue-Congo > Bantoid > East Bantu > Southern Bantu > Nuclear Southern Bantu > Nguni-Tsonga-Copi > Nguni (S.40)
