Code,Script,Glottocode,Name,Notes,Family,Subfamily_1,Subfamily_2,Full_Classification
ace,Arab,achi1257,Acehnese (Jawi script),,Austronesian,Malayo-Polynesian,Malayo-Chamic,Austronesian > Malayo-Polynesian > Malayo-Chamic > Aceh-Chamic
ace,Latn,achi1257,Acehnese (Latin script),,Austronesian,Malayo-Polynesian,Malayo-Chamic,Austronesian > Malayo-Polynesian > Malayo-Chamic > Aceh-Chamic
acm,Arab,meso1252,Mesopotamian Arabic,,Afro-Asiatic,Semitic,West Semitic,Afro-Asiatic > Semitic > West Semitic > Central Semitic > Arabian > Arabic > Eastern Arabic
acq,Arab,taiz1242,Taʽizzi-Adeni Arabic,,Afro-Asiatic,Semitic,West Semitic,Afro-Asiatic > Semitic > West Semitic > Central Semitic > Arabian > Arabic > Arabian Peninsula Arabic
aeb,Arab,tuni1259,Tunisian Arabic,,Afro-Asiatic,Semitic,West Semitic,Afro-Asiatic > Semitic > West Semitic > Central Semitic > Arabian > Arabic > North African Arabic > Western Middle Arabic > Maghrebi > Malta-Tunisian Arabic
afr,Latn,afri1274,Afrikaans,,Indo-European,Classical Indo-European,Germanic,Indo-European > Classical Indo-European > Germanic > Northwest Germanic > West Germanic > Macro-Dutch > Middle-Modern Dutch > Modern Dutch > Global Dutch > Afrikaansic
als,Latn,tosk1239,Albanian (Tosk),,Indo-European,Classical Indo-European,Albanian,Indo-European > Classical Indo-European > Albanian > Albanian-Tosk
amh,Ethi,amha1245,Amharic,,Afro-Asiatic,Semitic,West Semitic,Afro-Asiatic > Semitic > West Semitic > Ethiosemitic > South Ethiopic > Amharic-Argobba
apc,Arab,nort3139,Levantine Arabic (North),,Afro-Asiatic,Semitic,West Semitic,Afro-Asiatic > Semitic > West Semitic > Central Semitic > Arabian > Arabic > Levantine-Cypriot Arabic
apc,Arab,sout3123,Levantine Arabic (South),,Afro-Asiatic,Semitic,West Semitic,Afro-Asiatic > Semitic > West Semitic > Central Semitic > Arabian > Arabic > Levantine-Cypriot Arabic > Levantine Arabic
arb,Arab,stan1318,Modern Standard Arabic,,Afro-Asiatic,Semitic,West Semitic,Afro-Asiatic > Semitic > West Semitic > Central Semitic > Arabian > Arabic
arb,Latn,stan1318,Modern Standard Arabic (Romanized),,Afro-Asiatic,Semitic,West Semitic,Afro-Asiatic > Semitic > West Semitic > Central Semitic > Arabian > Arabic
arg,Latn,arag1245,Aragonese,,Indo-European,Classical Indo-European,Italic,Indo-European > Classical Indo-European > Italic > Latino-Faliscan > Latinic > Imperial Latin > Romance > Italo-Western Romance > Western Romance > Unshifted Western Romance
ars,Arab,najd1235,Najdi Arabic,,Afro-Asiatic,Semitic,West Semitic,Afro-Asiatic > Semitic > West Semitic > Central Semitic > Arabian > Arabic > Arabian Peninsula Arabic > North Arabian Beduin Arabic
ary,Arab,moro1292,Moroccan Arabic,,Afro-Asiatic,Semitic,West Semitic,Afro-Asiatic > Semitic > West Semitic > Central Semitic > Arabian > Arabic > North African Arabic > Western Middle Arabic > Maghrebi
arz,Arab,egyp1253,Egyptian Arabic,,Afro-Asiatic,Semitic,West Semitic,Afro-Asiatic > Semitic > West Semitic > Central Semitic > Arabian > Arabic > Egyptic Arabic > Egypto-Sudanic Arabic
asm,Beng,assa1263,Assamese,,Indo-European,Classical Indo-European,Indo-Iranian,Indo-European > Classical Indo-European > Indo-Iranian > Indo-Aryan > Middle-Modern Indo-Aryan > Continental Indo-Aryan > Indo-Aryan Eastern zone > Oriya-Gauda-Kamrupa > Gauda-Kamrupa > Kamrupa > Eastern Kamrupa
ast,Latn,astu1245,Asturian,,Indo-European,Classical Indo-European,Italic,Indo-European > Classical Indo-European > Italic > Latino-Faliscan > Latinic > Imperial Latin > Romance > Italo-Western Romance > Western Romance > Shifted Western Romance > Southwestern Shifted Romance > West Ibero-Romance > Asturo-Leonese
awa,Deva,awad1243,Awadhi,,Indo-European,Classical Indo-European,Indo-Iranian,Indo-European > Classical Indo-European > Indo-Iranian > Indo-Aryan > Middle-Modern Indo-Aryan > Continental Indo-Aryan > Midlands Indo-Aryan > Shaurasenic > Eastern Hindi > Awadhic
ayr,Latn,cent2142,Central Aymara,,Aymaran,Central-Southern Aymara,,Aymaran > Central-Southern Aymara
azb,Arab,sout2697,South Azerbaijani,,Turkic,Common Turkic,Oghuz,Turkic > Common Turkic > Oghuz > Nuclear Oghuz > Central Oghuz
azj,Latn,nort2697,North Azerbaijani,,Turkic,Common Turkic,Oghuz,Turkic > Common Turkic > Oghuz > Nuclear Oghuz > Central Oghuz
bak,Cyrl,bash1264,Bashkir,,Turkic,Common Turkic,Kipchak-Turkestan,Turkic > Common Turkic > Kipchak-Turkestan > Kipchak > Northwest Kipchak > North Kipchak > Bashkiric
bam,Latn,bamb1269,Bambara,,Mande,Western Mande,Manding-Kpelle,Mande > Western Mande > Manding-Kpelle > Central Mande > Manding-Jogo > Manding-Vai > Manding-Mokole > Manding > East Manding
ban,Latn,bali1278,Balinese,,Austronesian,Malayo-Polynesian,Bali-Sasak-Sumbawa,Austronesian > Malayo-Polynesian > Bali-Sasak-Sumbawa
bel,Cyrl,bela1254,Belarusian,,Indo-European,Classical Indo-European,Balto-Slavic,Indo-European > Classical Indo-European > Balto-Slavic > Slavic > East Slavic
bem,Latn,bemb1257,Bemba,,Atlantic-Congo,Volta-Congo,Benue-Congo,Atlantic-Congo > Volta-Congo > Benue-Congo > Bantoid > Southern Bantoid > Narrow Bantu > East Bantu > Sabi > Malungu-Central Sabi > Central Sabi > Bemba (M.40)
ben,Beng,beng1280,Bengali,,Indo-European,Classical Indo-European,Indo-Iranian,Indo-European > Classical Indo-European > Indo-Iranian > Indo-Aryan > Middle-Modern Indo-Aryan > Continental Indo-Aryan > Indo-Aryan Eastern zone > Oriya-Gauda-Kamrupa > Gauda-Kamrupa > Gauda-Banga
bho,Deva,bhoj1244,Bhojpuri,,Indo-European,Classical Indo-European,Indo-Iranian,Indo-European > Classical Indo-European > Indo-Iranian > Indo-Aryan > Middle-Modern Indo-Aryan > Continental Indo-Aryan > Midlands Indo-Aryan > Shaurasenic > Bihari > Magadhan > Bhojpuric
bjn,Arab,banj1239,Banjar (Jawi script),,Austronesian,Malayo-Polynesian,Malayo-Chamic,Austronesian > Malayo-Polynesian > Malayo-Chamic > Malayic > Nuclear Malayic > East Borneo Malay > Banjar-Berau-Brunei Malay > Banjar-Bukit Malay
bjn,Latn,banj1239,Banjar (Latin script),,Austronesian,Malayo-Polynesian,Malayo-Chamic,Austronesian > Malayo-Polynesian > Malayo-Chamic > Malayic > Nuclear Malayic > East Borneo Malay > Banjar-Berau-Brunei Malay > Banjar-Bukit Malay
bod,Tibt,utsa1239,Lhasa Tibetan,,Sino-Tibetan,Bodic,Bodish,Sino-Tibetan > Bodic > Bodish > Early Old Tibetan > Middle Old Tibetan > Late Old Tibetan > Central Tibetan > Tibetan > Ü
bos,Latn,bosn1245,Bosnian,,Indo-European,Classical Indo-European,Balto-Slavic,Indo-European > Classical Indo-European > Balto-Slavic > Slavic > South Slavic > Western South Slavic > Serbian-Croatian-Bosnian > Shtokavski > New Shtokavian > Eastern Herzegovinian Shtokavian
brx,Deva,bodo1269,Bodo,dev only,Sino-Tibetan,Brahmaputran,Bodo-Garo,Sino-Tibetan > Brahmaputran > Bodo-Garo > Boroic > Tiwa-Boro > Bodo-Mech-Kachari
bug,Latn,bugi1244,Buginese,,Austronesian,Malayo-Polynesian,Greater South Sulawesi,Austronesian > Malayo-Polynesian > Greater South Sulawesi > South Sulawesi > Tamanic-Bugis > Bugis
bul,Cyrl,bulg1262,Bulgarian,,Indo-European,Classical Indo-European,Balto-Slavic,Indo-European > Classical Indo-European > Balto-Slavic > Slavic > South Slavic > Eastern South Slavic > Macedo-Bulgarian
cat,Latn,stan1289,Catalan,,Indo-European,Classical Indo-European,Italic,Indo-European > Classical Indo-European > Italic > Latino-Faliscan > Latinic > Imperial Latin > Romance > Italo-Western Romance > Western Romance > Shifted Western Romance > Southwestern Shifted Romance
ceb,Latn,cebu1242,Cebuano,,Austronesian,Malayo-Polynesian,Greater Central Philippine,Austronesian > Malayo-Polynesian > Greater Central Philippine > Central Philippine > Bisayan
ces,Latn,czec1258,Czech,,Indo-European,Classical Indo-European,Balto-Slavic,Indo-European > Classical Indo-European > Balto-Slavic > Slavic > West Slavic > Czech-Slovak
chv,Cyrl,chuv1255,Chuvash,,Turkic,Bolgar,,Turkic > Bolgar
cjk,Latn,chok1245,Chokwe,,Atlantic-Congo,Volta-Congo,Benue-Congo,Atlantic-Congo > Volta-Congo > Benue-Congo > Bantoid > Southern Bantoid > Narrow Bantu > Central-Western Bantu > Njila > Southern Njila > Chokwe-Lunda > Chokwe-Ngangela-Nyemba (K.20) > Chokwe-Lwena
ckb,Arab,cent1972,Central Kurdish,,Indo-European,Classical Indo-European,Indo-Iranian,Indo-European > Classical Indo-European > Indo-Iranian > Iranian-Nuristani > Iranian > Central Iranian PBS > Central Iranian PB > Northwestern Iranian > Laki-Kurdish > Kurdish
cmn,Hans,beij1234,Mandarin Chinese (Standard Beijing),,Sino-Tibetan,Sinitic,Classical-Middle-Modern Sinitic,Sino-Tibetan > Sinitic > Classical-Middle-Modern Sinitic > Middle-Modern Sinitic > Northern Chinese > Mandarinic > Mandarin Chinese > Beijingic
cmn,Hant,taib1240,Mandarin Chinese (Taiwanese),,Sino-Tibetan,Sinitic,Classical-Middle-Modern Sinitic,Sino-Tibetan > Sinitic > Classical-Middle-Modern Sinitic > Middle-Modern Sinitic > Northern Chinese > Mandarinic > Mandarin Chinese > Beijingic
crh,Latn,crim1257,Crimean Tatar,,Turkic,Common Turkic,Kipchak-Turkestan,Turkic > Common Turkic > Kipchak-Turkestan > Kipchak > Northwest Kipchak > West Kipchak > Crimean Tatar-Urum > Crimeaic
cym,Latn,wels1247,Welsh,,Indo-European,Classical Indo-European,Celtic,Indo-European > Classical Indo-European > Celtic > Nuclear Celtic > Core Celtic > Insular Celtic > Brythonic > Old-Modern Welsh
dan,Latn,dani1285,Danish,,Indo-European,Classical Indo-European,Germanic,Indo-European > Classical Indo-European > Germanic > Northwest Germanic > North Germanic > South Scandinavian
dar,Cyrl,darg1241,Dargwa,dev only,Nakh-Daghestanian,Daghestanian,Dargwic,Nakh-Daghestanian > Daghestanian > Dargwic
deu,Latn,stan1295,German,,Indo-European,Classical Indo-European,Germanic,Indo-European > Classical Indo-European > Germanic > Northwest Germanic > West Germanic > High German > Upper German > Middle-Modern High German > Modern High German > Upper Franconian > Global German
dgo,Deva,dogr1250,Dogri,dev only,Indo-European,Classical Indo-European,Indo-Iranian,Indo-European > Classical Indo-European > Indo-Iranian > Indo-Aryan > Middle-Modern Indo-Aryan > Eastern Dardic > Himachali > Kangric-Chamealic-Bhattiyali > Kangri-Dogri
dik,Latn,sout2832,Southwestern Dinka,,Nilotic,Western Nilotic,Dinka-Nuer,Nilotic > Western Nilotic > Dinka-Nuer > Dinka
dyu,Latn,dyul1238,Dyula,,Mande,Western Mande,Manding-Kpelle,Mande > Western Mande > Manding-Kpelle > Central Mande > Manding-Jogo > Manding-Vai > Manding-Mokole > Manding > East Manding
dzo,Tibt,dzon1239,Dzongkha,,Sino-Tibetan,Bodic,Bodish,Sino-Tibetan > Bodic > Bodish > Early Old Tibetan > Middle Old Tibetan > Late Old Tibetan > Southern Tibetic > Dzongkhic > Nuclear Dzongkhic
ekk,Latn,esto1258,Estonian,,Uralic,Finnic,Coastal Finnic,Uralic > Finnic > Coastal Finnic > Neva > Central Finnic
ell,Grek,mode1248,Greek,,Indo-European,Classical Indo-European,Graeco-Phrygian,Indo-European > Classical Indo-European > Graeco-Phrygian > Greek > South Greek > Central Greek > Koineic Greek > Modern Koineic Greek > Nuclear Modern Greek
eng,Latn,stan1293,English,,Indo-European,Classical Indo-European,Germanic,Indo-European > Classical Indo-European > Germanic > Northwest Germanic > West Germanic > North Sea Germanic > Anglo-Frisian > Anglic > Later Anglic > Middle-Modern English > Macro-English
epo,Latn,espe1235,Esperanto,,Artificial Language,Esperantic,,Artificial Language > Esperantic
eus,Latn,basq1248,Basque,,,,,
ewe,Latn,ewee1241,Ewe,,Atlantic-Congo,Volta-Congo,Kwa Volta-Congo,Atlantic-Congo > Volta-Congo > Kwa Volta-Congo > Gbe > Western Gbe > Eweic
fao,Latn,faro1244,Faroese,,Indo-European,Classical Indo-European,Germanic,Indo-European > Classical Indo-European > Germanic > Northwest Germanic > North Germanic > West Scandinavian > Icelandic-Faroese
fij,Latn,fiji1243,Fijian,,Austronesian,Malayo-Polynesian,Eastern Malayo-Polynesian,Austronesian > Malayo-Polynesian > Eastern Malayo-Polynesian > Oceanic > Central Pacific linkage > Tokalau Fijian > Eastern Fijian > Nuclear Eastern Fijian > Viwa-Lomaiviti-East Viti Levu
fil,Latn,fili1244,Filipino,,Austronesian,Malayo-Polynesian,Greater Central Philippine,Austronesian > Malayo-Polynesian > Greater Central Philippine > Central Philippine > Tagalogic > Tagalog-Filipino
fin,Latn,finn1318,Finnish,,Uralic,Finnic,Coastal Finnic,Uralic > Finnic > Coastal Finnic > Neva > North Finnic > Nuclear Finnish
fon,Latn,fonn1241,Fon,,Atlantic-Congo,Volta-Congo,Kwa Volta-Congo,Atlantic-Congo > Volta-Congo > Kwa Volta-Congo > Gbe > Eastern Gbe > Fongbeic
fra,Latn,stan1290,French,,Indo-European,Classical Indo-European,Italic,Indo-European > Classical Indo-European > Italic > Latino-Faliscan > Latinic > Imperial Latin > Romance > Italo-Western Romance > Western Romance > Shifted Western Romance > Northwestern Shifted Romance > Gallo-Rhaetian > Oil > Central Oil > Macro-French > Global French
fur,Latn,east2271,Friulian,,Indo-European,Classical Indo-European,Italic,Indo-European > Classical Indo-European > Italic > Latino-Faliscan > Latinic > Imperial Latin > Romance > Italo-Western Romance > Italo-Dalmatian > Italian Romance > Friulian
fuv,Latn,nige1253,Nigerian Fulfulde,,Atlantic-Congo,North-Central Atlantic,Fula-Sereer,Atlantic-Congo > North-Central Atlantic > Fula-Sereer > Fula > Eastern Fula
gaz,Latn,west2721,West Central Oromo,,Afro-Asiatic,Cushitic,East Cushitic,Afro-Asiatic > Cushitic > East Cushitic > Lowland East Cushitic > Southern Lowland East Cushitic > Mainstream Lowland East Cushitic > Oromoid > Nuclear Oromo
gla,Latn,scot1245,Scottish Gaelic,,Indo-European,Classical Indo-European,Celtic,Indo-European > Classical Indo-European > Celtic > Nuclear Celtic > Core Celtic > Insular Celtic > Goidelic > Modern Goidelic > Eastern Goidelic
gle,Latn,iris1253,Irish,,Indo-European,Classical Indo-European,Celtic,Indo-European > Classical Indo-European > Celtic > Nuclear Celtic > Core Celtic > Insular Celtic > Goidelic > Modern Goidelic
glg,Latn,gali1258,Galician,,Indo-European,Classical Indo-European,Italic,Indo-European > Classical Indo-European > Italic > Latino-Faliscan > Latinic > Imperial Latin > Romance > Italo-Western Romance > Western Romance > Shifted Western Romance > Southwestern Shifted Romance > West Ibero-Romance > Galician Romance
gom,Deva,goan1235,Goan Konkani,dev only,Indo-European,Classical Indo-European,Indo-Iranian,Indo-European > Classical Indo-European > Indo-Iranian > Indo-Aryan > Middle-Modern Indo-Aryan > Continental Indo-Aryan > Indo-Aryan Southern zone > Marathic > Marathi-Konkani
gug,Latn,para1311,Paraguayan Guaraní,,Tupian,Eastern Tupian,Maweti-Guarani,Tupian > Eastern Tupian > Maweti-Guarani > Aweti-Guarani > Tupi-Guarani > Southern Tupi-Guarani > Tupi-Guarani Subgroup I > Tupi-Guarani Subgroup I.A > Paraguay-Brazil Guarani
guj,Gujr,guja1252,Gujarati,,Indo-European,Classical Indo-European,Indo-Iranian,Indo-European > Classical Indo-European > Indo-Iranian > Indo-Aryan > Middle-Modern Indo-Aryan > Continental Indo-Aryan > Midlands Indo-Aryan > Apabhramsic > Gujarati-Rajasthani > Gujaratic
hat,Latn,hait1244,Haitian Creole,,Indo-European,Classical Indo-European,Italic,Indo-European > Classical Indo-European > Italic > Latino-Faliscan > Latinic > Imperial Latin > Romance > Italo-Western Romance > Western Romance > Shifted Western Romance > Northwestern Shifted Romance > Gallo-Rhaetian > Oil > Central Oil > Macro-French > Circum-Caribbean French
hau,Latn,haus1257,Hausa,,Afro-Asiatic,Chadic,West Chadic,Afro-Asiatic > Chadic > West Chadic > West Chadic A > West Chadic A.1
heb,Hebr,hebr1245,Hebrew,,Afro-Asiatic,Semitic,West Semitic,Afro-Asiatic > Semitic > West Semitic > Central Semitic > Northwest Semitic > Canaanite > Hebrewic
hin,Deva,hind1269,Hindi,,Indo-European,Classical Indo-European,Indo-Iranian,Indo-European > Classical Indo-European > Indo-Iranian > Indo-Aryan > Middle-Modern Indo-Aryan > Continental Indo-Aryan > Midlands Indo-Aryan > Shaurasenic > Indo-Aryan Central zone > Western Hindi > Hindustani
hne,Deva,chha1249,Chhattisgarhi,,Indo-European,Classical Indo-European,Indo-Iranian,Indo-European > Classical Indo-European > Indo-Iranian > Indo-Aryan > Middle-Modern Indo-Aryan > Continental Indo-Aryan > Midlands Indo-Aryan > Shaurasenic > Eastern Hindi
hrv,Latn,croa1245,Croatian,,Indo-European,Classical Indo-European,Balto-Slavic,Indo-European > Classical Indo-European > Balto-Slavic > Slavic > South Slavic > Western South Slavic > Serbian-Croatian-Bosnian > Shtokavski > New Shtokavian > Eastern Herzegovinian Shtokavian
hun,Latn,hung1274,Hungarian,,Uralic,Hungaric,,Uralic > Hungaric
hye,Armn,nucl1235,Armenian,,Indo-European,Classical Indo-European,Armenic,Indo-European > Classical Indo-European > Armenic > Eastern-Western Armenian
ibo,Latn,nucl1417,Igbo,,Atlantic-Congo,Volta-Congo,Benue-Congo,Atlantic-Congo > Volta-Congo > Benue-Congo > Igboid > Nuclear Igboid > Central-Northern Igbo
ilo,Latn,ilok1237,Ilocano,,Austronesian,Malayo-Polynesian,Northern Luzon,Austronesian > Malayo-Polynesian > Northern Luzon
ind,Latn,indo1316,Indonesian,,Austronesian,Malayo-Polynesian,Malayo-Chamic,Austronesian > Malayo-Polynesian > Malayo-Chamic > Malayic > Nuclear Malayic > Standard Malay-Indonesian
isl,Latn,icel1247,Icelandic,,Indo-European,Classical Indo-European,Germanic,Indo-European > Classical Indo-European > Germanic > Northwest Germanic > North Germanic > West Scandinavian > Icelandic-Faroese
ita,Latn,ital1282,Italian,,Indo-European,Classical Indo-European,Italic,Indo-European > Classical Indo-European > Italic > Latino-Faliscan > Latinic > Imperial Latin > Romance > Italo-Western Romance > Italo-Dalmatian > Italian Romance > Central Italian Romance
jav,Latn,java1254,Javanese,,Austronesian,Malayo-Polynesian,Javanesic,Austronesian > Malayo-Polynesian > Javanesic > Modern Javanese > Global Javanese
jpn,Jpan,nucl1643,Japanese,,Japonic,Japanesic,Japan-Taiwan Japanese,Japonic > Japanesic > Japan-Taiwan Japanese
kab,Latn,kaby1243,Kabyle,,Afro-Asiatic,Berber,Kabyle-Atlas Berber,Afro-Asiatic > Berber > Kabyle-Atlas Berber
kac,Latn,kach1280,Jingpho,,Sino-Tibetan,Brahmaputran,Jingpho-Luish,Sino-Tibetan > Brahmaputran > Jingpho-Luish > Jingpho
kam,Latn,kamb1297,Kamba,,Atlantic-Congo,Volta-Congo,Benue-Congo,Atlantic-Congo > Volta-Congo > Benue-Congo > Bantoid > Southern Bantoid > Narrow Bantu > East Bantu > Northeast Savanna Bantu > Central Kenya Bantu > Kamba-Dhaisu
kan,Knda,nucl1305,Kannada,,Dravidian,South Dravidian,South Dravidian I,Dravidian > South Dravidian > South Dravidian I > Tamil-Kannada > Badaga-Kannada > Kannadoid > Nuclear Kannaoid
kas,Arab,kash1277,Kashmiri (Arabic script),,Indo-European,Classical Indo-European,Indo-Iranian,Indo-European > Classical Indo-European > Indo-Iranian > Indo-Aryan > Middle-Modern Indo-Aryan > Eastern Dardic > Kashmiric
kas,Deva,kash1277,Kashmiri (Devanagari script),,Indo-European,Classical Indo-European,Indo-Iranian,Indo-European > Classical Indo-European > Indo-Iranian > Indo-Aryan > Middle-Modern Indo-Aryan > Eastern Dardic > Kashmiric
kat,Geor,nucl1302,Georgian,,Kartvelian,Georgian-Zan,Georgic,Kartvelian > Georgian-Zan > Georgic
kaz,Cyrl,kaza1248,Kazakh,,Turkic,Common Turkic,Kipchak-Turkestan,Turkic > Common Turkic > Kipchak-Turkestan > Kipchak > Southeast Kipchak > South Kipchak
kbp,Latn,kabi1261,Kabiyè,,Atlantic-Congo,Volta-Congo,North Volta-Congo,Atlantic-Congo > Volta-Congo > North Volta-Congo > Gur > Central Gur > Southern Central Gur > Grusi > East-West Grusi > Eastern Grusi > Kabiyeic
kea,Latn,kabu1256,Kabuverdianu,,Indo-European,Classical Indo-European,Italic,Indo-European > Classical Indo-European > Italic > Latino-Faliscan > Latinic > Imperial Latin > Romance > Italo-Western Romance > Western Romance > Shifted Western Romance > Southwestern Shifted Romance > West Ibero-Romance > Galician Romance > Macro-Portuguese > Upper Guinea Portuguese
khk,Cyrl,halh1238,Halh Mongolian (Cyrillic script),,Mongolic-Khitan,Mongolic,Eastern Mongolic,Mongolic-Khitan > Mongolic > Eastern Mongolic > Khalkha-Buriat > Mongolian
khm,Khmr,cent1989,Khmer (Central),,Austroasiatic,Khmeric,,Austroasiatic > Khmeric
kik,Latn,kiku1240,Kikuyu,,Atlantic-Congo,Volta-Congo,Benue-Congo,Atlantic-Congo > Volta-Congo > Benue-Congo > Bantoid > Southern Bantoid > Narrow Bantu > East Bantu > Northeast Savanna Bantu > Central Kenya Bantu > Gikuyu-Temi
kin,Latn,kiny1244,Kinyarwanda,,Atlantic-Congo,Volta-Congo,Benue-Congo,Atlantic-Congo > Volta-Congo > Benue-Congo > Bantoid > Southern Bantoid > Narrow Bantu > East Bantu > Northeast Savanna Bantu > Great Lakes Bantu > Western Lakes Bantu > Kivu > West Highlands Kivu
kir,Cyrl,kirg1245,Kyrgyz,,Turkic,Common Turkic,Kipchak-Turkestan,Turkic > Common Turkic > Kipchak-Turkestan > Kipchak > Southeast Kipchak > East Kipchak
kjh,Cyrl,khak1248,Khakas,,Turkic,Common Turkic,South Siberian Turkic,Turkic > Common Turkic > South Siberian Turkic > Sayan-Yenisei Turkic > Yenisey Turkic
kmb,Latn,kimb1241,Kimbundu,,Atlantic-Congo,Volta-Congo,Benue-Congo,Atlantic-Congo > Volta-Congo > Benue-Congo > Bantoid > Southern Bantoid > Narrow Bantu > Central-Western Bantu > Njila > Northern Njila > Mbundu (H.20)
kmr,Latn,nort2641,Northern Kurdish,,Indo-European,Classical Indo-European,Indo-Iranian,Indo-European > Classical Indo-European > Indo-Iranian > Iranian-Nuristani > Iranian > Central Iranian PBS > Central Iranian PB > Northwestern Iranian > Laki-Kurdish > Kurdish
knc,Arab,cent2050,Central Kanuri (Arabic script),,Saharan,Western Saharan,Kanuri-Kanembu,Saharan > Western Saharan > Kanuri-Kanembu > Kanuric > East Kanuri
knc,Latn,cent2050,Central Kanuri (Latin script),,Saharan,Western Saharan,Kanuri-Kanembu,Saharan > Western Saharan > Kanuri-Kanembu > Kanuric > East Kanuri
kor,Hang,kore1280,Korean,,Koreanic,,,Koreanic
ktu,Latn,kitu1246,Kituba (DRC),,Atlantic-Congo,Volta-Congo,Benue-Congo,Atlantic-Congo > Volta-Congo > Benue-Congo > Bantoid > Southern Bantoid > Narrow Bantu > Central-Western Bantu > West-Coastal Bantu > Nzadic > Lweric > Dingic > Loange-Atlantic > KLC Extended > Kikongo Language Cluster > Nuclear KLC > Kikongoic > Kambakunyic Kikongo > Kilaadic Kikongo > Central-Southern Kikongo > Southeastern Kikongo > Southern Kikongo > Koongo-Kituba
lao,Laoo,laoo1244,Lao,,Tai-Kadai,Kam-Tai,Daic-Beic,Tai-Kadai > Kam-Tai > Daic-Beic > Daic > Central-Southwestern Tai > Wenma-Southwestern Tai > Sapa-Southwestern Tai > Southwestern Tai > Southwestern Thai PH > Lao-Thai
lij,Latn,geno1240,Ligurian (Genoese),,Indo-European,Classical Indo-European,Italic,Indo-European > Classical Indo-European > Italic > Latino-Faliscan > Latinic > Imperial Latin > Romance > Italo-Western Romance > Western Romance > Shifted Western Romance > Northwestern Shifted Romance > Gallo-Italian > Ligurian
lim,Latn,limb1263,Limburgish,,Indo-European,Classical Indo-European,Germanic,Indo-European > Classical Indo-European > Germanic > Northwest Germanic > West Germanic > High German > Middle German > West Middle German > Middle Franconian > Ripuarian
lin,Latn,ling1263,Lingala,,Atlantic-Congo,Volta-Congo,Benue-Congo,Atlantic-Congo > Volta-Congo > Benue-Congo > Bantoid > Southern Bantoid > Narrow Bantu > Central-Western Bantu > North Zaire River > Rivers Bantu > Ngiri > Ngiri Riverain Ubangi > Ngiri Riverain Ubangi-Ripuaire > Bobangic > Bobangic Riverain > Bobangi-Bangala-Lingala > Lingala-Bangala
lit,Latn,lith1251,Lithuanian,,Indo-European,Classical Indo-European,Balto-Slavic,Indo-European > Classical Indo-European > Balto-Slavic > Eastern Baltic
lld,Latn,ladi1250,Ladin (Val Badia),,Indo-European,Classical Indo-European,Italic,Indo-European > Classical Indo-European > Italic > Latino-Faliscan > Latinic > Imperial Latin > Romance > Italo-Western Romance > Italo-Dalmatian > Italian Romance
lld,Latn,gard1241,Ladin (Gherdëina),,Indo-European,Classical Indo-European,Italic,Indo-European > Classical Indo-European > Italic > Latino-Faliscan > Latinic > Imperial Latin > Romance > Italo-Western Romance > Italo-Dalmatian > Italian Romance > Ladin
lmo,Latn,lomb1257,Lombard,[1],Indo-European,Classical Indo-European,Italic,Indo-European > Classical Indo-European > Italic > Latino-Faliscan > Latinic > Imperial Latin > Romance > Italo-Western Romance > Western Romance > Shifted Western Romance > Northwestern Shifted Romance > Gallo-Italian > Piemontese-Lombard
ltg,Latn,east2282,Latgalian,,Indo-European,Classical Indo-European,Balto-Slavic,Indo-European > Classical Indo-European > Balto-Slavic > Eastern Baltic > Latvian
ltz,Latn,luxe1241,Luxembourgish,,Indo-European,Classical Indo-European,Germanic,Indo-European > Classical Indo-European > Germanic > Northwest Germanic > West Germanic > High German > Middle German > West Middle German > Middle Franconian
lua,Latn,luba1249,Luba-Kasai,,Atlantic-Congo,Volta-Congo,Benue-Congo,Atlantic-Congo > Volta-Congo > Benue-Congo > Bantoid > Southern Bantoid > Narrow Bantu > Central-Western Bantu > Luban > Luba-Kaonde > Lubaic > Bangubangu-Kasai
lug,Latn,gand1255,Ganda,,Atlantic-Congo,Volta-Congo,Benue-Congo,Atlantic-Congo > Volta-Congo > Benue-Congo > Bantoid > Southern Bantoid > Narrow Bantu > East Bantu > Northeast Savanna Bantu > Great Lakes Bantu > West Nyanza > North Nyanza
luo,Latn,luok1236,Luo,,Nilotic,Western Nilotic,Lwoo,Nilotic > Western Nilotic > Lwoo > Southern Lwoo > Adhola-Alur-Luo > Adhola-Luo
lus,Latn,lush1249,Mizo,,Sino-Tibetan,Kuki-Chin-Naga,Kuki-Chin,Sino-Tibetan > Kuki-Chin-Naga > Kuki-Chin > Central Kuki-Chin > Core Central Kuki-Chin > Mizoic
lvs,Latn,stan1325,Standard Latvian,,Indo-European,Classical Indo-European,Balto-Slavic,Indo-European > Classical Indo-European > Balto-Slavic > Eastern Baltic > Latvian > Low Latvian
mag,Deva,maga1260,Magahi,,Indo-European,Classical Indo-European,Indo-Iranian,Indo-European > Classical Indo-European > Indo-Iranian > Indo-Aryan > Middle-Modern Indo-Aryan > Continental Indo-Aryan > Midlands Indo-Aryan > Shaurasenic > Bihari > Magadhan
mai,Deva,mait1250,Maithili,,Indo-European,Classical Indo-European,Indo-Iranian,Indo-European > Classical Indo-European > Indo-Iranian > Indo-Aryan > Middle-Modern Indo-Aryan > Continental Indo-Aryan > Midlands Indo-Aryan > Shaurasenic > Bihari > Magadhan
mal,Mlym,mala1464,Malayalam,,Dravidian,South Dravidian,South Dravidian I,Dravidian > South Dravidian > South Dravidian I > Tamil-Kannada > Tamil-Kota > Tamil-Toda > Tamil-Irula > Tamil-Kodagu > Tamil-Malayalam > Malayalamoid
mar,Deva,mara1378,Marathi,,Indo-European,Classical Indo-European,Indo-Iranian,Indo-European > Classical Indo-European > Indo-Iranian > Indo-Aryan > Middle-Modern Indo-Aryan > Continental Indo-Aryan > Indo-Aryan Southern zone > Marathic > Marathi-Konkani > Old-Modern Marathi > Modern Marathi
mfe,Latn,mori1278,Mauritian Creole,,Indo-European,Classical Indo-European,Italic,Indo-European > Classical Indo-European > Italic > Latino-Faliscan > Latinic > Imperial Latin > Romance > Italo-Western Romance > Western Romance > Shifted Western Romance > Northwestern Shifted Romance > Gallo-Rhaetian > Oil > Central Oil > Macro-French > Isle-de-France Creole
mhr,Cyrl,gras1239,Meadow Mari,,Uralic,Mari,Eastern Mari,Uralic > Mari > Eastern Mari
min,Arab,mina1268,Minangkabau (Jawi script),,Austronesian,Malayo-Polynesian,Malayo-Chamic,Austronesian > Malayo-Polynesian > Malayo-Chamic > Malayic > Nuclear Malayic > Northern Sumatra Malay > Kerinci-Minangkabau > Minangkabauic
min,Latn,mina1268,Minangkabau (Latin script),,Austronesian,Malayo-Polynesian,Malayo-Chamic,Austronesian > Malayo-Polynesian > Malayo-Chamic > Malayic > Nuclear Malayic > Northern Sumatra Malay > Kerinci-Minangkabau > Minangkabauic
mkd,Cyrl,mace1250,Macedonian,,Indo-European,Classical Indo-European,Balto-Slavic,Indo-European > Classical Indo-European > Balto-Slavic > Slavic > South Slavic > Eastern South Slavic > Macedo-Bulgarian
mlt,Latn,malt1254,Maltese,,Afro-Asiatic,Semitic,West Semitic,Afro-Asiatic > Semitic > West Semitic > Central Semitic > Arabian > Arabic > North African Arabic > Western Middle Arabic > Maghrebi > Malta-Tunisian Arabic
mni,Beng,mani1292,"Meitei (Manipuri, Bengali script)",,Sino-Tibetan,Kuki-Chin-Naga,,Sino-Tibetan > Kuki-Chin-Naga
mni,Mtei,mani1292,"Meitei (Manipuri, Meitei script)",dev only,Sino-Tibetan,Kuki-Chin-Naga,,Sino-Tibetan > Kuki-Chin-Naga
mos,Latn,moss1236,Mossi,,Atlantic-Congo,Volta-Congo,North Volta-Congo,Atlantic-Congo > Volta-Congo > North Volta-Congo > Gur > Central Gur > Northern Central Gur > Bwamu-Oti-Volta > Oti-Volta > Nuclear Oti-Volta > Gurma-Yom-Oti-Volta Occidental > Oti-Volta Occidental > Nuclear Oti-Volta Occidental > Northwest Oti-Volta > Mossi-Farefare > Mossic
mri,Latn,maor1246,Maori,,Austronesian,Malayo-Polynesian,Eastern Malayo-Polynesian,Austronesian > Malayo-Polynesian > Eastern Malayo-Polynesian > Oceanic > Central Pacific linkage > Tokalau Fijian > Polynesian > Nuclear Polynesian > Northern Outlier Polynesian-East Polynesian > Solomons Northern Outlier Polynesian-East Polynesian > Central Northern Outlier Polynesian-East Polynesian > East Polynesian > East Polynesian Proximal > Southern East Polynesian Proximal > Maoric
mya,Mymr,nucl1310,Burmese,,Sino-Tibetan,Burmo-Qiangic,Lolo-Burmese,Sino-Tibetan > Burmo-Qiangic > Lolo-Burmese > Burmish > Southern Burmish > Mranmaic > Nuclear Mranmaic
myv,Cyrl,erzy1239,Erzya,,Uralic,Mordvin,,Uralic > Mordvin
nld,Latn,dutc1256,Dutch,,Indo-European,Classical Indo-European,Germanic,Indo-European > Classical Indo-European > Germanic > Northwest Germanic > West Germanic > Macro-Dutch > Middle-Modern Dutch > Modern Dutch > Global Dutch
nno,Latn,norw1262,Norwegian Nynorsk,,Indo-European,Classical Indo-European,Germanic,Indo-European > Classical Indo-European > Germanic > Northwest Germanic > North Germanic > West Scandinavian > Norwegian
nob,Latn,norw1259,"Norwegian Bokmål, moderate variety",,Indo-European,Classical Indo-European,Germanic,Indo-European > Classical Indo-European > Germanic > Northwest Germanic > North Germanic > West Scandinavian > Norwegian
nob,Latn,norw1259 (with variant=radical),"Norwegian Bokmål, radical variety",,,,,
npi,Deva,nepa1254,Nepali,,Indo-European,Classical Indo-European,Indo-Iranian,Indo-European > Classical Indo-European > Indo-Iranian > Indo-Aryan > Middle-Modern Indo-Aryan > Continental Indo-Aryan > Midlands Indo-Aryan > Indo-Aryan Northern zone > Eastern Pahari
nqo,Nkoo,nkoa1234,Nko,,Artificial Language,,,Artificial Language
nso,Latn,pedi1238,Northern Sotho,,Atlantic-Congo,Volta-Congo,Benue-Congo,Atlantic-Congo > Volta-Congo > Benue-Congo > Bantoid > Southern Bantoid > Narrow Bantu > East Bantu > Southern Bantu > Nuclear Southern Bantu > Dimsuffix Southern Bantu > Sotho-Tswana (S.30) > Northern Sotho > Sepedic
nus,Latn,nuer1246,Nuer,,Nilotic,Western Nilotic,Dinka-Nuer,Nilotic > Western Nilotic > Dinka-Nuer > Nuer-Reel
nya,Latn,nyan1308,Nyanja,,Atlantic-Congo,Volta-Congo,Benue-Congo,Atlantic-Congo > Volta-Congo > Benue-Congo > Bantoid > Southern Bantoid > Narrow Bantu > East Bantu > Tumbuka-Sena-Nyanja > Sena-Nyanja > Nyanjaic
oci,Latn,occi1239,Occitan,,Indo-European,Classical Indo-European,Italic,Indo-European > Classical Indo-European > Italic > Latino-Faliscan > Latinic > Imperial Latin > Romance > Italo-Western Romance > Western Romance > Shifted Western Romance > Southwestern Shifted Romance > Occitanic
oci,Latn,aran1260,Aranese,,Indo-European,Classical Indo-European,Italic,Indo-European > Classical Indo-European > Italic > Latino-Faliscan > Latinic > Imperial Latin > Romance > Italo-Western Romance > Western Romance > Shifted Western Romance > Southwestern Shifted Romance > Occitanic > Occitan > Gascon
ory,Orya,oriy1255,Odia,,Indo-European,Classical Indo-European,Indo-Iranian,Indo-European > Classical Indo-European > Indo-Iranian > Indo-Aryan > Middle-Modern Indo-Aryan > Continental Indo-Aryan > Indo-Aryan Eastern zone > Oriya-Gauda-Kamrupa > Macro-Oriya
pag,Latn,pang1290,Pangasinan,,Austronesian,Malayo-Polynesian,Northern Luzon,Austronesian > Malayo-Polynesian > Northern Luzon > Meso-Cordilleran > South-Central Cordilleran > Southern Cordilleran > West Southern Cordilleran
pan,Guru,panj1256,Eastern Panjabi,,Indo-European,Classical Indo-European,Indo-Iranian,Indo-European > Classical Indo-European > Indo-Iranian > Indo-Aryan > Middle-Modern Indo-Aryan > Continental Indo-Aryan > Indo-Aryan Northwestern zone > Sindhi-Lahnda > Greater Panjabic > Eastern Panjabic
pap,Latn,papi1253,Papiamento,,Indo-European,Classical Indo-European,Italic,Indo-European > Classical Indo-European > Italic > Latino-Faliscan > Latinic > Imperial Latin > Romance > Italo-Western Romance > Western Romance > Shifted Western Romance > Southwestern Shifted Romance > West Ibero-Romance > Galician Romance > Macro-Portuguese > Upper Guinea Portuguese
pbt,Arab,sout2649,Southern Pashto,,Indo-European,Classical Indo-European,Indo-Iranian,Indo-European > Classical Indo-European > Indo-Iranian > Iranian-Nuristani > Iranian > Pashto > Nuclear Pashto
pes,Arab,west2369,Western Persian,,Indo-European,Classical Indo-European,Indo-Iranian,Indo-European > Classical Indo-European > Indo-Iranian > Iranian-Nuristani > Iranian > Southwestern Iranian > Middle-Modern Persian > Modern Southwestern Iranian > Farsic-Caucasian Tat > Farsic
plt,Latn,plat1254,Plateau Malagasy,,Austronesian,Malayo-Polynesian,Basap-Greater Barito,Austronesian > Malayo-Polynesian > Basap-Greater Barito > Greater Barito linkage > Southeast Barito > Malagasic > North-Central Malagasic > Central-Eastern Malagasic
pol,Latn,poli1260,Polish,,Indo-European,Classical Indo-European,Balto-Slavic,Indo-European > Classical Indo-European > Balto-Slavic > Slavic > West Slavic > Lechitic > Polish-Silesian
por,Latn,braz1246,Portuguese (Brazilian),,Indo-European,Classical Indo-European,Italic,Indo-European > Classical Indo-European > Italic > Latino-Faliscan > Latinic > Imperial Latin > Romance > Italo-Western Romance > Western Romance > Shifted Western Romance > Southwestern Shifted Romance > West Ibero-Romance > Galician Romance > Macro-Portuguese > Brazil-Portugal Portuguese > Portuguese
prs,Arab,dari1249,Dari,,Indo-European,Classical Indo-European,Indo-Iranian,Indo-European > Classical Indo-European > Indo-Iranian > Iranian-Nuristani > Iranian > Southwestern Iranian > Middle-Modern Persian > Modern Southwestern Iranian > Farsic-Caucasian Tat > Farsic > Eastern Farsic
quy,Latn,ayac1239,Ayacucho Quechua,,Quechuan,Southern Quechua,Ayacuchan Quechua,Quechuan > Southern Quechua > Ayacuchan Quechua
ron,Latn,roma1327,Romanian,,Indo-European,Classical Indo-European,Italic,Indo-European > Classical Indo-European > Italic > Latino-Faliscan > Latinic > Imperial Latin > Romance > Eastern Romance > Northern Romanian > Eastern Romanian
run,Latn,rund1242,Rundi,,Atlantic-Congo,Volta-Congo,Benue-Congo,Atlantic-Congo > Volta-Congo > Benue-Congo > Bantoid > Southern Bantoid > Narrow Bantu > East Bantu > Northeast Savanna Bantu > Great Lakes Bantu > Western Lakes Bantu > Kivu > West Highlands Kivu > Rundic
rus,Cyrl,russ1263,Russian,,Indo-European,Classical Indo-European,Balto-Slavic,Indo-European > Classical Indo-European > Balto-Slavic > Slavic > East Slavic
sag,Latn,sang1328,Sango,,Atlantic-Congo,Volta-Congo,North Volta-Congo,Atlantic-Congo > Volta-Congo > North Volta-Congo > Cameroun-Ubangian > Ubangi > Ngbandi-Mongoba-Kazibati > Ngbandic > Nuclear Ngbandic > Sangoic
san,Deva,sans1269,Sanskrit,,Indo-European,Classical Indo-European,Indo-Iranian,Indo-European > Classical Indo-European > Indo-Iranian > Indo-Aryan
sat,Olck,sant1410,Santali,,Austroasiatic,Mundaic,North Munda,Austroasiatic > Mundaic > North Munda > Kherwarian > Santalic
scn,Latn,sici1248,Sicilian,,Indo-European,Classical Indo-European,Italic,Indo-European > Classical Indo-European > Italic > Latino-Faliscan > Latinic > Imperial Latin > Romance > Italo-Western Romance > Italo-Dalmatian > Italian Romance > Southern Italian Romance
shn,Mymr,shan1277,Shan,,Tai-Kadai,Kam-Tai,Daic-Beic,Tai-Kadai > Kam-Tai > Daic-Beic > Daic > Central-Southwestern Tai > Wenma-Southwestern Tai > Sapa-Southwestern Tai > Southwestern Tai > Southwestern Tai P > Shanic > Southern Shanic
sin,Sinh,sinh1246,Sinhala,,Indo-European,Classical Indo-European,Indo-Iranian,Indo-European > Classical Indo-European > Indo-Iranian > Indo-Aryan > Middle-Modern Indo-Aryan > Dhivehi-Sinhala > Sinhalaic
slk,Latn,slov1269,Slovak,,Indo-European,Classical Indo-European,Balto-Slavic,Indo-European > Classical Indo-European > Balto-Slavic > Slavic > West Slavic > Czech-Slovak
slv,Latn,slov1268,Slovenian,,Indo-European,Classical Indo-European,Balto-Slavic,Indo-European > Classical Indo-European > Balto-Slavic > Slavic > South Slavic > Western South Slavic
smo,Latn,samo1305,Samoan,,Austronesian,Malayo-Polynesian,Eastern Malayo-Polynesian,Austronesian > Malayo-Polynesian > Eastern Malayo-Polynesian > Oceanic > Central Pacific linkage > Tokalau Fijian > Polynesian > Nuclear Polynesian > Ellicean > Pukapukic > Samoan-Tokelauan
sna,Latn,shon1251,Shona,,Atlantic-Congo,Volta-Congo,Benue-Congo,Atlantic-Congo > Volta-Congo > Benue-Congo > Bantoid > Southern Bantoid > Narrow Bantu > East Bantu > Southern Bantu > Shona (S.10) > Core Shona > Plateau Shona > Central Shona
snd,Arab,sind1272,Sindhi (Arabic script),,Indo-European,Classical Indo-European,Indo-Iranian,Indo-European > Classical Indo-European > Indo-Iranian > Indo-Aryan > Middle-Modern Indo-Aryan > Continental Indo-Aryan > Indo-Aryan Northwestern zone > Sindhi-Lahnda > Sindhic > Sindhi-Kachchi
snd,Deva,sind1272,Sindhi (Devanagari script),dev only,Indo-European,Classical Indo-European,Indo-Iranian,Indo-European > Classical Indo-European > Indo-Iranian > Indo-Aryan > Middle-Modern Indo-Aryan > Continental Indo-Aryan > Indo-Aryan Northwestern zone > Sindhi-Lahnda > Sindhic > Sindhi-Kachchi
som,Latn,soma1255,Somali,,Afro-Asiatic,Cushitic,East Cushitic,Afro-Asiatic > Cushitic > East Cushitic > Lowland East Cushitic > Southern Lowland East Cushitic > Mainstream Lowland East Cushitic > Omo-Tana > Eastern Omo-Tana
sot,Latn,sout2807,Southern Sotho,,Atlantic-Congo,Volta-Congo,Benue-Congo,Atlantic-Congo > Volta-Congo > Benue-Congo > Bantoid > Southern Bantoid > Narrow Bantu > East Bantu > Southern Bantu > Nuclear Southern Bantu > Dimsuffix Southern Bantu > Sotho-Tswana (S.30) > Western Sotho-Tswana > Central Sotho-Tswana > Sesotho-Lozi
spa,Latn,amer1254,Spanish (Latin American),,Indo-European,Classical Indo-European,Italic,Indo-European > Classical Indo-European > Italic > Latino-Faliscan > Latinic > Imperial Latin > Romance > Italo-Western Romance > Western Romance > Shifted Western Romance > Southwestern Shifted Romance > West Ibero-Romance > Castilic > Spanish
srd,Latn,sard1257,Sardinian,[1],Indo-European,Classical Indo-European,Italic,Indo-European > Classical Indo-European > Italic > Latino-Faliscan > Latinic > Imperial Latin > Romance
srp,Cyrl,serb1264,Serbian,,Indo-European,Classical Indo-European,Balto-Slavic,Indo-European > Classical Indo-European > Balto-Slavic > Slavic > South Slavic > Western South Slavic > Serbian-Croatian-Bosnian > Shtokavski > New Shtokavian > Eastern Herzegovinian Shtokavian
ssw,Latn,swat1243,Swati,,Atlantic-Congo,Volta-Congo,Benue-Congo,Atlantic-Congo > Volta-Congo > Benue-Congo > Bantoid > Southern Bantoid > Narrow Bantu > East Bantu > Southern Bantu > Nuclear Southern Bantu > Dimsuffix Southern Bantu > Nguni-Tsonga-Copi > Nguni (S.40) > Nuclear Nguni > Southern Ndebele-Lowland > Swatic
sun,Latn,sund1252,Sundanese,,Austronesian,Malayo-Polynesian,,Austronesian > Malayo-Polynesian
swe,Latn,swed1254,Swedish,,Indo-European,Classical Indo-European,Germanic,Indo-European > Classical Indo-European > Germanic > Northwest Germanic > North Germanic > North Scandinavian > East-Central Swedic > East Swedic
swh,Latn,swah1253,Swahili,,Atlantic-Congo,Volta-Congo,Benue-Congo,Atlantic-Congo > Volta-Congo > Benue-Congo > Bantoid > Southern Bantoid > Narrow Bantu > East Bantu > Northeast Savanna Bantu > Northeast Coastal Bantu > Coastal NEC Bantu > Sabaki-Swahili > Swahili (G.40) > Mombasa-Lamu-Inland Swahili
szl,Latn,sile1253,Silesian,,Indo-European,Classical Indo-European,Balto-Slavic,Indo-European > Classical Indo-European > Balto-Slavic > Slavic > West Slavic > Lechitic > Polish-Silesian
tam,Taml,tami1289,Tamil,,Dravidian,South Dravidian,South Dravidian I,Dravidian > South Dravidian > South Dravidian I > Tamil-Kannada > Tamil-Kota > Tamil-Toda > Tamil-Irula > Tamil-Kodagu > Tamil-Malayalam > Tamiloid > Tamil-Paliyan
taq,Latn,tama1365,Tamasheq (Latin script),,Afro-Asiatic,Berber,Tuareg,Afro-Asiatic > Berber > Tuareg > Southern Tuareg
taq,Tfng,tama1365,Tamasheq (Tifinagh script),,Afro-Asiatic,Berber,Tuareg,Afro-Asiatic > Berber > Tuareg > Southern Tuareg
tat,Cyrl,tata1255,Tatar,,Turkic,Common Turkic,Kipchak-Turkestan,Turkic > Common Turkic > Kipchak-Turkestan > Kipchak > Northwest Kipchak > North Kipchak > Bashkiric
tel,Telu,telu1262,Telugu,,Dravidian,South Dravidian,South Dravidian II,Dravidian > South Dravidian > South Dravidian II > Teluguic
tgk,Cyrl,taji1245,Tajik,,Indo-European,Classical Indo-European,Indo-Iranian,Indo-European > Classical Indo-European > Indo-Iranian > Iranian-Nuristani > Iranian > Southwestern Iranian > Middle-Modern Persian > Modern Southwestern Iranian > Farsic-Caucasian Tat > Farsic > Eastern Farsic > Tajikic
tha,Thai,thai1261,Thai,,Tai-Kadai,Kam-Tai,Daic-Beic,Tai-Kadai > Kam-Tai > Daic-Beic > Daic > Central-Southwestern Tai > Wenma-Southwestern Tai > Sapa-Southwestern Tai > Southwestern Tai > Southwestern Thai PH > Lao-Thai
tir,Ethi,tigr1271,Tigrinya,,Afro-Asiatic,Semitic,West Semitic,Afro-Asiatic > Semitic > West Semitic > Ethiosemitic
tpi,Latn,tokp1240,Tok Pisin,,Indo-European,Classical Indo-European,Germanic,Indo-European > Classical Indo-European > Germanic > Northwest Germanic > West Germanic > North Sea Germanic > Anglo-Frisian > Anglic > Later Anglic > Middle-Modern English > Macro-English > Pacific Creole English > Early Melanesian Pidgin
tsn,Latn,tswa1253,Tswana,,Atlantic-Congo,Volta-Congo,Benue-Congo,Atlantic-Congo > Volta-Congo > Benue-Congo > Bantoid > Southern Bantoid > Narrow Bantu > East Bantu > Southern Bantu > Nuclear Southern Bantu > Dimsuffix Southern Bantu > Sotho-Tswana (S.30) > Western Sotho-Tswana > Central Sotho-Tswana
tso,Latn,tson1249,Tsonga,,Atlantic-Congo,Volta-Congo,Benue-Congo,Atlantic-Congo > Volta-Congo > Benue-Congo > Bantoid > Southern Bantoid > Narrow Bantu > East Bantu > Southern Bantu > Nuclear Southern Bantu > Dimsuffix Southern Bantu > Nguni-Tsonga-Copi > Tsonga-Copi > Tswa-Ronga (S.50) > Tsongan
tuk,Latn,turk1304,Turkmen,,Turkic,Common Turkic,Oghuz,Turkic > Common Turkic > Oghuz > Nuclear Oghuz > East Oghuz
tum,Latn,tumb1250,Tumbuka,,Atlantic-Congo,Volta-Congo,Benue-Congo,Atlantic-Congo > Volta-Congo > Benue-Congo > Bantoid > Southern Bantoid > Narrow Bantu > East Bantu > Tumbuka-Sena-Nyanja > Tumbukic
tur,Latn,nucl1301,Turkish,,Turkic,Common Turkic,Oghuz,Turkic > Common Turkic > Oghuz > Nuclear Oghuz > West Oghuz
twi,Latn,akua1239,Akuapem Twi,,Atlantic-Congo,Volta-Congo,Kwa Volta-Congo,Atlantic-Congo > Volta-Congo > Kwa Volta-Congo > Nyo > Potou-Tano > Tano > Central Tano > Akanic > Akan > Twi
twi,Latn,asan1239,Asante Twi,,Atlantic-Congo,Volta-Congo,Kwa Volta-Congo,Atlantic-Congo > Volta-Congo > Kwa Volta-Congo > Nyo > Potou-Tano > Tano > Central Tano > Akanic > Akan > Twi
tyv,Cyrl,tuvi1240,Tuvan,,Turkic,Common Turkic,South Siberian Turkic,Turkic > Common Turkic > South Siberian Turkic > Sayan-Yenisei Turkic > Sayan
uig,Arab,uigh1240,Uyghur,,Turkic,Common Turkic,Kipchak-Turkestan,Turkic > Common Turkic > Kipchak-Turkestan > Turkestan > Modern Turkestan > Uyghuric
ukr,Cyrl,ukra1253,Ukrainian,,Indo-European,Classical Indo-European,Balto-Slavic,Indo-European > Classical Indo-European > Balto-Slavic > Slavic > East Slavic > Ukrainian-Rusyn
umb,Latn,umbu1257,Umbundu,,Atlantic-Congo,Volta-Congo,Benue-Congo,Atlantic-Congo > Volta-Congo > Benue-Congo > Bantoid > Southern Bantoid > Narrow Bantu > Central-Western Bantu > Njila > Southern Njila > Kunene
urd,Arab,urdu1245,Urdu,,Indo-European,Classical Indo-European,Indo-Iranian,Indo-European > Classical Indo-European > Indo-Iranian > Indo-Aryan > Middle-Modern Indo-Aryan > Continental Indo-Aryan > Midlands Indo-Aryan > Shaurasenic > Indo-Aryan Central zone > Western Hindi > Hindustani
uzn,Latn,nort2690,Northern Uzbek,,Turkic,Common Turkic,Kipchak-Turkestan,Turkic > Common Turkic > Kipchak-Turkestan > Turkestan > Modern Turkestan > Uzbek
uzs,Arab,sout2699,Southern Uzbek,dev only,Turkic,Common Turkic,Kipchak-Turkestan,Turkic > Common Turkic > Kipchak-Turkestan > Turkestan > Modern Turkestan > Uzbek
vec,Latn,vene1259,Venetian,,Indo-European,Classical Indo-European,Italic,Indo-European > Classical Indo-European > Italic > Latino-Faliscan > Latinic > Imperial Latin > Romance > Italo-Western Romance > Italo-Dalmatian > Dalmatian Romance > Venetian
vie,Latn,viet1252,Vietnamese,,Austroasiatic,Vietic,Viet-Muong,Austroasiatic > Vietic > Viet-Muong
vmw,Latn,cent2033,Emakhuwa (Central),,Atlantic-Congo,Volta-Congo,Benue-Congo,Atlantic-Congo > Volta-Congo > Benue-Congo > Bantoid > Southern Bantoid > Narrow Bantu > East Bantu > North Mozambique Bantu > Makua-Lomwe > Makhuwa
war,Latn,wara1300,Waray,,Austronesian,Malayo-Polynesian,Greater Central Philippine,Austronesian > Malayo-Polynesian > Greater Central Philippine > Central Philippine > Bisayan > Central Bisayan > Warayan > Samar-Waray
wol,Latn,nucl1347,Wolof,,Atlantic-Congo,North-Central Atlantic,Wolof-BKK,Atlantic-Congo > North-Central Atlantic > Wolof-BKK > Wolofic
wuu,Hans,suhu1238,Wu Chinese,dev only,Sino-Tibetan,Sinitic,Classical-Middle-Modern Sinitic,Sino-Tibetan > Sinitic > Classical-Middle-Modern Sinitic > Middle-Modern Sinitic > Wu-Hui Chinese > Wuic > Wu Chinese > Taihu
xho,Latn,xhos1239,Xhosa,,Atlantic-Congo,Volta-Congo,Benue-Congo,Atlantic-Congo > Volta-Congo > Benue-Congo > Bantoid > Southern Bantoid > Narrow Bantu > East Bantu > Southern Bantu > Nuclear Southern Bantu > Dimsuffix Southern Bantu > Nguni-Tsonga-Copi > Nguni (S.40) > Nuclear Nguni > Southern Ndebele-Lowland
ydd,Hebr,east2295,Eastern Yiddish,,Indo-European,Classical Indo-European,Germanic,Indo-European > Classical Indo-European > Germanic > Northwest Germanic > West Germanic > High German > Middle German > East Middle German > Schlesisch-Wilmesau
yor,Latn,yoru1245,Yoruba,,Atlantic-Congo,Volta-Congo,Benue-Congo,Atlantic-Congo > Volta-Congo > Benue-Congo > Defoid > Yoruboid > Edekiri > Ede > Eastern Ede > Southeastern Ede > Nuclear Yoruba > Lucumi-Yoruba
yue,Hant,xian1255,Yue Chinese (Hong Kong Cantonese),,Sino-Tibetan,Sinitic,Classical-Middle-Modern Sinitic,Sino-Tibetan > Sinitic > Classical-Middle-Modern Sinitic > Middle-Modern Sinitic > Yue-Pinghua > Yue Chinese > Yuehai > Cantonese
zgh,Tfng,stan1324,Standard Moroccan Tamazight,,Afro-Asiatic,Berber,Kabyle-Atlas Berber,Afro-Asiatic > Berber > Kabyle-Atlas Berber > Atlas Berber > Central Moroccan Berber
zsm,Latn,stan1306,Standard Malay,,Austronesian,Malayo-Polynesian,Malayo-Chamic,Austronesian > Malayo-Polynesian > Malayo-Chamic > Malayic > Nuclear Malayic > Standard Malay-Indonesian
zul,Latn,zulu1248,Zulu,,Atlantic-Congo,Volta-Congo,Benue-Congo,Atlantic-Congo > Volta-Congo > Benue-Congo > Bantoid > Southern Bantoid > Narrow Bantu > East Bantu > Southern Bantu > Nuclear Southern Bantu > Dimsuffix Southern Bantu > Nguni-Tsonga-Copi > Nguni (S.40) > Nuclear Nguni > Southern Ndebele-Lowland
