score_source,lang,case,bound,m,T,pps,bpp,pps_premium,entropy_sum_premium,word_boundary_precision,word_boundary_recall
bytes,amh_Ethi,cumulative_nomono,low,,3.4773,40.3962,5.4226,1.1227,1.0526,0.0647,0.1594
bytes,amh_Ethi,cumulative_nomono,mid,,4.7584,30.9468,7.0784,1.0957,1.0526,0.0631,0.1185
bytes,amh_Ethi,cumulative_nomono,high,,6.0395,25.1996,8.6927,1.0966,1.0526,0.0609,0.0924
bytes,amh_Ethi,cumulative_nomono,anchor,,3.9348,36.2578,6.0416,1.106,1.0526,0.0655,0.1448
bytes,amh_Ethi,cumulative_mono_0,low,0.0,2.8024,45.4544,4.8192,1.2623,1.0526,0.0395,0.1084
bytes,amh_Ethi,cumulative_mono_0,mid,0.0,3.9405,34.6459,6.3226,1.2418,1.0526,0.0411,0.0868
bytes,amh_Ethi,cumulative_mono_0,high,0.0,5.0787,28.336,7.7306,1.2318,1.0526,0.0379,0.0651
bytes,amh_Ethi,cumulative_mono_0,anchor,0.0,3.2028,41.0301,5.3388,1.2515,1.0526,0.0421,0.1045
bytes,amh_Ethi,cumulative_mono_rel0p25,low,0.1308,2.6194,46.7663,4.684,1.2992,1.0526,0.0344,0.097
bytes,amh_Ethi,cumulative_mono_rel0p25,mid,0.2237,3.6203,35.9117,6.0998,1.2778,1.0526,0.0335,0.073
bytes,amh_Ethi,cumulative_mono_rel0p25,high,0.3165,4.6211,29.2999,7.4762,1.2717,1.0526,0.0291,0.0517
bytes,amh_Ethi,cumulative_mono_rel0p25,anchor,0.1661,3.0083,41.9809,5.2179,1.282,1.0526,0.0355,0.0898
bytes,amh_Ethi,cumulative_mono_rel0p5,low,0.2616,2.3792,49.002,4.4703,1.3606,1.0526,0.0302,0.0891
bytes,amh_Ethi,cumulative_mono_rel0p5,mid,0.4473,3.2485,37.3511,5.8647,1.3197,1.0526,0.0261,0.0587
bytes,amh_Ethi,cumulative_mono_rel0p5,high,0.6331,4.1178,29.5226,7.4199,1.2826,1.0526,0.0184,0.033
bytes,amh_Ethi,cumulative_mono_rel0p5,anchor,0.3322,2.7338,43.8495,4.9956,1.3371,1.0526,0.0281,0.074
bytes,arb_Arab,cumulative_nomono,low,,3.4773,42.2728,4.7591,1.1748,1.1068,0.1361,0.3151
bytes,arb_Arab,cumulative_nomono,mid,,4.7584,32.6479,6.1621,1.156,1.1068,0.1358,0.2412
bytes,arb_Arab,cumulative_nomono,high,,6.0395,26.6439,7.5507,1.1595,1.1068,0.1392,0.2004
bytes,arb_Arab,cumulative_nomono,anchor,,3.9348,38.1976,5.2668,1.1652,1.1068,0.1391,0.2903
bytes,arb_Arab,cumulative_mono_0,low,0.0,2.8024,45.662,4.4058,1.2681,1.1068,0.128,0.3205
bytes,arb_Arab,cumulative_mono_0,mid,0.0,3.9405,35.5296,5.6623,1.2735,1.1068,0.1307,0.2534
bytes,arb_Arab,cumulative_mono_0,high,0.0,5.0787,29.3119,6.8634,1.2743,1.1068,0.1231,0.1956
bytes,arb_Arab,cumulative_mono_0,anchor,0.0,3.2028,41.4343,4.8554,1.2638,1.1068,0.1245,0.2822
bytes,arb_Arab,cumulative_mono_rel0p25,low,0.1308,2.6194,47.4985,4.2355,1.3195,1.1068,0.128,0.3337
bytes,arb_Arab,cumulative_mono_rel0p25,mid,0.2237,3.6203,36.4112,5.5252,1.2955,1.1068,0.1203,0.2391
bytes,arb_Arab,cumulative_mono_rel0p25,high,0.3165,4.6211,30.328,6.6335,1.3164,1.1068,0.1105,0.1818
bytes,arb_Arab,cumulative_mono_rel0p25,anchor,0.1661,3.0083,42.2307,4.7638,1.2896,1.1068,0.1283,0.2968
bytes,arb_Arab,cumulative_mono_rel0p5,low,0.2616,2.3792,50.1625,4.0106,1.3928,1.1068,0.1199,0.3305
bytes,arb_Arab,cumulative_mono_rel0p5,mid,0.4473,3.2485,36.9378,5.4464,1.3051,1.1068,0.0998,0.2012
bytes,arb_Arab,cumulative_mono_rel0p5,high,0.6331,4.1178,29.2006,6.8896,1.2686,1.1068,0.0583,0.0923
bytes,arb_Arab,cumulative_mono_rel0p5,anchor,0.3322,2.7338,43.4283,4.6325,1.3243,1.1068,0.1196,0.2846
bytes,cmn_Hans,cumulative_nomono,low,,3.4773,43.2919,2.7166,1.2032,1.2487,0.0258,0.933
bytes,cmn_Hans,cumulative_nomono,mid,,4.7584,34.329,3.4259,1.2155,1.2487,0.0255,0.8113
bytes,cmn_Hans,cumulative_nomono,high,,6.0395,28.2598,4.1616,1.2298,1.2487,0.0259,0.6753
bytes,cmn_Hans,cumulative_nomono,anchor,,3.9348,39.0311,3.0132,1.1906,1.2487,0.0247,0.8927
bytes,cmn_Hans,cumulative_mono_0,low,0.0,2.8024,43.6851,2.6922,1.2132,1.2487,0.028,0.8716
bytes,cmn_Hans,cumulative_mono_0,mid,0.0,3.9405,32.5216,3.6163,1.1657,1.2487,0.0275,0.8257
bytes,cmn_Hans,cumulative_mono_0,high,0.0,5.0787,29.0562,4.0476,1.2631,1.2487,0.0283,0.7577
bytes,cmn_Hans,cumulative_mono_0,anchor,0.0,3.2028,39.4664,2.9799,1.2038,1.2487,0.0281,0.8554
bytes,cmn_Hans,cumulative_mono_rel0p25,low,0.1308,2.6194,44.1394,2.6644,1.2262,1.2487,0.0279,0.8467
bytes,cmn_Hans,cumulative_mono_rel0p25,mid,0.2237,3.6203,32.7492,3.5911,1.1652,1.2487,0.0277,0.7893
bytes,cmn_Hans,cumulative_mono_rel0p25,high,0.3165,4.6211,28.7312,4.0933,1.2471,1.2487,0.0272,0.7193
bytes,cmn_Hans,cumulative_mono_rel0p25,anchor,0.1661,3.0083,39.9649,2.9428,1.2204,1.2487,0.028,0.818
bytes,cmn_Hans,cumulative_mono_rel0p5,low,0.2616,2.3792,44.7513,2.628,1.2426,1.2487,0.0267,0.8142
bytes,cmn_Hans,cumulative_mono_rel0p5,mid,0.4473,3.2485,34.3902,3.4198,1.2151,1.2487,0.0275,0.728
bytes,cmn_Hans,cumulative_mono_rel0p5,high,0.6331,4.1178,26.8716,4.3766,1.1674,1.2487,0.0266,0.658
bytes,cmn_Hans,cumulative_mono_rel0p5,anchor,0.3322,2.7338,40.5115,2.903,1.2354,1.2487,0.0269,0.7711
bytes,deu_Latn,cumulative_nomono,low,,3.4773,40.5356,3.6853,1.1266,1.1395,0.4853,0.9239
bytes,deu_Latn,cumulative_nomono,mid,,4.7584,32.0371,4.6628,1.1343,1.1395,0.4457,0.6929
bytes,deu_Latn,cumulative_nomono,high,,6.0395,26.1404,5.7147,1.1376,1.1395,0.4281,0.5391
bytes,deu_Latn,cumulative_nomono,anchor,,3.9348,37.0502,4.0319,1.1302,1.1395,0.472,0.8513
bytes,deu_Latn,cumulative_mono_0,low,0.0,2.8024,41.5456,3.5957,1.1538,1.1395,0.554,0.9784
bytes,deu_Latn,cumulative_mono_0,mid,0.0,3.9405,32.2718,4.6289,1.1567,1.1395,0.5483,0.8581
bytes,deu_Latn,cumulative_mono_0,high,0.0,5.0787,26.5908,5.6179,1.156,1.1395,0.5336,0.684
bytes,deu_Latn,cumulative_mono_0,anchor,0.0,3.2028,37.996,3.9316,1.1589,1.1395,0.5519,0.9496
bytes,deu_Latn,cumulative_mono_rel0p25,low,0.1308,2.6194,41.5717,3.5934,1.1549,1.1395,0.5691,0.9878
bytes,deu_Latn,cumulative_mono_rel0p25,mid,0.2237,3.6203,32.655,4.5746,1.1619,1.1395,0.5866,0.9107
bytes,deu_Latn,cumulative_mono_rel0p25,high,0.3165,4.6211,26.8596,5.5617,1.1658,1.1395,0.6078,0.7872
bytes,deu_Latn,cumulative_mono_rel0p25,anchor,0.1661,3.0083,37.9689,3.9344,1.1595,1.1395,0.5774,0.9639
bytes,deu_Latn,cumulative_mono_rel0p5,low,0.2616,2.3792,41.5296,3.5971,1.1531,1.1395,0.5824,0.9926
bytes,deu_Latn,cumulative_mono_rel0p5,mid,0.4473,3.2485,32.987,4.5286,1.1655,1.1395,0.6255,0.9503
bytes,deu_Latn,cumulative_mono_rel0p5,high,0.6331,4.1178,26.7994,5.5742,1.1643,1.1395,0.674,0.8709
bytes,deu_Latn,cumulative_mono_rel0p5,anchor,0.3322,2.7338,38.322,3.8981,1.1686,1.1395,0.6042,0.9814
bytes,eng_Latn,cumulative_nomono,low,,3.4773,35.9819,3.4925,1.0,1.0,0.5149,0.8774
bytes,eng_Latn,cumulative_nomono,mid,,4.7584,28.2427,4.4495,1.0,1.0,0.474,0.6451
bytes,eng_Latn,cumulative_nomono,high,,6.0395,22.9789,5.4688,1.0,1.0,0.4722,0.5185
bytes,eng_Latn,cumulative_nomono,anchor,,3.9348,32.7823,3.8334,1.0,1.0,0.5009,0.7947
bytes,eng_Latn,cumulative_mono_0,low,0.0,2.8024,36.008,3.49,1.0,1.0,0.6212,0.9748
bytes,eng_Latn,cumulative_mono_0,mid,0.0,3.9405,27.8997,4.5042,1.0,1.0,0.6184,0.8306
bytes,eng_Latn,cumulative_mono_0,high,0.0,5.0787,23.003,5.4631,1.0,1.0,0.5953,0.6544
bytes,eng_Latn,cumulative_mono_0,anchor,0.0,3.2028,32.7854,3.833,1.0,1.0,0.6169,0.9376
bytes,eng_Latn,cumulative_mono_rel0p25,low,0.1308,2.6194,35.996,3.4911,1.0,1.0,0.6423,0.984
bytes,eng_Latn,cumulative_mono_rel0p25,mid,0.2237,3.6203,28.1053,4.4713,1.0,1.0,0.6645,0.8896
bytes,eng_Latn,cumulative_mono_rel0p25,high,0.3165,4.6211,23.0391,5.4545,1.0,1.0,0.6785,0.747
bytes,eng_Latn,cumulative_mono_rel0p25,anchor,0.1661,3.0083,32.7472,3.8375,1.0,1.0,0.6502,0.9623
bytes,eng_Latn,cumulative_mono_rel0p5,low,0.2616,2.3792,36.015,3.4893,1.0,1.0,0.6547,0.9876
bytes,eng_Latn,cumulative_mono_rel0p5,mid,0.4473,3.2485,28.3019,4.4402,1.0,1.0,0.7114,0.9401
bytes,eng_Latn,cumulative_mono_rel0p5,high,0.6331,4.1178,23.0181,5.4595,1.0,1.0,0.7635,0.8399
bytes,eng_Latn,cumulative_mono_rel0p5,anchor,0.3322,2.7338,32.7934,3.8321,1.0,1.0,0.6817,0.979
bytes,fin_Latn,cumulative_nomono,low,,3.4773,40.7151,3.4283,1.1315,1.1148,0.3329,0.8906
bytes,fin_Latn,cumulative_nomono,mid,,4.7584,31.6409,4.4115,1.1203,1.1148,0.3284,0.701
bytes,fin_Latn,cumulative_nomono,high,,6.0395,25.8937,5.3906,1.1268,1.1148,0.324,0.5619
bytes,fin_Latn,cumulative_nomono,anchor,,3.9348,36.8144,3.7915,1.123,1.1148,0.3286,0.8179
bytes,fin_Latn,cumulative_mono_0,low,0.0,2.8024,40.9087,3.4121,1.1361,1.1148,0.4166,0.9718
bytes,fin_Latn,cumulative_mono_0,mid,0.0,3.9405,31.0481,4.4957,1.1128,1.1148,0.3966,0.8287
bytes,fin_Latn,cumulative_mono_0,high,0.0,5.0787,25.8445,5.4009,1.1235,1.1148,0.3936,0.6812
bytes,fin_Latn,cumulative_mono_0,anchor,0.0,3.2028,36.8826,3.7845,1.125,1.1148,0.4034,0.9441
bytes,fin_Latn,cumulative_mono_rel0p25,low,0.1308,2.6194,40.2287,3.4698,1.1176,1.1148,0.4337,0.9784
bytes,fin_Latn,cumulative_mono_rel0p25,mid,0.2237,3.6203,31.009,4.5014,1.1033,1.1148,0.4353,0.8966
bytes,fin_Latn,cumulative_mono_rel0p25,high,0.3165,4.6211,25.1886,5.5416,1.0933,1.1148,0.4481,0.7551
bytes,fin_Latn,cumulative_mono_rel0p25,anchor,0.1661,3.0083,36.3962,3.8351,1.1114,1.1148,0.4367,0.9634
bytes,fin_Latn,cumulative_mono_rel0p5,low,0.2616,2.3792,39.5717,3.5274,1.0988,1.1148,0.4439,0.9845
bytes,fin_Latn,cumulative_mono_rel0p5,mid,0.4473,3.2485,30.2307,4.6173,1.0682,1.1148,0.4863,0.9435
bytes,fin_Latn,cumulative_mono_rel0p5,high,0.6331,4.1178,23.995,5.8172,1.0424,1.1148,0.5239,0.8393
bytes,fin_Latn,cumulative_mono_rel0p5,anchor,0.3322,2.7338,35.9629,3.8813,1.0967,1.1148,0.4686,0.9712
bytes,fra_Latn,cumulative_nomono,low,,3.4773,39.5476,3.9203,1.0991,1.0837,0.4819,0.7917
bytes,fra_Latn,cumulative_nomono,mid,,4.7584,30.672,5.0547,1.086,1.0837,0.4526,0.5783
bytes,fra_Latn,cumulative_nomono,high,,6.0395,25.1264,6.1703,1.0935,1.0837,0.4609,0.4789
bytes,fra_Latn,cumulative_nomono,anchor,,3.9348,35.9378,4.3141,1.0963,1.0837,0.4629,0.6957
bytes,fra_Latn,cumulative_mono_0,low,0.0,2.8024,40.0461,3.8715,1.1121,1.0837,0.5976,0.9446
bytes,fra_Latn,cumulative_mono_0,mid,0.0,3.9405,30.7091,5.0486,1.1007,1.0837,0.5888,0.7527
bytes,fra_Latn,cumulative_mono_0,high,0.0,5.0787,25.323,6.1224,1.1009,1.0837,0.5778,0.6053
bytes,fra_Latn,cumulative_mono_0,anchor,0.0,3.2028,36.1274,4.2914,1.1019,1.0837,0.5925,0.88
bytes,fra_Latn,cumulative_mono_rel0p25,low,0.1308,2.6194,40.1374,3.8627,1.1151,1.0837,0.622,0.9594
bytes,fra_Latn,cumulative_mono_rel0p25,mid,0.2237,3.6203,31.1174,4.9824,1.1072,1.0837,0.6441,0.833
bytes,fra_Latn,cumulative_mono_rel0p25,high,0.3165,4.6211,25.4644,6.0884,1.1053,1.0837,0.6607,0.6961
bytes,fra_Latn,cumulative_mono_rel0p25,anchor,0.1661,3.0083,36.0843,4.2966,1.1019,1.0837,0.627,0.9193
bytes,fra_Latn,cumulative_mono_rel0p5,low,0.2616,2.3792,40.1946,3.8572,1.116,1.0837,0.6436,0.9705
bytes,fra_Latn,cumulative_mono_rel0p5,mid,0.4473,3.2485,31.34,4.947,1.1073,1.0837,0.6899,0.891
bytes,fra_Latn,cumulative_mono_rel0p5,high,0.6331,4.1178,25.2628,6.137,1.0975,1.0837,0.7456,0.779
bytes,fra_Latn,cumulative_mono_rel0p5,anchor,0.3322,2.7338,36.5747,4.2389,1.1153,1.0837,0.6621,0.9514
bytes,heb_Hebr,cumulative_nomono,low,,3.4773,35.6179,4.913,0.9899,1.0284,0.0774,0.1692
bytes,heb_Hebr,cumulative_nomono,mid,,4.7584,29.4333,5.9453,1.0422,1.0284,0.0778,0.1401
bytes,heb_Hebr,cumulative_nomono,high,,6.0395,23.5326,7.436,1.0241,1.0284,0.0774,0.1105
bytes,heb_Hebr,cumulative_nomono,anchor,,3.9348,33.0853,5.289,1.0092,1.0284,0.0729,0.1481
bytes,heb_Hebr,cumulative_mono_0,low,0.0,2.8024,40.7994,4.289,1.1331,1.0284,0.0417,0.1041
bytes,heb_Hebr,cumulative_mono_0,mid,0.0,3.9405,31.8696,5.4908,1.1423,1.0284,0.0388,0.0759
bytes,heb_Hebr,cumulative_mono_0,high,0.0,5.0787,26.9067,6.5035,1.1697,1.0284,0.0386,0.0634
bytes,heb_Hebr,cumulative_mono_0,anchor,0.0,3.2028,35.7693,4.8922,1.091,1.0284,0.043,0.0938
bytes,heb_Hebr,cumulative_mono_rel0p25,low,0.1308,2.6194,44.655,3.9187,1.2406,1.0284,0.0362,0.0989
bytes,heb_Hebr,cumulative_mono_rel0p25,mid,0.2237,3.6203,32.989,5.3045,1.1738,1.0284,0.0357,0.0722
bytes,heb_Hebr,cumulative_mono_rel0p25,high,0.3165,4.6211,28.4734,6.1457,1.2359,1.0284,0.0294,0.0512
bytes,heb_Hebr,cumulative_mono_rel0p25,anchor,0.1661,3.0083,36.6479,4.7749,1.1191,1.0284,0.038,0.0845
bytes,heb_Hebr,cumulative_mono_rel0p5,low,0.2616,2.3792,48.5015,3.6079,1.3467,1.0284,0.0314,0.0932
bytes,heb_Hebr,cumulative_mono_rel0p5,mid,0.4473,3.2485,34.4714,5.0764,1.218,1.0284,0.03,0.0628
bytes,heb_Hebr,cumulative_mono_rel0p5,high,0.6331,4.1178,29.8867,5.8551,1.2984,1.0284,0.0205,0.0374
bytes,heb_Hebr,cumulative_mono_rel0p5,anchor,0.3322,2.7338,41.7834,4.188,1.2741,1.0284,0.0313,0.0799
bytes,hrv_Latn,cumulative_nomono,low,,3.4773,39.2728,3.2468,1.0915,1.0939,0.4385,0.9023
bytes,hrv_Latn,cumulative_nomono,mid,,4.7584,30.7713,4.1439,1.0895,1.0939,0.4212,0.7006
bytes,hrv_Latn,cumulative_nomono,high,,6.0395,25.1535,5.0694,1.0946,1.0939,0.4128,0.5572
bytes,hrv_Latn,cumulative_nomono,anchor,,3.9348,35.7071,3.5711,1.0892,1.0939,0.4308,0.8337
bytes,hrv_Latn,cumulative_mono_0,low,0.0,2.8024,39.2939,3.2451,1.0913,1.0939,0.5291,0.9836
bytes,hrv_Latn,cumulative_mono_0,mid,0.0,3.9405,30.2718,4.2123,1.085,1.0939,0.5176,0.8453
bytes,hrv_Latn,cumulative_mono_0,high,0.0,5.0787,24.9388,5.113,1.0842,1.0939,0.5032,0.673
bytes,hrv_Latn,cumulative_mono_0,anchor,0.0,3.2028,35.7422,3.5676,1.0902,1.0939,0.5225,0.95
bytes,hrv_Latn,cumulative_mono_rel0p25,low,0.1308,2.6194,38.9579,3.2731,1.0823,1.0939,0.5398,0.9883
bytes,hrv_Latn,cumulative_mono_rel0p25,mid,0.2237,3.6203,30.5306,4.1765,1.0863,1.0939,0.5516,0.8966
bytes,hrv_Latn,cumulative_mono_rel0p25,high,0.3165,4.6211,24.7462,5.1528,1.0741,1.0939,0.5619,0.7457
bytes,hrv_Latn,cumulative_mono_rel0p25,anchor,0.1661,3.0083,35.6881,3.573,1.0898,1.0939,0.5514,0.973
bytes,hrv_Latn,cumulative_mono_rel0p5,low,0.2616,2.3792,38.6309,3.3008,1.0726,1.0939,0.545,0.9906
bytes,hrv_Latn,cumulative_mono_rel0p5,mid,0.4473,3.2485,30.7232,4.1504,1.0856,1.0939,0.5965,0.9493
bytes,hrv_Latn,cumulative_mono_rel0p5,high,0.6331,4.1178,24.1645,5.2769,1.0498,1.0939,0.6442,0.8337
bytes,hrv_Latn,cumulative_mono_rel0p5,anchor,0.3322,2.7338,35.657,3.5761,1.0873,1.0939,0.5731,0.9854
bytes,ita_Latn,cumulative_nomono,low,,3.4773,40.6881,3.653,1.1308,1.1186,0.4658,0.828
bytes,ita_Latn,cumulative_nomono,mid,,4.7584,31.671,4.6931,1.1214,1.1186,0.4428,0.6158
bytes,ita_Latn,cumulative_nomono,high,,6.0395,25.9468,5.7284,1.1292,1.1186,0.439,0.4966
bytes,ita_Latn,cumulative_nomono,anchor,,3.9348,36.9509,4.0225,1.1272,1.1186,0.4591,0.7483
bytes,ita_Latn,cumulative_mono_0,low,0.0,2.8024,41.0431,3.6214,1.1398,1.1186,0.5614,0.9514
bytes,ita_Latn,cumulative_mono_0,mid,0.0,3.9405,31.4002,4.7335,1.1255,1.1186,0.5572,0.7679
bytes,ita_Latn,cumulative_mono_0,high,0.0,5.0787,26.0812,5.6989,1.1338,1.1186,0.5432,0.6178
bytes,ita_Latn,cumulative_mono_0,anchor,0.0,3.2028,36.984,4.0189,1.1281,1.1186,0.5547,0.8857
bytes,ita_Latn,cumulative_mono_rel0p25,low,0.1308,2.6194,41.346,3.5949,1.1486,1.1186,0.5859,0.9684
bytes,ita_Latn,cumulative_mono_rel0p25,mid,0.2237,3.6203,31.5256,4.7147,1.1217,1.1186,0.6022,0.8306
bytes,ita_Latn,cumulative_mono_rel0p25,high,0.3165,4.6211,25.7884,5.7636,1.1193,1.1186,0.6197,0.6965
bytes,ita_Latn,cumulative_mono_rel0p25,anchor,0.1661,3.0083,36.7242,4.0473,1.1214,1.1186,0.5885,0.9207
bytes,ita_Latn,cumulative_mono_rel0p5,low,0.2616,2.3792,41.0301,3.6226,1.1392,1.1186,0.6075,0.9761
bytes,ita_Latn,cumulative_mono_rel0p5,mid,0.4473,3.2485,31.3029,4.7482,1.106,1.1186,0.6546,0.8874
bytes,ita_Latn,cumulative_mono_rel0p5,high,0.6331,4.1178,25.1585,5.9079,1.093,1.1186,0.7315,0.8014
bytes,ita_Latn,cumulative_mono_rel0p5,anchor,0.3322,2.7338,37.2528,3.9899,1.136,1.1186,0.6267,0.9611
bytes,jpn_Jpan,cumulative_nomono,low,,3.4773,39.5145,4.0625,1.0982,1.0818,0.0017,0.9091
bytes,jpn_Jpan,cumulative_nomono,mid,,4.7584,30.8164,5.2092,1.0911,1.0818,0.0018,0.803
bytes,jpn_Jpan,cumulative_nomono,high,,6.0395,25.1083,6.3935,1.0927,1.0818,0.0016,0.5909
bytes,jpn_Jpan,cumulative_nomono,anchor,,3.9348,35.7763,4.487,1.0913,1.0818,0.0016,0.8636
bytes,jpn_Jpan,cumulative_mono_0,low,0.0,2.8024,41.0863,3.9071,1.141,1.0818,0.0019,0.8788
bytes,jpn_Jpan,cumulative_mono_0,mid,0.0,3.9405,31.6489,5.0722,1.1344,1.0818,0.0019,0.8788
bytes,jpn_Jpan,cumulative_mono_0,high,0.0,5.0787,26.3842,6.0843,1.147,1.0818,0.0019,0.7273
bytes,jpn_Jpan,cumulative_mono_0,anchor,0.0,3.2028,37.3119,4.3024,1.1381,1.0818,0.0019,0.8636
bytes,jpn_Jpan,cumulative_mono_rel0p25,low,0.1308,2.6194,41.7442,3.8456,1.1597,1.0818,0.0017,0.8636
bytes,jpn_Jpan,cumulative_mono_rel0p25,mid,0.2237,3.6203,32.3581,4.961,1.1513,1.0818,0.0019,0.8485
bytes,jpn_Jpan,cumulative_mono_rel0p25,high,0.3165,4.6211,27.0762,5.9288,1.1752,1.0818,0.0019,0.7576
bytes,jpn_Jpan,cumulative_mono_rel0p25,anchor,0.1661,3.0083,37.8365,4.2427,1.1554,1.0818,0.0019,0.8636
bytes,jpn_Jpan,cumulative_mono_rel0p5,low,0.2616,2.3792,42.5807,3.77,1.1823,1.0818,0.0017,0.8636
bytes,jpn_Jpan,cumulative_mono_rel0p5,mid,0.4473,3.2485,33.4644,4.797,1.1824,1.0818,0.0018,0.7576
bytes,jpn_Jpan,cumulative_mono_rel0p5,high,0.6331,4.1178,26.8265,5.984,1.1655,1.0818,0.0019,0.7273
bytes,jpn_Jpan,cumulative_mono_rel0p5,anchor,0.3322,2.7338,38.8435,4.1327,1.1845,1.0818,0.0018,0.8182
bytes,kat_Geor,cumulative_nomono,low,,3.4773,39.4584,9.4728,1.0966,1.0724,0.0958,0.2354
bytes,kat_Geor,cumulative_nomono,mid,,4.7584,30.7081,12.172,1.0873,1.0724,0.0935,0.1784
bytes,kat_Geor,cumulative_nomono,high,,6.0395,25.0722,14.9081,1.0911,1.0724,0.0961,0.1487
bytes,kat_Geor,cumulative_nomono,anchor,,3.9348,35.679,10.4762,1.0884,1.0724,0.0934,0.208
bytes,kat_Geor,cumulative_mono_0,low,0.0,2.8024,44.1234,8.4712,1.2254,1.0724,0.0645,0.1772
bytes,kat_Geor,cumulative_mono_0,mid,0.0,3.9405,34.4383,10.8536,1.2344,1.0724,0.0589,0.1264
bytes,kat_Geor,cumulative_mono_0,high,0.0,5.0787,28.2959,13.2097,1.2301,1.0724,0.0601,0.1055
bytes,kat_Geor,cumulative_mono_0,anchor,0.0,3.2028,40.3551,9.2623,1.2309,1.0724,0.061,0.1537
bytes,kat_Geor,cumulative_mono_rel0p25,low,0.1308,2.6194,45.5888,8.1989,1.2665,1.0724,0.0563,0.1596
bytes,kat_Geor,cumulative_mono_rel0p25,mid,0.2237,3.6203,36.4784,10.2466,1.2979,1.0724,0.0501,0.1139
bytes,kat_Geor,cumulative_mono_rel0p25,high,0.3165,4.6211,29.8355,12.528,1.295,1.0724,0.0426,0.079
bytes,kat_Geor,cumulative_mono_rel0p25,anchor,0.1661,3.0083,41.5145,9.0036,1.2677,1.0724,0.0528,0.1365
bytes,kat_Geor,cumulative_mono_rel0p5,low,0.2616,2.3792,47.8064,7.8186,1.3274,1.0724,0.0498,0.1479
bytes,kat_Geor,cumulative_mono_rel0p5,mid,0.4473,3.2485,38.3551,9.7452,1.3552,1.0724,0.0387,0.0922
bytes,kat_Geor,cumulative_mono_rel0p5,high,0.6331,4.1178,31.4764,11.8749,1.3675,1.0724,0.0318,0.0623
bytes,kat_Geor,cumulative_mono_rel0p5,anchor,0.3322,2.7338,43.32,8.6283,1.321,1.0724,0.046,0.1236
bytes,kor_Hang,cumulative_nomono,low,,3.4773,38.8816,3.8932,1.0806,1.0629,0.1769,0.4843
bytes,kor_Hang,cumulative_nomono,mid,,4.7584,30.7131,4.9286,1.0875,1.0629,0.1826,0.3929
bytes,kor_Hang,cumulative_nomono,high,,6.0395,24.988,6.0578,1.0874,1.0629,0.1806,0.3137
bytes,kor_Hang,cumulative_nomono,anchor,,3.9348,35.7322,4.2363,1.09,1.0629,0.1762,0.4432
bytes,kor_Hang,cumulative_mono_0,low,0.0,2.8024,41.0191,3.6903,1.1392,1.0629,0.2152,0.6199
bytes,kor_Hang,cumulative_mono_0,mid,0.0,3.9405,32.1153,4.7134,1.1511,1.0629,0.2176,0.4903
bytes,kor_Hang,cumulative_mono_0,high,0.0,5.0787,26.3521,5.7442,1.1456,1.0629,0.2232,0.4097
bytes,kor_Hang,cumulative_mono_0,anchor,0.0,3.2028,36.8746,4.105,1.1247,1.0629,0.2181,0.5642
bytes,kor_Hang,cumulative_mono_rel0p25,low,0.1308,2.6194,41.8265,3.619,1.162,1.0629,0.2221,0.6516
bytes,kor_Hang,cumulative_mono_rel0p25,mid,0.2237,3.6203,32.0622,4.7212,1.1408,1.0629,0.2334,0.5245
bytes,kor_Hang,cumulative_mono_rel0p25,high,0.3165,4.6211,26.9428,5.6183,1.1694,1.0629,0.2399,0.4508
bytes,kor_Hang,cumulative_mono_rel0p25,anchor,0.1661,3.0083,37.5848,4.0275,1.1477,1.0629,0.2234,0.5892
bytes,kor_Hang,cumulative_mono_rel0p5,low,0.2616,2.3792,42.1785,3.5888,1.1711,1.0629,0.2333,0.6864
bytes,kor_Hang,cumulative_mono_rel0p5,mid,0.4473,3.2485,31.9037,4.7447,1.1273,1.0629,0.2512,0.5607
bytes,kor_Hang,cumulative_mono_rel0p5,high,0.6331,4.1178,26.2437,5.7679,1.1401,1.0629,0.2559,0.4678
bytes,kor_Hang,cumulative_mono_rel0p5,anchor,0.3322,2.7338,38.0171,3.9817,1.1593,1.0629,0.2349,0.6264
bytes,nya_Latn,cumulative_nomono,low,,3.4773,36.2598,3.9218,1.0077,0.9938,0.3872,0.7322
bytes,nya_Latn,cumulative_nomono,mid,,4.7584,28.4905,4.9913,1.0088,0.9938,0.37,0.5641
bytes,nya_Latn,cumulative_nomono,high,,6.0395,23.2919,6.1053,1.0136,0.9938,0.3599,0.445
bytes,nya_Latn,cumulative_nomono,anchor,,3.9348,33.0843,4.2982,1.0092,0.9938,0.3781,0.6724
bytes,nya_Latn,cumulative_mono_0,low,0.0,2.8024,37.5306,3.789,1.0423,0.9938,0.47,0.8444
bytes,nya_Latn,cumulative_mono_0,mid,0.0,3.9405,28.7803,4.941,1.0316,0.9938,0.4507,0.6941
bytes,nya_Latn,cumulative_mono_0,high,0.0,5.0787,24.1906,5.8785,1.0516,0.9938,0.4531,0.5827
bytes,nya_Latn,cumulative_mono_0,anchor,0.0,3.2028,33.9569,4.1878,1.0357,0.9938,0.4655,0.7883
bytes,nya_Latn,cumulative_mono_rel0p25,low,0.1308,2.6194,38.2628,3.7165,1.063,0.9938,0.4905,0.8796
bytes,nya_Latn,cumulative_mono_rel0p25,mid,0.2237,3.6203,28.9238,4.9165,1.0291,0.9938,0.4992,0.7624
bytes,nya_Latn,cumulative_mono_rel0p25,high,0.3165,4.6211,24.2467,5.8649,1.0524,0.9938,0.522,0.673
bytes,nya_Latn,cumulative_mono_rel0p25,anchor,0.1661,3.0083,34.2989,4.146,1.0474,0.9938,0.4974,0.8333
bytes,nya_Latn,cumulative_mono_rel0p5,low,0.2616,2.3792,39.4865,3.6013,1.0964,0.9938,0.4987,0.9018
bytes,nya_Latn,cumulative_mono_rel0p5,mid,0.4473,3.2485,29.2036,4.8694,1.0319,0.9938,0.5517,0.8138
bytes,nya_Latn,cumulative_mono_rel0p5,high,0.6331,4.1178,23.2788,6.1087,1.0113,0.9938,0.6017,0.7435
bytes,nya_Latn,cumulative_mono_rel0p5,anchor,0.3322,2.7338,34.8395,4.0817,1.0624,0.9938,0.5205,0.8701
bytes,ron_Latn,cumulative_nomono,low,,3.4773,39.6941,3.7624,1.1032,1.1007,0.4838,0.8471
bytes,ron_Latn,cumulative_nomono,mid,,4.7584,31.1775,4.7901,1.1039,1.1007,0.4407,0.6105
bytes,ron_Latn,cumulative_nomono,high,,6.0395,25.4283,5.8731,1.1066,1.1007,0.4406,0.4941
bytes,ron_Latn,cumulative_nomono,anchor,,3.9348,36.2688,4.1177,1.1064,1.1007,0.47,0.7605
bytes,ron_Latn,cumulative_mono_0,low,0.0,2.8024,40.0271,3.7311,1.1116,1.1007,0.5809,0.9581
bytes,ron_Latn,cumulative_mono_0,mid,0.0,3.9405,30.991,4.819,1.1108,1.1007,0.5679,0.7816
bytes,ron_Latn,cumulative_mono_0,high,0.0,5.0787,25.5667,5.8413,1.1115,1.1007,0.5533,0.6239
bytes,ron_Latn,cumulative_mono_0,anchor,0.0,3.2028,36.2297,4.1221,1.1051,1.1007,0.5734,0.9025
bytes,ron_Latn,cumulative_mono_rel0p25,low,0.1308,2.6194,40.0461,3.7293,1.1125,1.1007,0.6035,0.9726
bytes,ron_Latn,cumulative_mono_rel0p25,mid,0.2237,3.6203,31.0963,4.8026,1.1064,1.1007,0.6125,0.8415
bytes,ron_Latn,cumulative_mono_rel0p25,high,0.3165,4.6211,25.4995,5.8567,1.1068,1.1007,0.6203,0.6976
bytes,ron_Latn,cumulative_mono_rel0p25,anchor,0.1661,3.0083,36.1725,4.1287,1.1046,1.1007,0.6093,0.9376
bytes,ron_Latn,cumulative_mono_rel0p5,low,0.2616,2.3792,40.0421,3.7297,1.1118,1.1007,0.6175,0.9778
bytes,ron_Latn,cumulative_mono_rel0p5,mid,0.4473,3.2485,31.1976,4.787,1.1023,1.1007,0.663,0.9024
bytes,ron_Latn,cumulative_mono_rel0p5,high,0.6331,4.1178,25.1886,5.929,1.0943,1.1007,0.7079,0.786
bytes,ron_Latn,cumulative_mono_rel0p5,anchor,0.3322,2.7338,36.4132,4.1014,1.1104,1.1007,0.6393,0.9651
bytes,spa_Latn,cumulative_nomono,low,,3.4773,40.4824,3.7679,1.1251,1.1133,0.5034,0.8244
bytes,spa_Latn,cumulative_nomono,mid,,4.7584,31.4985,4.8426,1.1153,1.1133,0.469,0.5986
bytes,spa_Latn,cumulative_nomono,high,,6.0395,25.7202,5.9306,1.1193,1.1133,0.4823,0.499
bytes,spa_Latn,cumulative_nomono,anchor,,3.9348,36.9137,4.1322,1.126,1.1133,0.4836,0.7266
bytes,spa_Latn,cumulative_mono_0,low,0.0,2.8024,41.6469,3.6626,1.1566,1.1133,0.5985,0.9551
bytes,spa_Latn,cumulative_mono_0,mid,0.0,3.9405,31.6048,4.8263,1.1328,1.1133,0.5941,0.7608
bytes,spa_Latn,cumulative_mono_0,high,0.0,5.0787,25.8626,5.8979,1.1243,1.1133,0.5733,0.5965
bytes,spa_Latn,cumulative_mono_0,anchor,0.0,3.2028,37.4544,4.0726,1.1424,1.1133,0.5949,0.887
bytes,spa_Latn,cumulative_mono_rel0p25,low,0.1308,2.6194,41.6038,3.6664,1.1558,1.1133,0.6254,0.9694
bytes,spa_Latn,cumulative_mono_rel0p25,mid,0.2237,3.6203,31.9629,4.7723,1.1373,1.1133,0.6427,0.8308
bytes,spa_Latn,cumulative_mono_rel0p25,high,0.3165,4.6211,25.8185,5.908,1.1206,1.1133,0.6572,0.6826
bytes,spa_Latn,cumulative_mono_rel0p25,anchor,0.1661,3.0083,37.3741,4.0813,1.1413,1.1133,0.6323,0.929
bytes,spa_Latn,cumulative_mono_rel0p5,low,0.2616,2.3792,41.3611,3.6879,1.1484,1.1133,0.6478,0.974
bytes,spa_Latn,cumulative_mono_rel0p5,mid,0.4473,3.2485,31.9368,4.7762,1.1284,1.1133,0.6992,0.8935
bytes,spa_Latn,cumulative_mono_rel0p5,high,0.6331,4.1178,25.6419,5.9487,1.114,1.1133,0.7592,0.7829
bytes,spa_Latn,cumulative_mono_rel0p5,anchor,0.3322,2.7338,37.8255,4.0326,1.1534,1.1133,0.6664,0.9614
bytes,srp_Cyrl,cumulative_nomono,low,,3.4773,41.2357,5.5078,1.146,1.065,0.1482,0.3168
bytes,srp_Cyrl,cumulative_nomono,mid,,4.7584,31.7523,7.1528,1.1243,1.065,0.1464,0.2394
bytes,srp_Cyrl,cumulative_nomono,high,,6.0395,25.7442,8.822,1.1203,1.065,0.1446,0.1903
bytes,srp_Cyrl,cumulative_nomono,anchor,,3.9348,37.1996,6.1053,1.1347,1.065,0.1486,0.2861
bytes,srp_Cyrl,cumulative_mono_0,low,0.0,2.8024,44.6449,5.0872,1.2399,1.065,0.1213,0.2812
bytes,srp_Cyrl,cumulative_mono_0,mid,0.0,3.9405,34.8766,6.512,1.2501,1.065,0.1265,0.2278
bytes,srp_Cyrl,cumulative_mono_0,high,0.0,5.0787,28.335,8.0154,1.2318,1.065,0.1194,0.1736
bytes,srp_Cyrl,cumulative_mono_0,anchor,0.0,3.2028,40.6068,5.5931,1.2386,1.065,0.1243,0.2617
bytes,srp_Cyrl,cumulative_mono_rel0p25,low,0.1308,2.6194,45.4804,4.9937,1.2635,1.065,0.1219,0.2881
bytes,srp_Cyrl,cumulative_mono_rel0p25,mid,0.2237,3.6203,35.8596,6.3335,1.2759,1.065,0.1198,0.2221
bytes,srp_Cyrl,cumulative_mono_rel0p25,high,0.3165,4.6211,29.1414,7.7936,1.2649,1.065,0.1101,0.1648
bytes,srp_Cyrl,cumulative_mono_rel0p25,anchor,0.1661,3.0083,41.0502,5.5327,1.2535,1.065,0.1219,0.2594
bytes,srp_Cyrl,cumulative_mono_rel0p5,low,0.2616,2.3792,47.1725,4.8146,1.3098,1.065,0.1154,0.2831
bytes,srp_Cyrl,cumulative_mono_rel0p5,mid,0.4473,3.2485,36.2146,6.2714,1.2796,1.065,0.1041,0.1949
bytes,srp_Cyrl,cumulative_mono_rel0p5,high,0.6331,4.1178,28.2457,8.0407,1.2271,1.065,0.0671,0.0973
bytes,srp_Cyrl,cumulative_mono_rel0p5,anchor,0.3322,2.7338,42.0231,5.4046,1.2814,1.065,0.1131,0.2467
bytes,tam_Taml,cumulative_nomono,low,,3.4773,42.6941,9.369,1.1865,1.1134,0.0707,0.1929
bytes,tam_Taml,cumulative_nomono,mid,,4.7584,32.8265,12.1853,1.1623,1.1134,0.0696,0.1459
bytes,tam_Taml,cumulative_nomono,high,,6.0395,26.7312,14.9638,1.1633,1.1134,0.0682,0.1155
bytes,tam_Taml,cumulative_nomono,anchor,,3.9348,38.5537,10.3752,1.176,1.1134,0.0707,0.1743
bytes,tam_Taml,cumulative_mono_0,low,0.0,2.8024,48.8215,8.1931,1.3558,1.1134,0.0462,0.1442
bytes,tam_Taml,cumulative_mono_0,mid,0.0,3.9405,37.4173,10.6903,1.3411,1.1134,0.0467,0.112
bytes,tam_Taml,cumulative_mono_0,high,0.0,5.0787,30.3059,13.1988,1.3175,1.1134,0.0462,0.0891
bytes,tam_Taml,cumulative_mono_0,anchor,0.0,3.2028,44.1825,9.0534,1.3476,1.1134,0.047,0.1329
bytes,tam_Taml,cumulative_mono_rel0p25,low,0.1308,2.6194,50.5165,7.9182,1.4034,1.1134,0.0431,0.1394
bytes,tam_Taml,cumulative_mono_rel0p25,mid,0.2237,3.6203,39.1143,10.2265,1.3917,1.1134,0.0397,0.0991
bytes,tam_Taml,cumulative_mono_rel0p25,high,0.3165,4.6211,31.6259,12.6479,1.3727,1.1134,0.0389,0.0785
bytes,tam_Taml,cumulative_mono_rel0p25,anchor,0.1661,3.0083,45.319,8.8264,1.3839,1.1134,0.0437,0.1267
bytes,tam_Taml,cumulative_mono_rel0p5,low,0.2616,2.3792,53.0873,7.5348,1.474,1.1134,0.0385,0.1306
bytes,tam_Taml,cumulative_mono_rel0p5,mid,0.4473,3.2485,40.3511,9.913,1.4257,1.1134,0.0333,0.0856
bytes,tam_Taml,cumulative_mono_rel0p5,high,0.6331,4.1178,31.6931,12.6211,1.3769,1.1134,0.0257,0.0519
bytes,tam_Taml,cumulative_mono_rel0p5,anchor,0.3322,2.7338,47.1494,8.4837,1.4378,1.1134,0.0376,0.1128
bytes,tha_Thai,cumulative_nomono,low,,3.4773,42.0532,8.2644,1.1687,1.1286,0.0318,0.4107
bytes,tha_Thai,cumulative_nomono,mid,,4.7584,32.7041,10.6269,1.158,1.1286,0.0322,0.326
bytes,tha_Thai,cumulative_nomono,high,,6.0395,26.7954,12.9703,1.1661,1.1286,0.0318,0.2617
bytes,tha_Thai,cumulative_nomono,anchor,,3.9348,38.319,9.0698,1.1689,1.1286,0.0305,0.3618
bytes,tha_Thai,cumulative_mono_0,low,0.0,2.8024,47.7442,7.2793,1.3259,1.1286,0.0295,0.4226
bytes,tha_Thai,cumulative_mono_0,mid,0.0,3.9405,37.2949,9.3188,1.3367,1.1286,0.0263,0.3036
bytes,tha_Thai,cumulative_mono_0,high,0.0,5.0787,30.4253,11.4229,1.3227,1.1286,0.0266,0.2495
bytes,tha_Thai,cumulative_mono_0,anchor,0.0,3.2028,43.2678,8.0324,1.3197,1.1286,0.0286,0.3746
bytes,tha_Thai,cumulative_mono_rel0p25,low,0.1308,2.6194,49.1625,7.0693,1.3658,1.1286,0.0287,0.4242
bytes,tha_Thai,cumulative_mono_rel0p25,mid,0.2237,3.6203,38.6179,8.9996,1.374,1.1286,0.0259,0.3068
bytes,tha_Thai,cumulative_mono_rel0p25,high,0.3165,4.6211,31.679,10.9708,1.375,1.1286,0.026,0.2543
bytes,tha_Thai,cumulative_mono_rel0p25,anchor,0.1661,3.0083,44.2387,7.8561,1.3509,1.1286,0.028,0.3724
bytes,tha_Thai,cumulative_mono_rel0p5,low,0.2616,2.3792,51.1615,6.7931,1.4206,1.1286,0.0283,0.4315
bytes,tha_Thai,cumulative_mono_rel0p5,mid,0.4473,3.2485,39.1595,8.8751,1.3836,1.1286,0.027,0.3205
bytes,tha_Thai,cumulative_mono_rel0p5,high,0.6331,4.1178,31.8074,10.9265,1.3818,1.1286,0.025,0.2457
bytes,tha_Thai,cumulative_mono_rel0p5,anchor,0.3322,2.7338,45.5717,7.6263,1.3897,1.1286,0.0277,0.3788
bytes,vie_Latn,cumulative_nomono,low,,3.4773,39.2969,4.4621,1.0921,1.0862,0.5619,0.7534
bytes,vie_Latn,cumulative_nomono,mid,,4.7584,31.0612,5.6451,1.0998,1.0862,0.5066,0.5385
bytes,vie_Latn,cumulative_nomono,high,,6.0395,25.4514,6.8894,1.1076,1.0862,0.4559,0.3942
bytes,vie_Latn,cumulative_nomono,anchor,,3.9348,35.8225,4.8948,1.0927,1.0862,0.5509,0.6779
bytes,vie_Latn,cumulative_mono_0,low,0.0,2.8024,41.336,4.2419,1.148,1.0862,0.6343,0.8549
bytes,vie_Latn,cumulative_mono_0,mid,0.0,3.9405,31.5868,5.5512,1.1322,1.0862,0.6237,0.6744
bytes,vie_Latn,cumulative_mono_0,high,0.0,5.0787,26.4413,6.6315,1.1495,1.0862,0.5994,0.5393
bytes,vie_Latn,cumulative_mono_0,anchor,0.0,3.2028,36.9789,4.7418,1.1279,1.0862,0.6273,0.7824
bytes,vie_Latn,cumulative_mono_rel0p25,low,0.1308,2.6194,42.0913,4.1658,1.1693,1.0862,0.6717,0.9007
bytes,vie_Latn,cumulative_mono_rel0p25,mid,0.2237,3.6203,32.0371,5.4732,1.1399,1.0862,0.7027,0.7679
bytes,vie_Latn,cumulative_mono_rel0p25,high,0.3165,4.6211,26.6359,6.583,1.1561,1.0862,0.7351,0.6664
bytes,vie_Latn,cumulative_mono_rel0p25,anchor,0.1661,3.0083,37.1906,4.7148,1.1357,1.0862,0.6759,0.8387
bytes,vie_Latn,cumulative_mono_rel0p5,low,0.2616,2.3792,42.6369,4.1125,1.1839,1.0862,0.6877,0.9269
bytes,vie_Latn,cumulative_mono_rel0p5,mid,0.4473,3.2485,32.9809,5.3166,1.1653,1.0862,0.7485,0.8358
bytes,vie_Latn,cumulative_mono_rel0p5,high,0.6331,4.1178,27.4263,6.3933,1.1915,1.0862,0.819,0.7653
bytes,vie_Latn,cumulative_mono_rel0p5,anchor,0.3322,2.7338,38.2518,4.584,1.1664,1.0862,0.715,0.8932
chars,amh_Ethi,cumulative_nomono,low,,3.4773,34.7673,6.3006,0.9663,1.0365,0.455,0.9062
chars,amh_Ethi,cumulative_nomono,mid,,4.7584,26.7121,8.2005,0.9459,1.0365,0.4267,0.6825
chars,amh_Ethi,cumulative_nomono,high,,6.0395,22.4463,9.759,0.977,1.0365,0.3992,0.5362
chars,amh_Ethi,cumulative_nomono,anchor,,3.9348,31.1214,7.0387,0.9495,1.0365,0.4501,0.823
chars,amh_Ethi,cumulative_mono_0,low,0.0,2.8024,30.994,7.0676,0.861,1.0365,0.5536,0.9684
chars,amh_Ethi,cumulative_mono_0,mid,0.0,3.9405,25.6469,8.5411,0.9197,1.0365,0.5752,0.8688
chars,amh_Ethi,cumulative_mono_0,high,0.0,5.0787,20.8686,10.4968,0.9074,1.0365,0.5848,0.7274
chars,amh_Ethi,cumulative_mono_0,anchor,0.0,3.2028,29.5507,7.4128,0.9017,1.0365,0.5601,0.9479
chars,amh_Ethi,cumulative_mono_rel0p25,low,0.1298,2.6194,30.0903,7.2799,0.836,1.0365,0.5687,0.9727
chars,amh_Ethi,cumulative_mono_rel0p25,mid,0.223,3.6203,25.9509,8.4411,0.9238,1.0365,0.5969,0.9124
chars,amh_Ethi,cumulative_mono_rel0p25,high,0.3162,4.6211,20.99,10.4361,0.9111,1.0365,0.6441,0.8039
chars,amh_Ethi,cumulative_mono_rel0p25,anchor,0.1663,3.0083,28.7623,7.616,0.8787,1.0365,0.5808,0.9609
chars,amh_Ethi,cumulative_mono_rel0p5,low,0.2597,2.3792,29.1153,7.5236,0.808,1.0365,0.5831,0.9747
chars,amh_Ethi,cumulative_mono_rel0p5,mid,0.446,3.2485,25.5145,8.5854,0.9013,1.0365,0.6303,0.9466
chars,amh_Ethi,cumulative_mono_rel0p5,high,0.6323,4.1178,21.3842,10.2437,0.9294,1.0365,0.6845,0.8711
chars,amh_Ethi,cumulative_mono_rel0p5,anchor,0.3326,2.7338,27.68,7.9138,0.8445,1.0365,0.6023,0.9685
chars,arb_Arab,cumulative_nomono,low,,3.4773,37.7513,5.3291,1.0493,1.0936,0.3433,0.7041
chars,arb_Arab,cumulative_nomono,mid,,4.7584,30.1735,6.6674,1.0685,1.0936,0.3244,0.5312
chars,arb_Arab,cumulative_nomono,high,,6.0395,24.8967,8.0806,1.0837,1.0936,0.3249,0.4358
chars,arb_Arab,cumulative_nomono,anchor,,3.9348,34.3581,5.8554,1.0482,1.0936,0.3356,0.6274
chars,arb_Arab,cumulative_mono_0,low,0.0,2.8024,36.8385,5.4611,1.0234,1.0936,0.4727,0.9128
chars,arb_Arab,cumulative_mono_0,mid,0.0,3.9405,27.7222,7.257,0.9941,1.0936,0.4904,0.7346
chars,arb_Arab,cumulative_mono_0,high,0.0,5.0787,24.3009,8.2787,1.0567,1.0936,0.4854,0.6348
chars,arb_Arab,cumulative_mono_0,anchor,0.0,3.2028,33.2026,6.0591,1.0132,1.0936,0.4751,0.8477
chars,arb_Arab,cumulative_mono_rel0p25,low,0.1298,2.6194,36.988,5.4391,1.0276,1.0936,0.4899,0.934
chars,arb_Arab,cumulative_mono_rel0p25,mid,0.223,3.6203,27.4002,7.3423,0.9754,1.0936,0.545,0.8065
chars,arb_Arab,cumulative_mono_rel0p25,high,0.3162,4.6211,23.2869,8.6392,1.0108,1.0936,0.5699,0.7128
chars,arb_Arab,cumulative_mono_rel0p25,anchor,0.1663,3.0083,33.1866,6.0621,1.0138,1.0936,0.5017,0.8895
chars,arb_Arab,cumulative_mono_rel0p5,low,0.2597,2.3792,36.9117,5.4503,1.0244,1.0936,0.5084,0.9494
chars,arb_Arab,cumulative_mono_rel0p5,mid,0.446,3.2485,28.3932,7.0855,1.003,1.0936,0.5665,0.8663
chars,arb_Arab,cumulative_mono_rel0p5,high,0.6323,4.1178,22.1675,9.0754,0.9635,1.0936,0.6589,0.7826
chars,arb_Arab,cumulative_mono_rel0p5,anchor,0.3326,2.7338,33.2568,6.0493,1.0146,1.0936,0.5272,0.9231
chars,cmn_Hans,cumulative_nomono,low,,3.4773,31.5717,3.7251,0.8775,1.2178,0.0403,0.9646
chars,cmn_Hans,cumulative_nomono,mid,,4.7584,27.0351,4.3502,0.9574,1.2178,0.0403,0.8841
chars,cmn_Hans,cumulative_nomono,high,,6.0395,22.7212,5.1761,0.989,1.2178,0.0355,0.6782
chars,cmn_Hans,cumulative_nomono,anchor,,3.9348,29.99,3.9215,0.915,1.2178,0.0398,0.9464
chars,cmn_Hans,cumulative_mono_0,low,0.0,2.8024,21.2116,5.5444,0.5893,1.2178,0.0581,0.9435
chars,cmn_Hans,cumulative_mono_0,mid,0.0,3.9405,20.4423,5.7531,0.733,1.2178,0.0547,0.9253
chars,cmn_Hans,cumulative_mono_0,high,0.0,5.0787,19.5105,6.0279,0.8484,1.2178,0.052,0.8534
chars,cmn_Hans,cumulative_mono_0,anchor,0.0,3.2028,20.9398,5.6164,0.639,1.2178,0.0566,0.9339
chars,cmn_Hans,cumulative_mono_rel0p25,low,0.1298,2.6194,20.5757,5.7158,0.5717,1.2178,0.059,0.9416
chars,cmn_Hans,cumulative_mono_rel0p25,mid,0.223,3.6203,19.5015,6.0307,0.6942,1.2178,0.0562,0.9109
chars,cmn_Hans,cumulative_mono_rel0p25,high,0.3162,4.6211,18.4554,6.3725,0.8011,1.2178,0.0564,0.8793
chars,cmn_Hans,cumulative_mono_rel0p25,anchor,0.1663,3.0083,20.2146,5.8179,0.6175,1.2178,0.0575,0.9215
chars,cmn_Hans,cumulative_mono_rel0p5,low,0.2597,2.3792,19.9057,5.9082,0.5524,1.2178,0.0594,0.9291
chars,cmn_Hans,cumulative_mono_rel0p5,mid,0.446,3.2485,18.5888,6.3268,0.6567,1.2178,0.0586,0.8927
chars,cmn_Hans,cumulative_mono_rel0p5,high,0.6323,4.1178,17.2738,6.8084,0.7508,1.2178,0.0578,0.8534
chars,cmn_Hans,cumulative_mono_rel0p5,anchor,0.3326,2.7338,19.4293,6.0531,0.5928,1.2178,0.0591,0.9157
chars,deu_Latn,cumulative_nomono,low,,3.4773,40.4243,3.6954,1.1236,1.1393,0.4867,0.9228
chars,deu_Latn,cumulative_nomono,mid,,4.7584,31.9769,4.6716,1.1324,1.1393,0.4463,0.6922
chars,deu_Latn,cumulative_nomono,high,,6.0395,26.0672,5.7307,1.1346,1.1393,0.4294,0.5391
chars,deu_Latn,cumulative_nomono,anchor,,3.9348,36.9428,4.0437,1.1271,1.1393,0.4738,0.8506
chars,deu_Latn,cumulative_mono_0,low,0.0,2.8024,41.3591,3.6119,1.149,1.1393,0.5577,0.9791
chars,deu_Latn,cumulative_mono_0,mid,0.0,3.9405,32.0993,4.6538,1.151,1.1393,0.553,0.8592
chars,deu_Latn,cumulative_mono_0,high,0.0,5.0787,26.4985,5.6375,1.1522,1.1393,0.5402,0.6895
chars,deu_Latn,cumulative_mono_0,anchor,0.0,3.2028,37.8134,3.9506,1.1539,1.1393,0.5564,0.9511
chars,deu_Latn,cumulative_mono_rel0p25,low,0.1298,2.6194,41.3852,3.6096,1.1498,1.1393,0.5725,0.9877
chars,deu_Latn,cumulative_mono_rel0p25,mid,0.223,3.6203,32.4804,4.5992,1.1562,1.1393,0.5907,0.9102
chars,deu_Latn,cumulative_mono_rel0p25,high,0.3162,4.6211,26.7603,5.5823,1.1616,1.1393,0.611,0.7881
chars,deu_Latn,cumulative_mono_rel0p25,anchor,0.1663,3.0083,37.7894,3.9531,1.1544,1.1393,0.5817,0.9645
chars,deu_Latn,cumulative_mono_rel0p5,low,0.2597,2.3792,41.3591,3.6119,1.1478,1.1393,0.5855,0.9929
chars,deu_Latn,cumulative_mono_rel0p5,mid,0.446,3.2485,32.8465,4.5479,1.1603,1.1393,0.6295,0.9501
chars,deu_Latn,cumulative_mono_rel0p5,high,0.6323,4.1178,26.661,5.6031,1.1588,1.1393,0.6783,0.8711
chars,deu_Latn,cumulative_mono_rel0p5,anchor,0.3326,2.7338,38.1254,3.9182,1.1632,1.1393,0.6085,0.9816
chars,eng_Latn,cumulative_nomono,low,,3.4773,35.9789,3.4928,1.0,1.0,0.5149,0.8773
chars,eng_Latn,cumulative_nomono,mid,,4.7584,28.2387,4.4502,1.0,1.0,0.4742,0.6452
chars,eng_Latn,cumulative_nomono,high,,6.0395,22.9739,5.47,1.0,1.0,0.4727,0.5189
chars,eng_Latn,cumulative_nomono,anchor,,3.9348,32.7773,3.834,1.0,1.0,0.501,0.7945
chars,eng_Latn,cumulative_mono_0,low,0.0,2.8024,35.996,3.4911,1.0,1.0,0.6214,0.9748
chars,eng_Latn,cumulative_mono_0,mid,0.0,3.9405,27.8877,4.5062,1.0,1.0,0.6186,0.8304
chars,eng_Latn,cumulative_mono_0,high,0.0,5.0787,22.998,5.4643,1.0,1.0,0.5958,0.6548
chars,eng_Latn,cumulative_mono_0,anchor,0.0,3.2028,32.7713,3.8347,1.0,1.0,0.6174,0.9377
chars,eng_Latn,cumulative_mono_rel0p25,low,0.1298,2.6194,35.993,3.4914,1.0,1.0,0.6423,0.984
chars,eng_Latn,cumulative_mono_rel0p25,mid,0.223,3.6203,28.0913,4.4735,1.0,1.0,0.6647,0.8892
chars,eng_Latn,cumulative_mono_rel0p25,high,0.3162,4.6211,23.0371,5.455,1.0,1.0,0.6782,0.7467
chars,eng_Latn,cumulative_mono_rel0p25,anchor,0.1663,3.0083,32.7342,3.839,1.0,1.0,0.6505,0.9623
chars,eng_Latn,cumulative_mono_rel0p5,low,0.2597,2.3792,36.0331,3.4875,1.0,1.0,0.6545,0.9876
chars,eng_Latn,cumulative_mono_rel0p5,mid,0.446,3.2485,28.3079,4.4393,1.0,1.0,0.7112,0.9401
chars,eng_Latn,cumulative_mono_rel0p5,high,0.6323,4.1178,23.008,5.4619,1.0,1.0,0.7637,0.8396
chars,eng_Latn,cumulative_mono_rel0p5,anchor,0.3326,2.7338,32.7773,3.834,1.0,1.0,0.6822,0.979
chars,fin_Latn,cumulative_nomono,low,,3.4773,40.66,3.433,1.1301,1.1147,0.3338,0.8907
chars,fin_Latn,cumulative_nomono,mid,,4.7584,31.6058,4.4164,1.1192,1.1147,0.3292,0.7018
chars,fin_Latn,cumulative_nomono,high,,6.0395,25.8676,5.3961,1.126,1.1147,0.3246,0.5624
chars,fin_Latn,cumulative_nomono,anchor,,3.9348,36.7613,3.797,1.1215,1.1147,0.3296,0.8185
chars,fin_Latn,cumulative_mono_0,low,0.0,2.8024,40.4102,3.4542,1.1226,1.1147,0.42,0.9718
chars,fin_Latn,cumulative_mono_0,mid,0.0,3.9405,30.8586,4.5233,1.1065,1.1147,0.401,0.8322
chars,fin_Latn,cumulative_mono_0,high,0.0,5.0787,25.6309,5.4459,1.1145,1.1147,0.4005,0.6872
chars,fin_Latn,cumulative_mono_0,anchor,0.0,3.2028,36.5266,3.8214,1.1146,1.1147,0.4071,0.9437
chars,fin_Latn,cumulative_mono_rel0p25,low,0.1298,2.6194,39.6018,3.5247,1.1003,1.1147,0.439,0.979
chars,fin_Latn,cumulative_mono_rel0p25,mid,0.223,3.6203,30.68,4.5497,1.0922,1.1147,0.4417,0.8989
chars,fin_Latn,cumulative_mono_rel0p25,high,0.3162,4.6211,24.9077,5.604,1.0812,1.1147,0.4566,0.7605
chars,fin_Latn,cumulative_mono_rel0p25,anchor,0.1663,3.0083,35.8997,3.8882,1.0967,1.1147,0.442,0.9628
chars,fin_Latn,cumulative_mono_rel0p5,low,0.2597,2.3792,38.7402,3.6031,1.0751,1.1147,0.4507,0.985
chars,fin_Latn,cumulative_mono_rel0p5,mid,0.446,3.2485,29.7312,4.6949,1.0503,1.1147,0.495,0.9444
chars,fin_Latn,cumulative_mono_rel0p5,high,0.6323,4.1178,23.671,5.8968,1.0288,1.1147,0.5353,0.8452
chars,fin_Latn,cumulative_mono_rel0p5,anchor,0.3326,2.7338,35.1936,3.9662,1.0737,1.1147,0.4762,0.9718
chars,fra_Latn,cumulative_nomono,low,,3.4773,39.3691,3.9381,1.0942,1.0833,0.4836,0.7893
chars,fra_Latn,cumulative_nomono,mid,,4.7584,30.5466,5.0755,1.0817,1.0833,0.4565,0.5806
chars,fra_Latn,cumulative_nomono,high,,6.0395,25.0421,6.1911,1.09,1.0833,0.4656,0.4821
chars,fra_Latn,cumulative_nomono,anchor,,3.9348,35.7753,4.3337,1.0915,1.0833,0.4657,0.6962
chars,fra_Latn,cumulative_mono_0,low,0.0,2.8024,39.655,3.9097,1.1016,1.0833,0.6001,0.9394
chars,fra_Latn,cumulative_mono_0,mid,0.0,3.9405,30.4684,5.0885,1.0925,1.0833,0.5936,0.752
chars,fra_Latn,cumulative_mono_0,high,0.0,5.0787,25.1615,6.1617,1.0941,1.0833,0.5843,0.608
chars,fra_Latn,cumulative_mono_0,anchor,0.0,3.2028,35.8134,4.329,1.0928,1.0833,0.594,0.8717
chars,fra_Latn,cumulative_mono_rel0p25,low,0.1298,2.6194,39.7121,3.904,1.1033,1.0833,0.6273,0.9575
chars,fra_Latn,cumulative_mono_rel0p25,mid,0.223,3.6203,30.7974,5.0341,1.0963,1.0833,0.646,0.8253
chars,fra_Latn,cumulative_mono_rel0p25,high,0.3162,4.6211,25.2217,6.147,1.0948,1.0833,0.6666,0.6951
chars,fra_Latn,cumulative_mono_rel0p25,anchor,0.1663,3.0083,35.7182,4.3406,1.0912,1.0833,0.6296,0.9113
chars,fra_Latn,cumulative_mono_rel0p5,low,0.2597,2.3792,39.658,3.9094,1.1006,1.0833,0.6512,0.9695
chars,fra_Latn,cumulative_mono_rel0p5,mid,0.446,3.2485,30.9037,5.0168,1.0917,1.0833,0.6948,0.8822
chars,fra_Latn,cumulative_mono_rel0p5,high,0.6323,4.1178,24.9348,6.2177,1.0837,1.0833,0.7548,0.7778
chars,fra_Latn,cumulative_mono_rel0p5,anchor,0.3326,2.7338,36.1133,4.2931,1.1018,1.0833,0.6691,0.9477
chars,heb_Hebr,cumulative_nomono,low,,3.4773,34.5015,5.0719,0.9589,1.0134,0.3414,0.7215
chars,heb_Hebr,cumulative_nomono,mid,,4.7584,28.5226,6.1351,1.0101,1.0134,0.3161,0.5509
chars,heb_Hebr,cumulative_nomono,high,,6.0395,22.9809,7.6145,1.0003,1.0134,0.2979,0.4147
chars,heb_Hebr,cumulative_nomono,anchor,,3.9348,32.1404,5.4445,0.9806,1.0134,0.3261,0.6422
chars,heb_Hebr,cumulative_mono_0,low,0.0,2.8024,32.4433,5.3937,0.9013,1.0134,0.4794,0.9232
chars,heb_Hebr,cumulative_mono_0,mid,0.0,3.9405,25.0532,6.9847,0.8984,1.0134,0.4856,0.7389
chars,heb_Hebr,cumulative_mono_0,high,0.0,5.0787,22.2437,7.8669,0.9672,1.0134,0.481,0.6467
chars,heb_Hebr,cumulative_mono_0,anchor,0.0,3.2028,27.2317,6.4259,0.831,1.0134,0.5214,0.8615
chars,heb_Hebr,cumulative_mono_rel0p25,low,0.1298,2.6194,31.8676,5.4911,0.8854,1.0134,0.5147,0.9422
chars,heb_Hebr,cumulative_mono_rel0p25,mid,0.223,3.6203,23.0401,7.595,0.8202,1.0134,0.5877,0.8188
chars,heb_Hebr,cumulative_mono_rel0p25,high,0.3162,4.6211,20.0261,8.7381,0.8693,1.0134,0.6159,0.7419
chars,heb_Hebr,cumulative_mono_rel0p25,anchor,0.1663,3.0083,25.8275,6.7753,0.789,1.0134,0.579,0.8993
chars,heb_Hebr,cumulative_mono_rel0p5,low,0.2597,2.3792,30.1254,5.8087,0.836,1.0134,0.5646,0.9529
chars,heb_Hebr,cumulative_mono_rel0p5,mid,0.446,3.2485,21.5717,8.112,0.762,1.0134,0.6812,0.8846
chars,heb_Hebr,cumulative_mono_rel0p5,high,0.6323,4.1178,18.6891,9.3632,0.8123,1.0134,0.7315,0.8191
chars,heb_Hebr,cumulative_mono_rel0p5,anchor,0.3326,2.7338,26.4483,6.6163,0.8069,1.0134,0.6015,0.9359
chars,hrv_Latn,cumulative_nomono,low,,3.4773,39.1364,3.2582,1.0878,1.0938,0.4411,0.9025
chars,hrv_Latn,cumulative_nomono,mid,,4.7584,30.7111,4.152,1.0876,1.0938,0.4247,0.7046
chars,hrv_Latn,cumulative_nomono,high,,6.0395,25.1133,5.0775,1.0931,1.0938,0.414,0.5579
chars,hrv_Latn,cumulative_nomono,anchor,,3.9348,35.6058,3.5812,1.0863,1.0938,0.4337,0.8354
chars,hrv_Latn,cumulative_mono_0,low,0.0,2.8024,39.014,3.2684,1.0838,1.0938,0.5335,0.9829
chars,hrv_Latn,cumulative_mono_0,mid,0.0,3.9405,29.997,4.2508,1.0756,1.0938,0.5246,0.8475
chars,hrv_Latn,cumulative_mono_0,high,0.0,5.0787,24.7653,5.1488,1.0768,1.0938,0.51,0.6771
chars,hrv_Latn,cumulative_mono_0,anchor,0.0,3.2028,35.4985,3.5921,1.0832,1.0938,0.5274,0.9509
chars,hrv_Latn,cumulative_mono_rel0p25,low,0.1298,2.6194,38.6499,3.2992,1.0738,1.0938,0.545,0.9884
chars,hrv_Latn,cumulative_mono_rel0p25,mid,0.223,3.6203,30.2698,4.2125,1.0776,1.0938,0.5582,0.898
chars,hrv_Latn,cumulative_mono_rel0p25,high,0.3162,4.6211,24.5386,5.1964,1.0652,1.0938,0.5728,0.7531
chars,hrv_Latn,cumulative_mono_rel0p25,anchor,0.1663,3.0083,35.4112,3.6009,1.0818,1.0938,0.5569,0.9737
chars,hrv_Latn,cumulative_mono_rel0p5,low,0.2597,2.3792,38.2548,3.3332,1.0617,1.0938,0.5506,0.9904
chars,hrv_Latn,cumulative_mono_rel0p5,mid,0.446,3.2485,30.4744,4.1842,1.0765,1.0938,0.6031,0.9506
chars,hrv_Latn,cumulative_mono_rel0p5,high,0.6323,4.1178,23.9308,5.3284,1.0401,1.0938,0.6552,0.839
chars,hrv_Latn,cumulative_mono_rel0p5,anchor,0.3326,2.7338,35.2738,3.6149,1.0762,1.0938,0.5793,0.9847
chars,ita_Latn,cumulative_nomono,low,,3.4773,40.6429,3.6571,1.1296,1.1183,0.4646,0.824
chars,ita_Latn,cumulative_nomono,mid,,4.7584,31.6389,4.6978,1.1204,1.1183,0.442,0.6138
chars,ita_Latn,cumulative_nomono,high,,6.0395,25.9298,5.7322,1.1287,1.1183,0.438,0.4951
chars,ita_Latn,cumulative_nomono,anchor,,3.9348,36.9077,4.0272,1.126,1.1183,0.4584,0.7455
chars,ita_Latn,cumulative_mono_0,low,0.0,2.8024,40.9539,3.6293,1.1377,1.1183,0.5597,0.9463
chars,ita_Latn,cumulative_mono_0,mid,0.0,3.9405,31.3561,4.7402,1.1244,1.1183,0.5555,0.7637
chars,ita_Latn,cumulative_mono_0,high,0.0,5.0787,26.0371,5.7085,1.1321,1.1183,0.5421,0.6154
chars,ita_Latn,cumulative_mono_0,anchor,0.0,3.2028,36.8957,4.0285,1.1259,1.1183,0.5521,0.8787
chars,ita_Latn,cumulative_mono_rel0p25,low,0.1298,2.6194,41.3089,3.5981,1.1477,1.1183,0.5847,0.9665
chars,ita_Latn,cumulative_mono_rel0p25,mid,0.223,3.6203,31.4804,4.7215,1.1206,1.1183,0.599,0.8241
chars,ita_Latn,cumulative_mono_rel0p25,high,0.3162,4.6211,25.7773,5.7661,1.1189,1.1183,0.6179,0.6938
chars,ita_Latn,cumulative_mono_rel0p25,anchor,0.1663,3.0083,36.6479,4.0557,1.1196,1.1183,0.5855,0.9134
chars,ita_Latn,cumulative_mono_rel0p5,low,0.2597,2.3792,41.0461,3.6211,1.1391,1.1183,0.6068,0.9763
chars,ita_Latn,cumulative_mono_rel0p5,mid,0.446,3.2485,31.2618,4.7545,1.1043,1.1183,0.6509,0.8807
chars,ita_Latn,cumulative_mono_rel0p5,high,0.6323,4.1178,25.1374,5.9129,1.0925,1.1183,0.729,0.7972
chars,ita_Latn,cumulative_mono_rel0p5,anchor,0.3326,2.7338,37.2036,3.9951,1.135,1.1183,0.625,0.957
chars,jpn_Jpan,cumulative_nomono,low,,3.4773,30.0542,5.3413,0.8353,1.0538,0.0026,0.9394
chars,jpn_Jpan,cumulative_nomono,mid,,4.7584,24.5226,6.5462,0.8684,1.0538,0.0025,0.8485
chars,jpn_Jpan,cumulative_nomono,high,,6.0395,20.8816,7.6876,0.9089,1.0538,0.0022,0.6667
chars,jpn_Jpan,cumulative_nomono,anchor,,3.9348,27.8415,5.7658,0.8494,1.0538,0.0024,0.9394
chars,jpn_Jpan,cumulative_mono_0,low,0.0,2.8024,25.2708,6.3524,0.702,1.0538,0.0032,0.9242
chars,jpn_Jpan,cumulative_mono_0,mid,0.0,3.9405,22.9198,7.004,0.8219,1.0538,0.0027,0.8939
chars,jpn_Jpan,cumulative_mono_0,high,0.0,5.0787,20.2548,7.9255,0.8807,1.0538,0.0026,0.7424
chars,jpn_Jpan,cumulative_mono_0,anchor,0.0,3.2028,24.5105,6.5494,0.7479,1.0538,0.0032,0.9394
chars,jpn_Jpan,cumulative_mono_rel0p25,low,0.1298,2.6194,24.7984,6.4734,0.689,1.0538,0.0031,0.9091
chars,jpn_Jpan,cumulative_mono_rel0p25,mid,0.223,3.6203,22.5376,7.1227,0.8023,1.0538,0.0029,0.8939
chars,jpn_Jpan,cumulative_mono_rel0p25,high,0.3162,4.6211,20.2187,7.9397,0.8777,1.0538,0.0026,0.7273
chars,jpn_Jpan,cumulative_mono_rel0p25,anchor,0.1663,3.0083,23.9829,6.6935,0.7327,1.0538,0.0031,0.9091
chars,jpn_Jpan,cumulative_mono_rel0p5,low,0.2597,2.3792,24.2497,6.6198,0.673,1.0538,0.0032,0.8788
chars,jpn_Jpan,cumulative_mono_rel0p5,mid,0.446,3.2485,21.9519,7.3128,0.7755,1.0538,0.0031,0.8182
chars,jpn_Jpan,cumulative_mono_rel0p5,high,0.6323,4.1178,19.7974,8.1086,0.8605,1.0538,0.0028,0.7727
chars,jpn_Jpan,cumulative_mono_rel0p5,anchor,0.3326,2.7338,23.3139,6.8856,0.7113,1.0538,0.0031,0.8485
chars,kat_Geor,cumulative_nomono,low,,3.4773,37.4303,9.986,1.0403,1.0495,0.3924,0.8849
chars,kat_Geor,cumulative_nomono,mid,,4.7584,29.3591,12.7313,1.0397,1.0495,0.3684,0.67
chars,kat_Geor,cumulative_nomono,high,,6.0395,24.0853,15.519,1.0484,1.0495,0.368,0.5459
chars,kat_Geor,cumulative_nomono,anchor,,3.9348,34.0391,10.9809,1.0385,1.0495,0.3764,0.7901
chars,kat_Geor,cumulative_mono_0,low,0.0,2.8024,38.6108,9.6807,1.0726,1.0495,0.4379,0.95
chars,kat_Geor,cumulative_mono_0,mid,0.0,3.9405,29.9529,12.4789,1.0741,1.0495,0.436,0.804
chars,kat_Geor,cumulative_mono_0,high,0.0,5.0787,24.345,15.3534,1.0586,1.0495,0.4264,0.6393
chars,kat_Geor,cumulative_mono_0,anchor,0.0,3.2028,35.4193,10.553,1.0808,1.0495,0.4437,0.9254
chars,kat_Geor,cumulative_mono_rel0p25,low,0.1298,2.6194,38.5908,9.6857,1.0722,1.0495,0.4447,0.9587
chars,kat_Geor,cumulative_mono_rel0p25,mid,0.223,3.6203,30.7643,12.1498,1.0952,1.0495,0.4629,0.8688
chars,kat_Geor,cumulative_mono_rel0p25,high,0.3162,4.6211,24.7131,15.1247,1.0728,1.0495,0.4638,0.7052
chars,kat_Geor,cumulative_mono_rel0p25,anchor,0.1663,3.0083,35.679,10.4762,1.09,1.0495,0.4609,0.9399
chars,kat_Geor,cumulative_mono_rel0p5,low,0.2597,2.3792,38.5306,9.7008,1.0693,1.0495,0.4467,0.9607
chars,kat_Geor,cumulative_mono_rel0p5,mid,0.446,3.2485,31.4213,11.8957,1.11,1.0495,0.4945,0.9247
chars,kat_Geor,cumulative_mono_rel0p5,high,0.6323,4.1178,24.9679,14.9704,1.0852,1.0495,0.5199,0.7977
chars,kat_Geor,cumulative_mono_rel0p5,anchor,0.3326,2.7338,35.7854,10.445,1.0918,1.0495,0.4692,0.9522
chars,kor_Hang,cumulative_nomono,low,,3.4773,30.7894,4.9164,0.8558,1.0414,0.4802,0.9261
chars,kor_Hang,cumulative_nomono,mid,,4.7584,24.999,6.0551,0.8853,1.0414,0.5528,0.8758
chars,kor_Hang,cumulative_nomono,high,,6.0395,21.0451,7.1927,0.916,1.0414,0.5351,0.7562
chars,kor_Hang,cumulative_nomono,anchor,,3.9348,28.4804,5.3149,0.8689,1.0414,0.5116,0.9125
chars,kor_Hang,cumulative_mono_0,low,0.0,2.8024,23.6851,6.391,0.658,1.0414,0.5978,0.9532
chars,kor_Hang,cumulative_mono_0,mid,0.0,3.9405,21.7874,6.9477,0.7813,1.0414,0.6309,0.9302
chars,kor_Hang,cumulative_mono_0,high,0.0,5.0787,19.656,7.7011,0.8547,1.0414,0.6638,0.8831
chars,kor_Hang,cumulative_mono_0,anchor,0.0,3.2028,23.0251,6.5742,0.7026,1.0414,0.6103,0.9478
chars,kor_Hang,cumulative_mono_rel0p25,low,0.1298,2.6194,23.2658,6.5062,0.6464,1.0414,0.6089,0.9547
chars,kor_Hang,cumulative_mono_rel0p25,mid,0.223,3.6203,21.3541,7.0887,0.7602,1.0414,0.6499,0.9383
chars,kor_Hang,cumulative_mono_rel0p25,high,0.3162,4.6211,19.4463,7.7841,0.8441,1.0414,0.6926,0.9115
chars,kor_Hang,cumulative_mono_rel0p25,anchor,0.1663,3.0083,22.5486,6.7131,0.6888,1.0414,0.6238,0.949
chars,kor_Hang,cumulative_mono_rel0p5,low,0.2597,2.3792,22.8054,6.6376,0.6329,1.0414,0.623,0.9569
chars,kor_Hang,cumulative_mono_rel0p5,mid,0.446,3.2485,20.7312,7.3017,0.7323,1.0414,0.672,0.9439
chars,kor_Hang,cumulative_mono_rel0p5,high,0.6323,4.1178,18.8395,8.0348,0.8188,1.0414,0.722,0.9265
chars,kor_Hang,cumulative_mono_rel0p5,anchor,0.3326,2.7338,21.9248,6.9042,0.6689,1.0414,0.642,0.9507
chars,nya_Latn,cumulative_nomono,low,,3.4773,36.2367,3.9243,1.0072,0.9936,0.3876,0.7322
chars,nya_Latn,cumulative_nomono,mid,,4.7584,28.4794,4.9932,1.0085,0.9936,0.3703,0.5642
chars,nya_Latn,cumulative_nomono,high,,6.0395,23.2778,6.109,1.0132,0.9936,0.3608,0.4457
chars,nya_Latn,cumulative_nomono,anchor,,3.9348,33.0592,4.3015,1.0086,0.9936,0.3793,0.6736
chars,nya_Latn,cumulative_mono_0,low,0.0,2.8024,37.4744,3.7947,1.0411,0.9936,0.4707,0.8443
chars,nya_Latn,cumulative_mono_0,mid,0.0,3.9405,28.7372,4.9484,1.0305,0.9936,0.4521,0.6947
chars,nya_Latn,cumulative_mono_0,high,0.0,5.0787,24.1695,5.8836,1.0509,0.9936,0.4541,0.5834
chars,nya_Latn,cumulative_mono_0,anchor,0.0,3.2028,33.8967,4.1952,1.0343,0.9936,0.4665,0.7885
chars,nya_Latn,cumulative_mono_rel0p25,low,0.1298,2.6194,38.1896,3.7236,1.061,0.9936,0.4913,0.8796
chars,nya_Latn,cumulative_mono_rel0p25,mid,0.223,3.6203,28.8806,4.9238,1.0281,0.9936,0.5008,0.763
chars,nya_Latn,cumulative_mono_rel0p25,high,0.3162,4.6211,24.2257,5.87,1.0516,0.9936,0.5232,0.6739
chars,nya_Latn,cumulative_mono_rel0p25,anchor,0.1663,3.0083,34.2307,4.1543,1.0457,0.9936,0.4986,0.8335
chars,nya_Latn,cumulative_mono_rel0p5,low,0.2597,2.3792,39.4273,3.6067,1.0942,0.9936,0.4995,0.9019
chars,nya_Latn,cumulative_mono_rel0p5,mid,0.446,3.2485,29.1545,4.8776,1.0299,0.9936,0.5529,0.8142
chars,nya_Latn,cumulative_mono_rel0p5,high,0.6323,4.1178,23.2497,6.1164,1.0105,0.9936,0.6031,0.7441
chars,nya_Latn,cumulative_mono_rel0p5,anchor,0.3326,2.7338,34.7643,4.0905,1.0606,0.9936,0.5216,0.8702
chars,ron_Latn,cumulative_nomono,low,,3.4773,39.4905,3.7818,1.0976,1.0979,0.4864,0.8448
chars,ron_Latn,cumulative_nomono,mid,,4.7584,31.0311,4.8127,1.0989,1.0979,0.4409,0.6073
chars,ron_Latn,cumulative_nomono,high,,6.0395,25.331,5.8957,1.1026,1.0979,0.4415,0.4931
chars,ron_Latn,cumulative_nomono,anchor,,3.9348,36.0682,4.1406,1.1004,1.0979,0.4728,0.759
chars,ron_Latn,cumulative_mono_0,low,0.0,2.8024,39.3079,3.7993,1.092,1.0979,0.5896,0.9584
chars,ron_Latn,cumulative_mono_0,mid,0.0,3.9405,30.5787,4.8839,1.0965,1.0979,0.5766,0.7816
chars,ron_Latn,cumulative_mono_0,high,0.0,5.0787,25.2357,5.918,1.0973,1.0979,0.5577,0.6203
chars,ron_Latn,cumulative_mono_0,anchor,0.0,3.2028,35.7272,4.1801,1.0902,1.0979,0.5814,0.9006
chars,ron_Latn,cumulative_mono_rel0p25,low,0.1298,2.6194,39.1785,3.8119,1.0885,1.0979,0.6119,0.9727
chars,ron_Latn,cumulative_mono_rel0p25,mid,0.223,3.6203,30.6449,4.8734,1.0909,1.0979,0.6224,0.8407
chars,ron_Latn,cumulative_mono_rel0p25,high,0.3162,4.6211,25.0933,5.9516,1.0893,1.0979,0.627,0.6931
chars,ron_Latn,cumulative_mono_rel0p25,anchor,0.1663,3.0083,35.5216,4.2043,1.0852,1.0979,0.6163,0.9357
chars,ron_Latn,cumulative_mono_rel0p5,low,0.2597,2.3792,38.9348,3.8357,1.0805,1.0979,0.6266,0.9781
chars,ron_Latn,cumulative_mono_rel0p5,mid,0.446,3.2485,30.7422,4.8579,1.086,1.0979,0.6717,0.8995
chars,ron_Latn,cumulative_mono_rel0p5,high,0.6323,4.1178,24.8746,6.0039,1.0811,1.0979,0.7195,0.7878
chars,ron_Latn,cumulative_mono_rel0p5,anchor,0.3326,2.7338,35.5296,4.2034,1.084,1.0979,0.6502,0.9647
chars,spa_Latn,cumulative_nomono,low,,3.4773,40.3862,3.7769,1.1225,1.1131,0.5034,0.8219
chars,spa_Latn,cumulative_nomono,mid,,4.7584,31.4313,4.853,1.1131,1.1131,0.4693,0.5975
chars,spa_Latn,cumulative_nomono,high,,6.0395,25.681,5.9396,1.1178,1.1131,0.4838,0.4997
chars,spa_Latn,cumulative_nomono,anchor,,3.9348,36.8215,4.1426,1.1234,1.1131,0.4838,0.7246
chars,spa_Latn,cumulative_mono_0,low,0.0,2.8024,41.4905,3.6764,1.1526,1.1131,0.6005,0.9547
chars,spa_Latn,cumulative_mono_0,mid,0.0,3.9405,31.4744,4.8463,1.1286,1.1131,0.596,0.7597
chars,spa_Latn,cumulative_mono_0,high,0.0,5.0787,25.8255,5.9064,1.1229,1.1131,0.5755,0.5979
chars,spa_Latn,cumulative_mono_0,anchor,0.0,3.2028,37.2899,4.0905,1.1379,1.1131,0.5965,0.8847
chars,spa_Latn,cumulative_mono_rel0p25,low,0.1298,2.6194,41.4514,3.6799,1.1517,1.1131,0.6269,0.9688
chars,spa_Latn,cumulative_mono_rel0p25,mid,0.223,3.6203,31.8455,4.7899,1.1336,1.1131,0.643,0.8278
chars,spa_Latn,cumulative_mono_rel0p25,high,0.3162,4.6211,25.7904,5.9144,1.1195,1.1131,0.6567,0.6813
chars,spa_Latn,cumulative_mono_rel0p25,anchor,0.1663,3.0083,37.2427,4.0957,1.1377,1.1131,0.6336,0.9273
chars,spa_Latn,cumulative_mono_rel0p5,low,0.2597,2.3792,41.2879,3.6944,1.1458,1.1131,0.6475,0.9736
chars,spa_Latn,cumulative_mono_rel0p5,mid,0.446,3.2485,31.8786,4.7849,1.1261,1.1131,0.698,0.8901
chars,spa_Latn,cumulative_mono_rel0p5,high,0.6323,4.1178,25.6349,5.9503,1.1142,1.1131,0.7576,0.7809
chars,spa_Latn,cumulative_mono_rel0p5,anchor,0.3326,2.7338,37.7462,4.0411,1.1516,1.1131,0.6668,0.9605
chars,srp_Cyrl,cumulative_nomono,low,,3.4773,37.5326,6.0512,1.0432,1.0467,0.4373,0.8231
chars,srp_Cyrl,cumulative_nomono,mid,,4.7584,29.3621,7.735,1.0398,1.0467,0.4045,0.6093
chars,srp_Cyrl,cumulative_nomono,high,,6.0395,24.005,9.4612,1.0449,1.0467,0.4083,0.4994
chars,srp_Cyrl,cumulative_nomono,anchor,,3.9348,34.2357,6.6339,1.0445,1.0467,0.4253,0.7447
chars,srp_Cyrl,cumulative_mono_0,low,0.0,2.8024,37.344,6.0817,1.0374,1.0467,0.5121,0.9368
chars,srp_Cyrl,cumulative_mono_0,mid,0.0,3.9405,29.4012,7.7247,1.0543,1.0467,0.5145,0.7733
chars,srp_Cyrl,cumulative_mono_0,high,0.0,5.0787,23.9679,9.4759,1.0422,1.0467,0.4975,0.6074
chars,srp_Cyrl,cumulative_mono_0,anchor,0.0,3.2028,34.4152,6.5993,1.0502,1.0467,0.5216,0.8954
chars,srp_Cyrl,cumulative_mono_rel0p25,low,0.1298,2.6194,37.3571,6.0796,1.0379,1.0467,0.5201,0.9516
chars,srp_Cyrl,cumulative_mono_rel0p25,mid,0.223,3.6203,29.8465,7.6095,1.0625,1.0467,0.55,0.8347
chars,srp_Cyrl,cumulative_mono_rel0p25,high,0.3162,4.6211,24.0191,9.4557,1.0426,1.0467,0.5586,0.6834
chars,srp_Cyrl,cumulative_mono_rel0p25,anchor,0.1663,3.0083,34.3761,6.6068,1.0502,1.0467,0.5405,0.921
chars,srp_Cyrl,cumulative_mono_rel0p5,low,0.2597,2.3792,37.4253,6.0685,1.0386,1.0467,0.5277,0.9634
chars,srp_Cyrl,cumulative_mono_rel0p5,mid,0.446,3.2485,30.1294,7.538,1.0643,1.0467,0.5924,0.8988
chars,srp_Cyrl,cumulative_mono_rel0p5,high,0.6323,4.1178,23.8425,9.5257,1.0363,1.0467,0.6403,0.7767
chars,srp_Cyrl,cumulative_mono_rel0p5,anchor,0.3326,2.7338,34.322,6.6172,1.0471,1.0467,0.557,0.9459
chars,tam_Taml,cumulative_nomono,low,,3.4773,39.3992,10.1525,1.0951,1.0925,0.2969,0.7455
chars,tam_Taml,cumulative_nomono,mid,,4.7584,30.9629,12.9187,1.0965,1.0925,0.2855,0.5621
chars,tam_Taml,cumulative_nomono,high,,6.0395,25.2828,15.821,1.1005,1.0925,0.2845,0.454
chars,tam_Taml,cumulative_nomono,anchor,,3.9348,35.9408,11.1294,1.0965,1.0925,0.2881,0.6604
chars,tam_Taml,cumulative_mono_0,low,0.0,2.8024,38.4794,10.3952,1.069,1.0925,0.3787,0.8938
chars,tam_Taml,cumulative_mono_0,mid,0.0,3.9405,30.0361,13.3173,1.077,1.0925,0.3577,0.6828
chars,tam_Taml,cumulative_mono_0,high,0.0,5.0787,25.3049,15.8072,1.1003,1.0925,0.3546,0.5671
chars,tam_Taml,cumulative_mono_0,anchor,0.0,3.2028,34.5145,11.5893,1.0532,1.0925,0.3739,0.8159
chars,tam_Taml,cumulative_mono_rel0p25,low,0.1298,2.6194,38.3571,10.4284,1.0657,1.0925,0.3963,0.9065
chars,tam_Taml,cumulative_mono_rel0p25,mid,0.223,3.6203,29.7021,13.4671,1.0573,1.0925,0.3919,0.7387
chars,tam_Taml,cumulative_mono_rel0p25,high,0.3162,4.6211,24.9779,16.0142,1.0842,1.0925,0.4093,0.6458
chars,tam_Taml,cumulative_mono_rel0p25,anchor,0.1663,3.0083,34.1836,11.7016,1.0443,1.0925,0.3999,0.8588
chars,tam_Taml,cumulative_mono_rel0p5,low,0.2597,2.3792,37.9448,10.5416,1.0531,1.0925,0.4068,0.9096
chars,tam_Taml,cumulative_mono_rel0p5,mid,0.446,3.2485,29.673,13.4803,1.0482,1.0925,0.4395,0.8256
chars,tam_Taml,cumulative_mono_rel0p5,high,0.6323,4.1178,24.6499,16.2273,1.0714,1.0925,0.4684,0.7287
chars,tam_Taml,cumulative_mono_rel0p5,anchor,0.3326,2.7338,34.3039,11.6605,1.0466,1.0925,0.4264,0.8981
chars,tha_Thai,cumulative_nomono,low,,3.4773,37.322,9.3121,1.0373,1.1073,0.0754,0.7988
chars,tha_Thai,cumulative_nomono,mid,,4.7584,29.9047,11.6217,1.059,1.1073,0.0723,0.6478
chars,tha_Thai,cumulative_nomono,high,,6.0395,24.68,14.082,1.0743,1.1073,0.0705,0.5259
chars,tha_Thai,cumulative_nomono,anchor,,3.9348,34.4845,10.0783,1.0521,1.1073,0.0742,0.7441
chars,tha_Thai,cumulative_mono_0,low,0.0,2.8024,36.2287,9.5931,1.0065,1.1073,0.0891,0.8906
chars,tha_Thai,cumulative_mono_0,mid,0.0,3.9405,30.3852,11.438,1.0896,1.1073,0.089,0.7802
chars,tha_Thai,cumulative_mono_0,high,0.0,5.0787,24.6369,14.1067,1.0713,1.1073,0.0895,0.6638
chars,tha_Thai,cumulative_mono_0,anchor,0.0,3.2028,34.1284,10.1834,1.0414,1.1073,0.0893,0.8573
chars,tha_Thai,cumulative_mono_rel0p25,low,0.1298,2.6194,36.2267,9.5936,1.0065,1.1073,0.0907,0.8983
chars,tha_Thai,cumulative_mono_rel0p25,mid,0.223,3.6203,30.9719,11.2213,1.1025,1.1073,0.0911,0.8097
chars,tha_Thai,cumulative_mono_rel0p25,high,0.3162,4.6211,25.6289,13.5607,1.1125,1.1073,0.0948,0.7294
chars,tha_Thai,cumulative_mono_rel0p25,anchor,0.1663,3.0083,33.7613,10.2942,1.0314,1.1073,0.0917,0.8631
chars,tha_Thai,cumulative_mono_rel0p5,low,0.2597,2.3792,36.7352,9.4608,1.0195,1.1073,0.0916,0.9053
chars,tha_Thai,cumulative_mono_rel0p5,mid,0.446,3.2485,31.2688,11.1147,1.1046,1.1073,0.0938,0.8353
chars,tha_Thai,cumulative_mono_rel0p5,high,0.6323,4.1178,26.7944,12.9708,1.1646,1.1073,0.0957,0.7578
chars,tha_Thai,cumulative_mono_rel0p5,anchor,0.3326,2.7338,34.1615,10.1736,1.0422,1.1073,0.0927,0.8781
chars,vie_Latn,cumulative_nomono,low,,3.4773,37.9258,4.6234,1.0541,1.0855,0.5254,0.6765
chars,vie_Latn,cumulative_nomono,mid,,4.7584,29.7864,5.8868,1.0548,1.0855,0.4612,0.469
chars,vie_Latn,cumulative_nomono,high,,6.0395,24.6088,7.1253,1.0712,1.0855,0.4716,0.3936
chars,vie_Latn,cumulative_nomono,anchor,,3.9348,34.5496,5.0752,1.0541,1.0855,0.4966,0.5872
chars,vie_Latn,cumulative_mono_0,low,0.0,2.8024,39.9147,4.393,1.1089,1.0855,0.6694,0.8664
chars,vie_Latn,cumulative_mono_0,mid,0.0,3.9405,30.33,5.7812,1.0876,1.0855,0.6811,0.7047
chars,vie_Latn,cumulative_mono_0,high,0.0,5.0787,25.4835,6.8807,1.1081,1.0855,0.6805,0.5888
chars,vie_Latn,cumulative_mono_0,anchor,0.0,3.2028,35.6329,4.9209,1.0873,1.0855,0.6702,0.8026
chars,vie_Latn,cumulative_mono_rel0p25,low,0.1298,2.6194,40.6469,4.3139,1.1293,1.0855,0.6955,0.9035
chars,vie_Latn,cumulative_mono_rel0p25,mid,0.223,3.6203,31.2558,5.61,1.1127,1.0855,0.7314,0.7774
chars,vie_Latn,cumulative_mono_rel0p25,high,0.3162,4.6211,26.0241,6.7378,1.1297,1.0855,0.7729,0.6835
chars,vie_Latn,cumulative_mono_rel0p25,anchor,0.1663,3.0083,36.3531,4.8234,1.1106,1.0855,0.6998,0.8484
chars,vie_Latn,cumulative_mono_rel0p5,low,0.2597,2.3792,41.0191,4.2747,1.1384,1.0855,0.7121,0.929
chars,vie_Latn,cumulative_mono_rel0p5,mid,0.446,3.2485,32.7834,5.3486,1.1581,1.0855,0.7506,0.8322
chars,vie_Latn,cumulative_mono_rel0p5,high,0.6323,4.1178,27.2287,6.4397,1.1834,1.0855,0.8115,0.752
chars,vie_Latn,cumulative_mono_rel0p5,anchor,0.3326,2.7338,37.4704,4.6796,1.1432,1.0855,0.7286,0.8951
