score_source,lang,case,bound,m,T,pps,bpp,pps_premium,entropy_sum_premium,word_start_precision,word_start_recall
bytes,amh_Ethi,cumulative_nomono,low,,4.8066,182.6981,1.199,5.0771,4.4837,0.0517,0.5894
bytes,amh_Ethi,cumulative_nomono,mid,,5.9395,142.1635,1.5409,5.0317,4.4837,0.0505,0.4475
bytes,amh_Ethi,cumulative_nomono,high,,7.0723,111.5928,1.963,4.8612,4.4837,0.0528,0.3665
bytes,amh_Ethi,cumulative_nomono,anchor,,5.1878,170.8696,1.282,5.2064,4.4837,0.0494,0.5263
bytes,amh_Ethi,cumulative_mono_0,low,0.0,3.5679,104.1996,2.1022,2.8925,4.4837,0.0389,0.2515
bytes,amh_Ethi,cumulative_mono_0,mid,0.0,5.0131,102.009,2.1474,3.625,4.4837,0.0359,0.2276
bytes,amh_Ethi,cumulative_mono_0,high,0.0,6.4583,92.8114,2.3602,4.0328,4.4837,0.0386,0.2225
bytes,amh_Ethi,cumulative_mono_0,anchor,0.0,4.0867,103.7172,2.112,3.169,4.4837,0.0377,0.243
bytes,amh_Ethi,cumulative_mono_rel0p25,low,0.0963,3.3879,98.3801,2.2266,2.7364,4.4837,0.0354,0.2162
bytes,amh_Ethi,cumulative_mono_rel0p25,mid,0.1813,4.7749,91.7583,2.3873,3.2904,4.4837,0.0301,0.1715
bytes,amh_Ethi,cumulative_mono_rel0p25,high,0.2663,6.1618,82.319,2.661,3.5789,4.4837,0.0281,0.1431
bytes,amh_Ethi,cumulative_mono_rel0p25,anchor,0.1281,3.875,96.1023,2.2794,2.9338,4.4837,0.0337,0.201
bytes,amh_Ethi,cumulative_mono_rel0p5,low,0.1927,3.1338,92.5115,2.3678,2.569,4.4837,0.0309,0.1773
bytes,amh_Ethi,cumulative_mono_rel0p5,mid,0.3626,4.3831,81.9438,2.6732,2.9398,4.4837,0.0228,0.116
bytes,amh_Ethi,cumulative_mono_rel0p5,high,0.5326,5.6324,73.7021,2.9721,3.2008,4.4837,0.0147,0.067
bytes,amh_Ethi,cumulative_mono_rel0p5,anchor,0.2563,3.5997,88.4493,2.4766,2.699,4.4837,0.0278,0.1527
bytes,arb_Arab,cumulative_nomono,low,,4.8066,68.2136,2.9493,1.8956,1.9032,0.1426,0.5381
bytes,arb_Arab,cumulative_nomono,mid,,5.9395,51.1886,3.9302,1.8117,1.9032,0.1361,0.3835
bytes,arb_Arab,cumulative_nomono,high,,7.0723,41.677,4.8271,1.8155,1.9032,0.1342,0.3064
bytes,arb_Arab,cumulative_nomono,anchor,,5.1878,61.9809,3.2458,1.8885,1.9032,0.1445,0.4946
bytes,arb_Arab,cumulative_mono_0,low,0.0,3.5679,81.2457,2.4762,2.2553,1.9032,0.1834,0.8261
bytes,arb_Arab,cumulative_mono_0,mid,0.0,5.0131,59.993,3.3534,2.1319,1.9032,0.2161,0.7156
bytes,arb_Arab,cumulative_mono_0,high,0.0,6.4583,42.5577,4.7272,1.8492,1.9032,0.2107,0.4916
bytes,arb_Arab,cumulative_mono_0,anchor,0.0,4.0867,76.344,2.6352,2.3327,1.9032,0.1836,0.7764
bytes,arb_Arab,cumulative_mono_rel0p25,low,0.0963,3.3879,81.7884,2.4598,2.2749,1.9032,0.184,0.8346
bytes,arb_Arab,cumulative_mono_rel0p25,mid,0.1813,4.7749,63.7422,3.1561,2.2858,1.9032,0.2252,0.7933
bytes,arb_Arab,cumulative_mono_rel0p25,high,0.2663,6.1618,42.8014,4.7003,1.8608,1.9032,0.2589,0.6075
bytes,arb_Arab,cumulative_mono_rel0p25,anchor,0.1281,3.875,77.3581,2.6006,2.3616,1.9032,0.1936,0.8299
bytes,arb_Arab,cumulative_mono_rel0p5,low,0.1927,3.1338,81.8164,2.4589,2.272,1.9032,0.1872,0.8493
bytes,arb_Arab,cumulative_mono_rel0p5,mid,0.3626,4.3831,68.995,2.9159,2.4753,1.9032,0.2263,0.8638
bytes,arb_Arab,cumulative_mono_rel0p5,high,0.5326,5.6324,45.0181,4.4689,1.9551,1.9032,0.3333,0.8236
bytes,arb_Arab,cumulative_mono_rel0p5,anchor,0.2563,3.5997,77.342,2.6012,2.3601,1.9032,0.205,0.8785
bytes,cmn_Hans,cumulative_nomono,low,,4.8066,64.0291,1.8368,1.7793,1.6601,0.0137,0.8276
bytes,cmn_Hans,cumulative_nomono,mid,,5.9395,47.0963,2.4972,1.6669,1.6601,0.0157,0.6916
bytes,cmn_Hans,cumulative_nomono,high,,7.0723,38.8957,3.0236,1.6944,1.6601,0.0112,0.4071
bytes,cmn_Hans,cumulative_nomono,anchor,,5.1878,58.2166,2.0202,1.7738,1.6601,0.0142,0.7749
bytes,cmn_Hans,cumulative_mono_0,low,0.0,3.5679,56.3149,2.0884,1.5633,1.6601,0.0056,0.296
bytes,cmn_Hans,cumulative_mono_0,mid,0.0,5.0131,47.4744,2.4773,1.6871,1.6601,0.0064,0.2854
bytes,cmn_Hans,cumulative_mono_0,high,0.0,6.4583,34.7673,3.3827,1.5107,1.6601,0.0061,0.1973
bytes,cmn_Hans,cumulative_mono_0,anchor,0.0,4.0867,54.1174,2.1732,1.6535,1.6601,0.0058,0.295
bytes,cmn_Hans,cumulative_mono_rel0p25,low,0.0963,3.3879,54.7673,2.1474,1.5233,1.6601,0.005,0.2586
bytes,cmn_Hans,cumulative_mono_rel0p25,mid,0.1813,4.7749,47.2718,2.4879,1.6951,1.6601,0.005,0.2222
bytes,cmn_Hans,cumulative_mono_rel0p25,high,0.2663,6.1618,33.7583,3.4838,1.4677,1.6601,0.0053,0.1667
bytes,cmn_Hans,cumulative_mono_rel0p25,anchor,0.1281,3.875,52.676,2.2326,1.6081,1.6601,0.005,0.2462
bytes,cmn_Hans,cumulative_mono_rel0p5,low,0.1927,3.1338,53.2237,2.2097,1.478,1.6601,0.0046,0.227
bytes,cmn_Hans,cumulative_mono_rel0p5,mid,0.3626,4.3831,46.5898,2.5243,1.6715,1.6601,0.0043,0.1858
bytes,cmn_Hans,cumulative_mono_rel0p5,high,0.5326,5.6324,34.323,3.4265,1.4906,1.6601,0.0039,0.1236
bytes,cmn_Hans,cumulative_mono_rel0p5,anchor,0.2563,3.5997,50.7974,2.3152,1.5501,1.6601,0.0045,0.2126
bytes,deu_Latn,cumulative_nomono,low,,4.8066,55.8205,2.6762,1.5512,1.53,0.2075,0.5697
bytes,deu_Latn,cumulative_nomono,mid,,5.9395,42.7021,3.4983,1.5114,1.53,0.1434,0.2996
bytes,deu_Latn,cumulative_nomono,high,,7.0723,35.2929,4.2327,1.5374,1.53,0.1132,0.1944
bytes,deu_Latn,cumulative_nomono,anchor,,5.1878,50.6479,2.9495,1.5432,1.53,0.1881,0.4677
bytes,deu_Latn,cumulative_mono_0,low,0.0,3.5679,53.9589,2.7685,1.4979,1.53,0.0026,0.007
bytes,deu_Latn,cumulative_mono_0,mid,0.0,5.0131,42.5838,3.508,1.5133,1.53,0.0027,0.0057
bytes,deu_Latn,cumulative_mono_0,high,0.0,6.4583,34.4453,4.3368,1.4967,1.53,0.0029,0.0049
bytes,deu_Latn,cumulative_mono_0,anchor,0.0,4.0867,50.1474,2.9789,1.5322,1.53,0.0026,0.0063
bytes,deu_Latn,cumulative_mono_rel0p25,low,0.0963,3.3879,52.9749,2.8199,1.4735,1.53,0.0025,0.0064
bytes,deu_Latn,cumulative_mono_rel0p25,mid,0.1813,4.7749,42.2086,3.5392,1.5136,1.53,0.0023,0.0048
bytes,deu_Latn,cumulative_mono_rel0p25,high,0.2663,6.1618,33.9157,4.4046,1.4745,1.53,0.0027,0.0044
bytes,deu_Latn,cumulative_mono_rel0p25,anchor,0.1281,3.875,49.4183,3.0229,1.5086,1.53,0.0023,0.0057
bytes,deu_Latn,cumulative_mono_rel0p5,low,0.1927,3.1338,51.7844,2.8847,1.438,1.53,0.0022,0.0056
bytes,deu_Latn,cumulative_mono_rel0p5,mid,0.3626,4.3831,41.8967,3.5655,1.5031,1.53,0.002,0.004
bytes,deu_Latn,cumulative_mono_rel0p5,high,0.5326,5.6324,33.2969,4.4864,1.4461,1.53,0.0018,0.0029
bytes,deu_Latn,cumulative_mono_rel0p5,anchor,0.2563,3.5997,48.341,3.0902,1.4751,1.53,0.0022,0.0052
bytes,eng_Latn,cumulative_nomono,low,,4.8066,35.985,3.4922,1.0,1.0,0.2248,0.3929
bytes,eng_Latn,cumulative_nomono,mid,,5.9395,28.2538,4.4478,1.0,1.0,0.15,0.2042
bytes,eng_Latn,cumulative_nomono,high,,7.0723,22.9559,5.4743,1.0,1.0,0.1722,0.1889
bytes,eng_Latn,cumulative_nomono,anchor,,5.1878,32.8195,3.829,1.0,1.0,0.1885,0.2996
bytes,eng_Latn,cumulative_mono_0,low,0.0,3.5679,36.0241,3.4884,1.0,1.0,0.0118,0.0206
bytes,eng_Latn,cumulative_mono_0,mid,0.0,5.0131,28.1404,4.4657,1.0,1.0,0.0109,0.0148
bytes,eng_Latn,cumulative_mono_0,high,0.0,6.4583,23.014,5.4604,1.0,1.0,0.0091,0.01
bytes,eng_Latn,cumulative_mono_0,anchor,0.0,4.0867,32.7282,3.8397,1.0,1.0,0.0122,0.0194
bytes,eng_Latn,cumulative_mono_rel0p25,low,0.0963,3.3879,35.9529,3.4953,1.0,1.0,0.0102,0.0178
bytes,eng_Latn,cumulative_mono_rel0p25,mid,0.1813,4.7749,27.8867,4.5063,1.0,1.0,0.0085,0.0114
bytes,eng_Latn,cumulative_mono_rel0p25,high,0.2663,6.1618,23.001,5.4635,1.0,1.0,0.0064,0.007
bytes,eng_Latn,cumulative_mono_rel0p25,anchor,0.1281,3.875,32.7573,3.8363,1.0,1.0,0.0103,0.0164
bytes,eng_Latn,cumulative_mono_rel0p5,low,0.1927,3.1338,36.011,3.4897,1.0,1.0,0.0091,0.016
bytes,eng_Latn,cumulative_mono_rel0p5,mid,0.3626,4.3831,27.8736,4.5085,1.0,1.0,0.0076,0.0102
bytes,eng_Latn,cumulative_mono_rel0p5,high,0.5326,5.6324,23.0261,5.4576,1.0,1.0,0.0052,0.0057
bytes,eng_Latn,cumulative_mono_rel0p5,anchor,0.2563,3.5997,32.7713,3.8347,1.0,1.0,0.0088,0.014
bytes,fin_Latn,cumulative_nomono,low,,4.8066,69.667,2.0036,1.936,1.8655,0.1693,0.8097
bytes,fin_Latn,cumulative_nomono,mid,,5.9395,52.7202,2.6476,1.866,1.8655,0.1059,0.3817
bytes,fin_Latn,cumulative_nomono,high,,7.0723,43.2678,3.226,1.8848,1.8655,0.1032,0.3039
bytes,fin_Latn,cumulative_nomono,anchor,,5.1878,62.4674,2.2345,1.9034,1.8655,0.1347,0.5766
bytes,fin_Latn,cumulative_mono_0,low,0.0,3.5679,61.2367,2.2794,1.6999,1.8655,0.002,0.0086
bytes,fin_Latn,cumulative_mono_0,mid,0.0,5.0131,50.4193,2.7685,1.7917,1.8655,0.0025,0.0085
bytes,fin_Latn,cumulative_mono_0,high,0.0,6.4583,40.9749,3.4066,1.7804,1.8655,0.0028,0.0077
bytes,fin_Latn,cumulative_mono_0,anchor,0.0,4.0867,57.8686,2.4121,1.7682,1.8655,0.0022,0.0085
bytes,fin_Latn,cumulative_mono_rel0p25,low,0.0963,3.3879,58.0843,2.4031,1.6156,1.8655,0.002,0.0079
bytes,fin_Latn,cumulative_mono_rel0p25,mid,0.1813,4.7749,47.5797,2.9337,1.7062,1.8655,0.0022,0.007
bytes,fin_Latn,cumulative_mono_rel0p25,high,0.2663,6.1618,38.2026,3.6538,1.6609,1.8655,0.0024,0.0061
bytes,fin_Latn,cumulative_mono_rel0p25,anchor,0.1281,3.875,54.681,2.5527,1.6693,1.8655,0.0021,0.0078
bytes,fin_Latn,cumulative_mono_rel0p5,low,0.1927,3.1338,54.4875,2.5618,1.5131,1.8655,0.0019,0.0069
bytes,fin_Latn,cumulative_mono_rel0p5,mid,0.3626,4.3831,43.5938,3.2019,1.564,1.8655,0.0018,0.0054
bytes,fin_Latn,cumulative_mono_rel0p5,high,0.5326,5.6324,33.7854,4.1315,1.4673,1.8655,0.0015,0.0035
bytes,fin_Latn,cumulative_mono_rel0p5,anchor,0.2563,3.5997,50.5035,2.7638,1.5411,1.8655,0.0019,0.0065
bytes,fra_Latn,cumulative_nomono,low,,4.8066,54.665,2.8361,1.5191,1.5291,0.2058,0.4756
bytes,fra_Latn,cumulative_nomono,mid,,5.9395,42.5025,3.6477,1.5043,1.5291,0.1444,0.2582
bytes,fra_Latn,cumulative_nomono,high,,7.0723,34.9057,4.4416,1.5206,1.5291,0.15,0.219
bytes,fra_Latn,cumulative_nomono,anchor,,5.1878,49.6229,3.1243,1.512,1.5291,0.175,0.3665
bytes,fra_Latn,cumulative_mono_0,low,0.0,3.5679,52.4574,2.9555,1.4562,1.5291,0.0082,0.0182
bytes,fra_Latn,cumulative_mono_0,mid,0.0,5.0131,41.8485,3.7047,1.4871,1.5291,0.008,0.0141
bytes,fra_Latn,cumulative_mono_0,high,0.0,6.4583,34.3842,4.509,1.4941,1.5291,0.0061,0.0088
bytes,fra_Latn,cumulative_mono_0,anchor,0.0,4.0867,48.4634,3.1991,1.4808,1.5291,0.0082,0.0168
bytes,fra_Latn,cumulative_mono_rel0p25,low,0.0963,3.3879,51.5888,3.0053,1.4349,1.5291,0.0068,0.0149
bytes,fra_Latn,cumulative_mono_rel0p25,mid,0.1813,4.7749,40.8546,3.7949,1.465,1.5291,0.0057,0.0098
bytes,fra_Latn,cumulative_mono_rel0p25,high,0.2663,6.1618,33.7633,4.5919,1.4679,1.5291,0.0049,0.0069
bytes,fra_Latn,cumulative_mono_rel0p25,anchor,0.1281,3.875,47.5587,3.2599,1.4519,1.5291,0.0064,0.0129
bytes,fra_Latn,cumulative_mono_rel0p5,low,0.1927,3.1338,50.7813,3.0531,1.4102,1.5291,0.0057,0.0122
bytes,fra_Latn,cumulative_mono_rel0p5,mid,0.3626,4.3831,40.1866,3.858,1.4417,1.5291,0.0046,0.0077
bytes,fra_Latn,cumulative_mono_rel0p5,high,0.5326,5.6324,32.6851,4.7434,1.4195,1.5291,0.0038,0.0052
bytes,fra_Latn,cumulative_mono_rel0p5,anchor,0.2563,3.5997,46.7111,3.3191,1.4254,1.5291,0.0052,0.0102
bytes,heb_Hebr,cumulative_nomono,low,,4.8066,79.0181,2.2145,2.1959,2.0973,0.1922,0.9502
bytes,heb_Hebr,cumulative_nomono,mid,,5.9395,78.1825,2.2382,2.7672,2.0973,0.2004,0.98
bytes,heb_Hebr,cumulative_nomono,high,,7.0723,48.4945,3.6084,2.1125,2.0973,0.1379,0.415
bytes,heb_Hebr,cumulative_nomono,anchor,,5.1878,78.5817,2.2268,2.3944,2.0973,0.199,0.9782
bytes,heb_Hebr,cumulative_mono_0,low,0.0,3.5679,78.9729,2.2158,2.1922,2.0973,0.1888,0.9326
bytes,heb_Hebr,cumulative_mono_0,mid,0.0,5.0131,78.3149,2.2344,2.783,2.0973,0.2011,0.9853
bytes,heb_Hebr,cumulative_mono_0,high,0.0,6.4583,60.5777,2.8887,2.6322,2.0973,0.2566,0.9685
bytes,heb_Hebr,cumulative_mono_0,anchor,0.0,4.0867,78.8335,2.2197,2.4087,2.0973,0.1927,0.9503
bytes,heb_Hebr,cumulative_mono_rel0p25,low,0.0963,3.3879,78.8385,2.2196,2.1928,2.0973,0.1904,0.9391
bytes,heb_Hebr,cumulative_mono_rel0p25,mid,0.1813,4.7749,78.3029,2.2348,2.8079,2.0973,0.2011,0.9851
bytes,heb_Hebr,cumulative_mono_rel0p25,high,0.2663,6.1618,68.8295,2.5424,2.9925,2.0973,0.2288,0.9832
bytes,heb_Hebr,cumulative_mono_rel0p25,anchor,0.1281,3.875,78.662,2.2246,2.4014,2.0973,0.1914,0.9417
bytes,heb_Hebr,cumulative_mono_rel0p5,low,0.1927,3.1338,79.0993,2.2123,2.1965,2.0973,0.2001,0.99
bytes,heb_Hebr,cumulative_mono_rel0p5,mid,0.3626,4.3831,78.2006,2.2377,2.8055,2.0973,0.2023,0.9896
bytes,heb_Hebr,cumulative_mono_rel0p5,high,0.5326,5.6324,77.8205,2.2486,3.3797,2.0973,0.2031,0.9888
bytes,heb_Hebr,cumulative_mono_rel0p5,anchor,0.2563,3.5997,78.4152,2.2316,2.3928,2.0973,0.2006,0.9837
bytes,hrv_Latn,cumulative_nomono,low,,4.8066,81.7904,1.559,2.2729,2.065,0.2026,0.9148
bytes,hrv_Latn,cumulative_nomono,mid,,5.9395,58.8104,2.1682,2.0815,2.065,0.1401,0.4526
bytes,hrv_Latn,cumulative_nomono,high,,7.0723,49.1585,2.5939,2.1414,2.065,0.1415,0.3808
bytes,hrv_Latn,cumulative_nomono,anchor,,5.1878,71.7282,1.7777,2.1855,2.065,0.1868,0.7383
bytes,hrv_Latn,cumulative_mono_0,low,0.0,3.5679,61.1525,2.0852,1.6975,2.065,0.0034,0.0114
bytes,hrv_Latn,cumulative_mono_0,mid,0.0,5.0131,54.5958,2.3356,1.9401,2.065,0.0036,0.0109
bytes,hrv_Latn,cumulative_mono_0,high,0.0,6.4583,43.9077,2.9041,1.9079,2.065,0.0039,0.0094
bytes,hrv_Latn,cumulative_mono_0,anchor,0.0,4.0867,59.7322,2.1347,1.8251,2.065,0.0034,0.0112
bytes,hrv_Latn,cumulative_mono_rel0p25,low,0.0963,3.3879,57.2899,2.2257,1.5935,2.065,0.0032,0.0099
bytes,hrv_Latn,cumulative_mono_rel0p25,mid,0.1813,4.7749,50.5226,2.5239,1.8117,2.065,0.0028,0.0078
bytes,hrv_Latn,cumulative_mono_rel0p25,high,0.2663,6.1618,40.9569,3.1133,1.7807,2.065,0.003,0.0067
bytes,hrv_Latn,cumulative_mono_rel0p25,anchor,0.1281,3.875,55.1966,2.3102,1.685,2.065,0.0029,0.0089
bytes,hrv_Latn,cumulative_mono_rel0p5,low,0.1927,3.1338,53.2538,2.3944,1.4788,2.065,0.0028,0.0082
bytes,hrv_Latn,cumulative_mono_rel0p5,mid,0.3626,4.3831,44.8004,2.8462,1.6073,2.065,0.0024,0.0058
bytes,hrv_Latn,cumulative_mono_rel0p5,high,0.5326,5.6324,35.8987,3.552,1.559,2.065,0.0015,0.003
bytes,hrv_Latn,cumulative_mono_rel0p5,anchor,0.2563,3.5997,50.1625,2.542,1.5307,2.065,0.0026,0.0072
bytes,ita_Latn,cumulative_nomono,low,,4.8066,59.4273,2.5011,1.6514,1.6466,0.2043,0.5412
bytes,ita_Latn,cumulative_nomono,mid,,5.9395,45.9378,3.2355,1.6259,1.6466,0.1513,0.3084
bytes,ita_Latn,cumulative_nomono,high,,7.0723,37.5988,3.9532,1.6379,1.6466,0.1463,0.2428
bytes,ita_Latn,cumulative_nomono,anchor,,5.1878,53.8425,2.7605,1.6406,1.6466,0.1768,0.4235
bytes,ita_Latn,cumulative_mono_0,low,0.0,3.5679,55.5486,2.6757,1.542,1.6466,0.0077,0.0191
bytes,ita_Latn,cumulative_mono_0,mid,0.0,5.0131,44.6209,3.331,1.5857,1.6466,0.0075,0.0148
bytes,ita_Latn,cumulative_mono_0,high,0.0,6.4583,36.6439,4.0562,1.5922,1.6466,0.0056,0.0091
bytes,ita_Latn,cumulative_mono_0,anchor,0.0,4.0867,51.7061,2.8746,1.5799,1.6466,0.0079,0.0181
bytes,ita_Latn,cumulative_mono_rel0p25,low,0.0963,3.3879,54.005,2.7522,1.5021,1.6466,0.0069,0.0166
bytes,ita_Latn,cumulative_mono_rel0p25,mid,0.1813,4.7749,43.3531,3.4285,1.5546,1.6466,0.0062,0.0119
bytes,ita_Latn,cumulative_mono_rel0p25,high,0.2663,6.1618,35.5687,4.1788,1.5464,1.6466,0.005,0.0079
bytes,ita_Latn,cumulative_mono_rel0p25,anchor,0.1281,3.875,50.332,2.9531,1.5365,1.6466,0.0069,0.0154
bytes,ita_Latn,cumulative_mono_rel0p5,low,0.1927,3.1338,52.324,2.8406,1.453,1.6466,0.0062,0.0144
bytes,ita_Latn,cumulative_mono_rel0p5,mid,0.3626,4.3831,41.9087,3.5466,1.5035,1.6466,0.0052,0.0096
bytes,ita_Latn,cumulative_mono_rel0p5,high,0.5326,5.6324,33.4433,4.4444,1.4524,1.6466,0.0044,0.0064
bytes,ita_Latn,cumulative_mono_rel0p5,anchor,0.2563,3.5997,48.4283,3.0692,1.4778,1.6466,0.0059,0.0126
bytes,jpn_Jpan,cumulative_nomono,low,,4.8066,55.0291,2.9172,1.5292,1.5259,0.0007,0.5606
bytes,jpn_Jpan,cumulative_nomono,mid,,5.9395,42.5125,3.7761,1.5047,1.5259,0.0005,0.3182
bytes,jpn_Jpan,cumulative_nomono,high,,7.0723,34.658,4.6318,1.5098,1.5259,0.0004,0.1818
bytes,jpn_Jpan,cumulative_nomono,anchor,,5.1878,50.0632,3.2065,1.5254,1.5259,0.0006,0.4394
bytes,jpn_Jpan,cumulative_mono_0,low,0.0,3.5679,56.7944,2.8265,1.5766,1.5259,0.0001,0.0909
bytes,jpn_Jpan,cumulative_mono_0,mid,0.0,5.0131,44.3671,3.6182,1.5766,1.5259,0.0002,0.1061
bytes,jpn_Jpan,cumulative_mono_0,high,0.0,6.4583,34.7994,4.613,1.5121,1.5259,0.0001,0.0455
bytes,jpn_Jpan,cumulative_mono_0,anchor,0.0,4.0867,52.003,3.0869,1.5889,1.5259,0.0001,0.0909
bytes,jpn_Jpan,cumulative_mono_rel0p25,low,0.0963,3.3879,57.1354,2.8096,1.5892,1.5259,0.0001,0.0909
bytes,jpn_Jpan,cumulative_mono_rel0p25,mid,0.1813,4.7749,44.9488,3.5714,1.6118,1.5259,0.0002,0.1061
bytes,jpn_Jpan,cumulative_mono_rel0p25,high,0.2663,6.1618,35.3872,4.5364,1.5385,1.5259,0.0001,0.0303
bytes,jpn_Jpan,cumulative_mono_rel0p25,anchor,0.1281,3.875,52.2839,3.0703,1.5961,1.5259,0.0001,0.0758
bytes,jpn_Jpan,cumulative_mono_rel0p5,low,0.1927,3.1338,58.0832,2.7638,1.6129,1.5259,0.0001,0.0758
bytes,jpn_Jpan,cumulative_mono_rel0p5,mid,0.3626,4.3831,46.2778,3.4688,1.6603,1.5259,0.0001,0.0909
bytes,jpn_Jpan,cumulative_mono_rel0p5,high,0.5326,5.6324,36.4905,4.3992,1.5847,1.5259,0.0001,0.0606
bytes,jpn_Jpan,cumulative_mono_rel0p5,anchor,0.2563,3.5997,52.7402,3.0438,1.6093,1.5259,0.0001,0.0909
bytes,kat_Geor,cumulative_nomono,low,,4.8066,138.7472,2.694,3.8557,3.7456,0.0129,0.1141
bytes,kat_Geor,cumulative_nomono,mid,,5.9395,124.4714,3.0029,4.4055,3.7456,0.0098,0.0778
bytes,kat_Geor,cumulative_nomono,high,,7.0723,95.344,3.9203,4.1534,3.7456,0.0083,0.0504
bytes,kat_Geor,cumulative_nomono,anchor,,5.1878,131.8315,2.8353,4.0169,3.7456,0.0133,0.1117
bytes,kat_Geor,cumulative_mono_0,low,0.0,3.5679,136.8746,2.7308,3.7995,3.7456,0.0019,0.0164
bytes,kat_Geor,cumulative_mono_0,mid,0.0,5.0131,124.8195,2.9946,4.4356,3.7456,0.0022,0.0173
bytes,kat_Geor,cumulative_mono_0,high,0.0,6.4583,113.5507,3.2917,4.934,3.7456,0.0026,0.019
bytes,kat_Geor,cumulative_mono_0,anchor,0.0,4.0867,135.0371,2.768,4.126,3.7456,0.0015,0.0125
bytes,kat_Geor,cumulative_mono_rel0p25,low,0.0963,3.3879,135.8826,2.7508,3.7795,3.7456,0.0021,0.018
bytes,kat_Geor,cumulative_mono_rel0p25,mid,0.1813,4.7749,126.5898,2.9527,4.5394,3.7456,0.0019,0.0153
bytes,kat_Geor,cumulative_mono_rel0p25,high,0.2663,6.1618,117.1384,3.1909,5.0928,3.7456,0.0026,0.0191
bytes,kat_Geor,cumulative_mono_rel0p25,anchor,0.1281,3.875,134.7392,2.7741,4.1133,3.7456,0.0015,0.013
bytes,kat_Geor,cumulative_mono_rel0p5,low,0.1927,3.1338,134.7051,2.7748,3.7407,3.7456,0.0024,0.0204
bytes,kat_Geor,cumulative_mono_rel0p5,mid,0.3626,4.3831,129.4453,2.8875,4.644,3.7456,0.0016,0.0131
bytes,kat_Geor,cumulative_mono_rel0p5,high,0.5326,5.6324,119.8706,3.1182,5.2059,3.7456,0.0024,0.0186
bytes,kat_Geor,cumulative_mono_rel0p5,anchor,0.2563,3.5997,133.3099,2.8038,4.0679,3.7456,0.0019,0.0159
bytes,kor_Hang,cumulative_nomono,low,,4.8066,71.2738,2.1238,1.9807,1.9301,0.1455,0.7404
bytes,kor_Hang,cumulative_nomono,mid,,5.9395,54.5476,2.775,1.9306,1.9301,0.1435,0.5566
bytes,kor_Hang,cumulative_nomono,high,,7.0723,43.7733,3.4581,1.9068,1.9301,0.1425,0.4413
bytes,kor_Hang,cumulative_nomono,anchor,,5.1878,64.317,2.3535,1.9597,1.9301,0.1419,0.6505
bytes,kor_Hang,cumulative_mono_0,low,0.0,3.5679,66.9599,2.2606,1.8588,1.9301,0.1983,0.9472
bytes,kor_Hang,cumulative_mono_0,mid,0.0,5.0131,50.1715,3.0171,1.7829,1.9301,0.1646,0.5861
bytes,kor_Hang,cumulative_mono_0,high,0.0,6.4583,42.2187,3.5854,1.8345,1.9301,0.2005,0.5986
bytes,kor_Hang,cumulative_mono_0,anchor,0.0,4.0867,62.5827,2.4188,1.9122,1.9301,0.1999,0.8916
bytes,kor_Hang,cumulative_mono_rel0p25,low,0.0963,3.3879,65.2588,2.3196,1.8151,1.9301,0.2046,0.9521
bytes,kor_Hang,cumulative_mono_rel0p25,mid,0.1813,4.7749,50.6018,2.9914,1.8146,1.9301,0.2078,0.7463
bytes,kor_Hang,cumulative_mono_rel0p25,high,0.2663,6.1618,41.5426,3.6438,1.8061,1.9301,0.2314,0.6795
bytes,kor_Hang,cumulative_mono_rel0p25,anchor,0.1281,3.875,61.0702,2.4787,1.8643,1.9301,0.2079,0.9046
bytes,kor_Hang,cumulative_mono_rel0p5,low,0.1927,3.1338,63.2738,2.3923,1.7571,1.9301,0.2104,0.9489
bytes,kor_Hang,cumulative_mono_rel0p5,mid,0.3626,4.3831,51.7151,2.927,1.8553,1.9301,0.2375,0.8724
bytes,kor_Hang,cumulative_mono_rel0p5,high,0.5326,5.6324,40.0832,3.7764,1.7408,1.9301,0.2385,0.6749
bytes,kor_Hang,cumulative_mono_rel0p5,anchor,0.2563,3.5997,59.4624,2.5457,1.8145,1.9301,0.22,0.9313
bytes,nya_Latn,cumulative_nomono,low,,4.8066,99.1454,1.4343,2.7552,2.4062,0.1644,0.8946
bytes,nya_Latn,cumulative_nomono,mid,,5.9395,68.7703,2.0678,2.434,2.4062,0.1102,0.4142
bytes,nya_Latn,cumulative_nomono,high,,7.0723,57.8235,2.4593,2.5189,2.4062,0.1344,0.4235
bytes,nya_Latn,cumulative_nomono,anchor,,5.1878,86.6239,1.6416,2.6394,2.4062,0.1621,0.7699
bytes,nya_Latn,cumulative_mono_0,low,0.0,3.5679,70.6239,2.0135,1.9605,2.4062,0.0023,0.0088
bytes,nya_Latn,cumulative_mono_0,mid,0.0,5.0131,64.3922,2.2084,2.2882,2.4062,0.0023,0.0082
bytes,nya_Latn,cumulative_mono_0,high,0.0,6.4583,49.5988,2.8671,2.1552,2.4062,0.0027,0.0074
bytes,nya_Latn,cumulative_mono_0,anchor,0.0,4.0867,69.4473,2.0476,2.1219,2.4062,0.0023,0.0088
bytes,nya_Latn,cumulative_mono_rel0p25,low,0.0963,3.3879,65.0261,2.1869,1.8086,2.4062,0.0021,0.0074
bytes,nya_Latn,cumulative_mono_rel0p25,mid,0.1813,4.7749,57.322,2.4808,2.0555,2.4062,0.0018,0.0057
bytes,nya_Latn,cumulative_mono_rel0p25,high,0.2663,6.1618,45.2828,3.1403,1.9687,2.4062,0.0018,0.0043
bytes,nya_Latn,cumulative_mono_rel0p25,anchor,0.1281,3.875,62.5807,2.2723,1.9104,2.4062,0.002,0.007
bytes,nya_Latn,cumulative_mono_rel0p5,low,0.1927,3.1338,59.6851,2.3826,1.6574,2.4062,0.0018,0.006
bytes,nya_Latn,cumulative_mono_rel0p5,mid,0.3626,4.3831,48.7974,2.9142,1.7507,2.4062,0.0015,0.0039
bytes,nya_Latn,cumulative_mono_rel0p5,high,0.5326,5.6324,37.2447,3.8181,1.6175,2.4062,0.0011,0.0023
bytes,nya_Latn,cumulative_mono_rel0p5,anchor,0.2563,3.5997,55.663,2.5547,1.6985,2.4062,0.0017,0.0053
bytes,ron_Latn,cumulative_nomono,low,,4.8066,73.994,2.0183,2.0562,1.9676,0.2285,0.7656
bytes,ron_Latn,cumulative_nomono,mid,,5.9395,55.4875,2.6915,1.9639,1.9676,0.1546,0.3867
bytes,ron_Latn,cumulative_nomono,high,,7.0723,45.673,3.2699,1.9896,1.9676,0.1454,0.2982
bytes,ron_Latn,cumulative_nomono,anchor,,5.1878,66.0843,2.2599,2.0136,1.9676,0.1941,0.5799
bytes,ron_Latn,cumulative_mono_0,low,0.0,3.5679,62.3119,2.3967,1.7297,1.9676,0.0034,0.0094
bytes,ron_Latn,cumulative_mono_0,mid,0.0,5.0131,52.012,2.8713,1.8483,1.9676,0.0036,0.0083
bytes,ron_Latn,cumulative_mono_0,high,0.0,6.4583,42.4183,3.5207,1.8431,1.9676,0.0033,0.0063
bytes,ron_Latn,cumulative_mono_0,anchor,0.0,4.0867,59.0552,2.5289,1.8044,1.9676,0.0035,0.0092
bytes,ron_Latn,cumulative_mono_rel0p25,low,0.0963,3.3879,59.7603,2.4991,1.6622,1.9676,0.0026,0.0071
bytes,ron_Latn,cumulative_mono_rel0p25,mid,0.1813,4.7749,50.1464,2.9782,1.7982,1.9676,0.0022,0.0051
bytes,ron_Latn,cumulative_mono_rel0p25,high,0.2663,6.1618,40.4604,3.6911,1.7591,1.9676,0.0019,0.0035
bytes,ron_Latn,cumulative_mono_rel0p25,anchor,0.1281,3.875,56.5105,2.6428,1.7251,1.9676,0.0025,0.0065
bytes,ron_Latn,cumulative_mono_rel0p5,low,0.1927,3.1338,57.2297,2.6096,1.5892,1.9676,0.0021,0.0053
bytes,ron_Latn,cumulative_mono_rel0p5,mid,0.3626,4.3831,47.4152,3.1497,1.7011,1.9676,0.0018,0.0039
bytes,ron_Latn,cumulative_mono_rel0p5,high,0.5326,5.6324,37.4263,3.9904,1.6254,1.9676,0.0015,0.0026
bytes,ron_Latn,cumulative_mono_rel0p5,anchor,0.2563,3.5997,53.4183,2.7957,1.63,1.9676,0.0019,0.0046
bytes,spa_Latn,cumulative_nomono,low,,4.8066,53.7813,2.8362,1.4946,1.5052,0.1977,0.4367
bytes,spa_Latn,cumulative_nomono,mid,,5.9395,42.007,3.6312,1.4868,1.5052,0.1288,0.2211
bytes,spa_Latn,cumulative_nomono,high,,7.0723,34.5095,4.4201,1.5033,1.5052,0.1378,0.1933
bytes,spa_Latn,cumulative_nomono,anchor,,5.1878,49.0532,3.1096,1.4946,1.5052,0.1625,0.3267
bytes,spa_Latn,cumulative_mono_0,low,0.0,3.5679,53.2668,2.8636,1.4786,1.5052,0.0043,0.0095
bytes,spa_Latn,cumulative_mono_0,mid,0.0,5.0131,41.8144,3.6479,1.4859,1.5052,0.0048,0.0082
bytes,spa_Latn,cumulative_mono_0,high,0.0,6.4583,34.4253,4.4309,1.4958,1.5052,0.0038,0.0054
bytes,spa_Latn,cumulative_mono_0,anchor,0.0,4.0867,48.5005,3.145,1.4819,1.5052,0.0045,0.009
bytes,spa_Latn,cumulative_mono_rel0p25,low,0.0963,3.3879,52.339,2.9144,1.4558,1.5052,0.0036,0.0077
bytes,spa_Latn,cumulative_mono_rel0p25,mid,0.1813,4.7749,40.9639,3.7237,1.4689,1.5052,0.0033,0.0055
bytes,spa_Latn,cumulative_mono_rel0p25,high,0.2663,6.1618,33.8285,4.5091,1.4707,1.5052,0.0024,0.0033
bytes,spa_Latn,cumulative_mono_rel0p25,anchor,0.1281,3.875,47.7844,3.1922,1.4587,1.5052,0.0036,0.007
bytes,spa_Latn,cumulative_mono_rel0p5,low,0.1927,3.1338,51.5697,2.9579,1.4321,1.5052,0.0028,0.006
bytes,spa_Latn,cumulative_mono_rel0p5,mid,0.3626,4.3831,39.9719,3.8161,1.434,1.5052,0.0023,0.0038
bytes,spa_Latn,cumulative_mono_rel0p5,high,0.5326,5.6324,32.8847,4.6385,1.4281,1.5052,0.002,0.0026
bytes,spa_Latn,cumulative_mono_rel0p5,anchor,0.2563,3.5997,47.0221,3.2439,1.4349,1.5052,0.0025,0.0049
bytes,srp_Cyrl,cumulative_nomono,low,,4.8066,147.3581,1.5413,4.095,3.93,0.1148,0.8937
bytes,srp_Cyrl,cumulative_nomono,mid,,5.9395,117.0522,1.9403,4.1429,3.93,0.0881,0.5437
bytes,srp_Cyrl,cumulative_nomono,high,,7.0723,107.8395,2.1061,4.6977,3.93,0.1392,0.791
bytes,srp_Cyrl,cumulative_nomono,anchor,,5.1878,128.6199,1.7658,3.919,3.93,0.0866,0.588
bytes,srp_Cyrl,cumulative_mono_0,low,0.0,3.5679,112.3591,2.0213,3.119,3.93,0.1654,0.9794
bytes,srp_Cyrl,cumulative_mono_0,mid,0.0,5.0131,108.6841,2.0897,3.8622,3.93,0.138,0.7903
bytes,srp_Cyrl,cumulative_mono_0,high,0.0,6.4583,103.6499,2.1912,4.5038,3.93,0.1601,0.8741
bytes,srp_Cyrl,cumulative_mono_0,anchor,0.0,4.0867,111.9398,2.0289,3.4203,3.93,0.1624,0.9582
bytes,srp_Cyrl,cumulative_mono_rel0p25,low,0.0963,3.3879,109.1846,2.0801,3.0369,3.93,0.1697,0.9765
bytes,srp_Cyrl,cumulative_mono_rel0p25,mid,0.1813,4.7749,104.984,2.1633,3.7647,3.93,0.1638,0.906
bytes,srp_Cyrl,cumulative_mono_rel0p25,high,0.2663,6.1618,99.9438,2.2724,4.3452,3.93,0.1653,0.8697
bytes,srp_Cyrl,cumulative_mono_rel0p25,anchor,0.1281,3.875,108.0682,2.1016,3.2991,3.93,0.1711,0.974
bytes,srp_Cyrl,cumulative_mono_rel0p5,low,0.1927,3.1338,105.9549,2.1435,2.9423,3.93,0.1743,0.9729
bytes,srp_Cyrl,cumulative_mono_rel0p5,mid,0.3626,4.3831,101.8606,2.2297,3.6544,3.93,0.1768,0.9485
bytes,srp_Cyrl,cumulative_mono_rel0p5,high,0.5326,5.6324,98.9639,2.2949,4.2979,3.93,0.1741,0.907
bytes,srp_Cyrl,cumulative_mono_rel0p5,anchor,0.2563,3.5997,104.1725,2.1802,3.1788,3.93,0.1766,0.969
bytes,tam_Taml,cumulative_nomono,low,,4.8066,119.5567,3.3457,3.3224,3.0136,0.0035,0.0273
bytes,tam_Taml,cumulative_nomono,mid,,5.9395,84.3551,4.7419,2.9856,3.0136,0.0037,0.0204
bytes,tam_Taml,cumulative_nomono,high,,7.0723,65.8786,6.0718,2.8698,3.0136,0.0051,0.0219
bytes,tam_Taml,cumulative_nomono,anchor,,5.1878,106.7793,3.7461,3.2535,3.0136,0.0033,0.0229
bytes,tam_Taml,cumulative_mono_0,low,0.0,3.5679,130.6229,3.0623,3.626,3.0136,0.0036,0.0305
bytes,tam_Taml,cumulative_mono_0,mid,0.0,5.0131,111.6289,3.5833,3.9669,3.0136,0.0033,0.0244
bytes,tam_Taml,cumulative_mono_0,high,0.0,6.4583,68.4253,5.8458,2.9732,3.0136,0.0045,0.0201
bytes,tam_Taml,cumulative_mono_0,anchor,0.0,4.0867,127.7703,3.1306,3.904,3.0136,0.0035,0.0294
bytes,tam_Taml,cumulative_mono_rel0p25,low,0.0963,3.3879,133.2959,3.0009,3.7075,3.0136,0.0035,0.0309
bytes,tam_Taml,cumulative_mono_rel0p25,mid,0.1813,4.7749,119.0181,3.3608,4.2679,3.0136,0.0033,0.0254
bytes,tam_Taml,cumulative_mono_rel0p25,high,0.2663,6.1618,72.8756,5.4888,3.1684,3.0136,0.0045,0.0211
bytes,tam_Taml,cumulative_mono_rel0p25,anchor,0.1281,3.875,128.5196,3.1124,3.9234,3.0136,0.0036,0.03
bytes,tam_Taml,cumulative_mono_rel0p5,low,0.1927,3.1338,141.5496,2.8259,3.9307,3.0136,0.0034,0.0313
bytes,tam_Taml,cumulative_mono_rel0p5,mid,0.3626,4.3831,124.341,3.217,4.4609,3.0136,0.0035,0.0281
bytes,tam_Taml,cumulative_mono_rel0p5,high,0.5326,5.6324,83.2116,4.807,3.6138,3.0136,0.0044,0.0237
bytes,tam_Taml,cumulative_mono_rel0p5,anchor,0.2563,3.5997,129.2397,3.095,3.9437,3.0136,0.0036,0.0308
bytes,tha_Thai,cumulative_nomono,low,,4.8066,92.322,3.7645,2.5656,2.52,0.0103,0.3004
bytes,tha_Thai,cumulative_nomono,mid,,5.9395,73.6479,4.719,2.6067,2.52,0.0088,0.2051
bytes,tha_Thai,cumulative_nomono,high,,7.0723,56.9117,6.1067,2.4792,2.52,0.009,0.1596
bytes,tha_Thai,cumulative_nomono,anchor,,5.1878,86.2668,4.0287,2.6285,2.52,0.01,0.2726
bytes,tha_Thai,cumulative_mono_0,low,0.0,3.5679,115.8195,3.0007,3.2151,2.52,0.0094,0.3442
bytes,tha_Thai,cumulative_mono_0,mid,0.0,5.0131,87.7372,3.9612,3.1178,2.52,0.0087,0.2402
bytes,tha_Thai,cumulative_mono_0,high,0.0,6.4583,64.2367,5.4104,2.7912,2.52,0.0088,0.1769
bytes,tha_Thai,cumulative_mono_0,anchor,0.0,4.0867,100.5035,3.458,3.0709,2.52,0.01,0.3173
bytes,tha_Thai,cumulative_mono_rel0p25,low,0.0963,3.3879,117.9428,2.9467,3.2805,2.52,0.0092,0.342
bytes,tha_Thai,cumulative_mono_rel0p25,mid,0.1813,4.7749,90.8144,3.827,3.2566,2.52,0.0074,0.2115
bytes,tha_Thai,cumulative_mono_rel0p25,high,0.2663,6.1618,67.6158,5.14,2.9397,2.52,0.0067,0.1433
bytes,tha_Thai,cumulative_mono_rel0p25,anchor,0.1281,3.875,103.99,3.3421,3.1746,2.52,0.0091,0.2994
bytes,tha_Thai,cumulative_mono_rel0p5,low,0.1927,3.1338,119.681,2.9039,3.3235,2.52,0.0084,0.3177
bytes,tha_Thai,cumulative_mono_rel0p5,mid,0.3626,4.3831,94.8726,3.6633,3.4037,2.52,0.0053,0.1596
bytes,tha_Thai,cumulative_mono_rel0p5,high,0.5326,5.6324,75.8445,4.5823,3.2939,2.52,0.0062,0.1481
bytes,tha_Thai,cumulative_mono_rel0p5,anchor,0.2563,3.5997,106.7753,3.2549,3.2582,2.52,0.0067,0.2271
bytes,vie_Latn,cumulative_nomono,low,,4.8066,63.1615,2.7761,1.7552,1.7656,0.1672,0.3676
bytes,vie_Latn,cumulative_nomono,mid,,5.9395,49.4604,3.5452,1.7506,1.7656,0.1559,0.2671
bytes,vie_Latn,cumulative_nomono,high,,7.0723,40.0481,4.3784,1.7446,1.7656,0.1792,0.2474
bytes,vie_Latn,cumulative_nomono,anchor,,5.1878,57.6459,3.0418,1.7565,1.7656,0.1576,0.3156
bytes,vie_Latn,cumulative_mono_0,low,0.0,3.5679,62.5306,2.8041,1.7358,1.7656,0.0052,0.0113
bytes,vie_Latn,cumulative_mono_0,mid,0.0,5.0131,49.7382,3.5254,1.7675,1.7656,0.0056,0.0096
bytes,vie_Latn,cumulative_mono_0,high,0.0,6.4583,38.5938,4.5433,1.677,1.7656,0.0049,0.0065
bytes,vie_Latn,cumulative_mono_0,anchor,0.0,4.0867,57.6941,3.0392,1.7628,1.7656,0.0055,0.011
bytes,vie_Latn,cumulative_mono_rel0p25,low,0.0963,3.3879,61.5878,2.8471,1.713,1.7656,0.0046,0.0098
bytes,vie_Latn,cumulative_mono_rel0p25,mid,0.1813,4.7749,49.0461,3.5751,1.7588,1.7656,0.004,0.0069
bytes,vie_Latn,cumulative_mono_rel0p25,high,0.2663,6.1618,38.7924,4.5201,1.6866,1.7656,0.0032,0.0043
bytes,vie_Latn,cumulative_mono_rel0p25,anchor,0.1281,3.875,57.0853,3.0716,1.7427,1.7656,0.0045,0.009
bytes,vie_Latn,cumulative_mono_rel0p5,low,0.1927,3.1338,60.8385,2.8821,1.6894,1.7656,0.0039,0.0083
bytes,vie_Latn,cumulative_mono_rel0p5,mid,0.3626,4.3831,48.6941,3.601,1.747,1.7656,0.0029,0.0049
bytes,vie_Latn,cumulative_mono_rel0p5,high,0.5326,5.6324,40.008,4.3827,1.7375,1.7656,0.0021,0.0029
bytes,vie_Latn,cumulative_mono_rel0p5,anchor,0.2563,3.5997,56.2768,3.1158,1.7173,1.7656,0.0038,0.0074
chars,amh_Ethi,cumulative_nomono,low,,4.8066,84.2126,2.6012,2.3402,4.4837,0.1905,0.9942
chars,amh_Ethi,cumulative_nomono,mid,,5.9395,83.7172,2.6166,2.9629,4.4837,0.1895,0.9831
chars,amh_Ethi,cumulative_nomono,high,,7.0723,83.344,2.6283,3.63,4.4837,0.1886,0.9741
chars,amh_Ethi,cumulative_nomono,anchor,,5.1878,84.0221,2.6071,2.5602,4.4837,0.1904,0.9913
chars,amh_Ethi,cumulative_mono_0,low,0.0,3.5679,45.3089,4.8347,1.2585,4.4837,0.3535,0.9826
chars,amh_Ethi,cumulative_mono_0,mid,0.0,5.0131,45.1966,4.8467,1.6063,4.4837,0.3544,0.9824
chars,amh_Ethi,cumulative_mono_0,high,0.0,6.4583,45.0491,4.8625,1.9574,4.4837,0.3556,0.9824
chars,amh_Ethi,cumulative_mono_0,anchor,0.0,4.0761,45.2768,4.8381,1.3819,4.4837,0.3538,0.9826
chars,amh_Ethi,cumulative_mono_rel0p25,low,0.0961,3.3774,43.6871,5.0141,1.2129,4.4837,0.3666,0.9818
chars,amh_Ethi,cumulative_mono_rel0p25,mid,0.1815,4.7696,42.1244,5.2002,1.5097,4.4837,0.3803,0.9811
chars,amh_Ethi,cumulative_mono_rel0p25,high,0.2669,6.1618,40.5456,5.4026,1.763,4.4837,0.3953,0.9806
chars,amh_Ethi,cumulative_mono_rel0p25,anchor,0.1276,3.875,43.1194,5.0802,1.3167,4.4837,0.3715,0.9816
chars,amh_Ethi,cumulative_mono_rel0p5,low,0.1921,3.1338,42.001,5.2154,1.1662,4.4837,0.3815,0.9811
chars,amh_Ethi,cumulative_mono_rel0p5,mid,0.363,4.3831,39.0341,5.6118,1.4007,4.4837,0.4108,0.9801
chars,amh_Ethi,cumulative_mono_rel0p5,high,0.5338,5.6324,36.1033,6.0674,1.5681,4.4837,0.4446,0.979
chars,amh_Ethi,cumulative_mono_rel0p5,anchor,0.2551,3.5997,40.8786,5.3586,1.2476,4.4837,0.3921,0.9807
chars,arb_Arab,cumulative_nomono,low,,4.8066,78.7663,2.5541,2.1889,1.9032,0.1816,0.7926
chars,arb_Arab,cumulative_nomono,mid,,5.9395,60.1846,3.3427,2.1301,1.9032,0.178,0.5913
chars,arb_Arab,cumulative_nomono,high,,7.0723,44.014,4.5708,1.917,1.9032,0.1734,0.4187
chars,arb_Arab,cumulative_nomono,anchor,,5.1878,74.2016,2.7113,2.261,1.9032,0.1804,0.7412
chars,arb_Arab,cumulative_mono_0,low,0.0,3.5679,53.4975,3.7605,1.486,1.9032,0.3322,0.979
chars,arb_Arab,cumulative_mono_0,mid,0.0,5.0131,52.4092,3.8386,1.8626,1.9032,0.3323,0.959
chars,arb_Arab,cumulative_mono_0,high,0.0,6.4583,38.8114,5.1835,1.6864,1.9032,0.3934,0.8349
chars,arb_Arab,cumulative_mono_0,anchor,0.0,4.0761,53.2668,3.7768,1.6257,1.9032,0.3302,0.9688
chars,arb_Arab,cumulative_mono_rel0p25,low,0.0961,3.3774,50.2798,4.0012,1.3959,1.9032,0.3563,0.9856
chars,arb_Arab,cumulative_mono_rel0p25,mid,0.1815,4.7696,46.8245,4.2965,1.6781,1.9032,0.3776,0.9713
chars,arb_Arab,cumulative_mono_rel0p25,high,0.2669,6.1618,36.8425,5.4605,1.602,1.9032,0.459,0.9235
chars,arb_Arab,cumulative_mono_rel0p25,anchor,0.1276,3.875,48.989,4.1066,1.4959,1.9032,0.3631,0.9781
chars,arb_Arab,cumulative_mono_rel0p5,low,0.1921,3.1338,46.9699,4.2832,1.3041,1.9032,0.3827,0.9875
chars,arb_Arab,cumulative_mono_rel0p5,mid,0.363,4.3831,41.2347,4.8789,1.4797,1.9032,0.4341,0.9804
chars,arb_Arab,cumulative_mono_rel0p5,high,0.5338,5.6324,34.4403,5.8414,1.4958,1.9032,0.5169,0.9703
chars,arb_Arab,cumulative_mono_rel0p5,anchor,0.2551,3.5997,44.7763,4.493,1.3665,1.9032,0.4006,0.9845
chars,cmn_Hans,cumulative_nomono,low,,4.8066,40.5998,2.8967,1.1282,1.6601,0.0236,0.8918
chars,cmn_Hans,cumulative_nomono,mid,,5.9395,39.5005,2.9774,1.398,1.6601,0.0196,0.7193
chars,cmn_Hans,cumulative_nomono,high,,7.0723,38.341,3.0674,1.6699,1.6601,0.0144,0.5144
chars,cmn_Hans,cumulative_nomono,anchor,,5.1878,40.2367,2.9229,1.226,1.6601,0.0225,0.8439
chars,cmn_Hans,cumulative_mono_0,low,0.0,3.5679,20.7643,5.6639,0.5768,1.6601,0.0292,0.5508
chars,cmn_Hans,cumulative_mono_0,mid,0.0,5.0131,20.5276,5.7292,0.7295,1.6601,0.0294,0.5479
chars,cmn_Hans,cumulative_mono_0,high,0.0,6.4583,20.2177,5.817,0.8785,1.6601,0.0292,0.5354
chars,cmn_Hans,cumulative_mono_0,anchor,0.0,4.0761,20.7011,5.6812,0.6318,1.6601,0.0294,0.5527
chars,cmn_Hans,cumulative_mono_rel0p25,low,0.0961,3.3774,19.9157,5.9052,0.5529,1.6601,0.0293,0.5287
chars,cmn_Hans,cumulative_mono_rel0p25,mid,0.1815,4.7696,19.0512,6.1732,0.6828,1.6601,0.0299,0.5153
chars,cmn_Hans,cumulative_mono_rel0p25,high,0.2669,6.1618,18.1775,6.4699,0.7904,1.6601,0.0301,0.4943
chars,cmn_Hans,cumulative_mono_rel0p25,anchor,0.1276,3.875,19.6028,5.9995,0.5986,1.6601,0.0295,0.5239
chars,cmn_Hans,cumulative_mono_rel0p5,low,0.1921,3.1338,19.1484,6.1418,0.5317,1.6601,0.0298,0.5163
chars,cmn_Hans,cumulative_mono_rel0p5,mid,0.363,4.3831,17.6399,6.6671,0.633,1.6601,0.0312,0.4962
chars,cmn_Hans,cumulative_mono_rel0p5,high,0.5338,5.6324,16.2437,7.2401,0.7055,1.6601,0.0329,0.4789
chars,cmn_Hans,cumulative_mono_rel0p5,anchor,0.2551,3.5997,18.5838,6.3285,0.5672,1.6601,0.0302,0.5077
chars,deu_Latn,cumulative_nomono,low,,4.8066,55.8736,2.6736,1.5527,1.53,0.209,0.5744
chars,deu_Latn,cumulative_nomono,mid,,5.9395,42.7834,3.4916,1.5142,1.53,0.1451,0.3036
chars,deu_Latn,cumulative_nomono,high,,7.0723,35.344,4.2266,1.5394,1.53,0.1155,0.1987
chars,deu_Latn,cumulative_nomono,anchor,,5.1878,50.7101,2.9458,1.5452,1.53,0.1899,0.4729
chars,deu_Latn,cumulative_mono_0,low,0.0,3.5679,53.7854,2.7774,1.494,1.53,0.0043,0.0113
chars,deu_Latn,cumulative_mono_0,mid,0.0,5.0131,42.5697,3.5092,1.5129,1.53,0.0048,0.01
chars,deu_Latn,cumulative_mono_0,high,0.0,6.4583,34.4784,4.3327,1.4981,1.53,0.0054,0.009
chars,deu_Latn,cumulative_mono_0,anchor,0.0,4.0761,50.1815,2.9769,1.5315,1.53,0.0043,0.0107
chars,deu_Latn,cumulative_mono_rel0p25,low,0.0961,3.3774,52.8335,2.8275,1.4668,1.53,0.0041,0.0107
chars,deu_Latn,cumulative_mono_rel0p25,mid,0.1815,4.7696,42.2046,3.5395,1.5126,1.53,0.0043,0.0089
chars,deu_Latn,cumulative_mono_rel0p25,high,0.2669,6.1618,33.9077,4.4056,1.4744,1.53,0.0049,0.0081
chars,deu_Latn,cumulative_mono_rel0p25,anchor,0.1276,3.875,49.328,3.0284,1.5063,1.53,0.0041,0.0098
chars,deu_Latn,cumulative_mono_rel0p5,low,0.1921,3.1338,51.5326,2.8988,1.4308,1.53,0.0038,0.0096
chars,deu_Latn,cumulative_mono_rel0p5,mid,0.363,4.3831,41.8275,3.5714,1.501,1.53,0.0036,0.0074
chars,deu_Latn,cumulative_mono_rel0p5,high,0.5338,5.6324,33.2297,4.4955,1.4433,1.53,0.0036,0.0058
chars,deu_Latn,cumulative_mono_rel0p5,anchor,0.2551,3.5997,48.1846,3.1002,1.4706,1.53,0.0038,0.009
chars,eng_Latn,cumulative_nomono,low,,4.8066,35.985,3.4922,1.0,1.0,0.2251,0.3934
chars,eng_Latn,cumulative_nomono,mid,,5.9395,28.2548,4.4476,1.0,1.0,0.1502,0.2045
chars,eng_Latn,cumulative_nomono,high,,7.0723,22.9599,5.4733,1.0,1.0,0.1722,0.189
chars,eng_Latn,cumulative_nomono,anchor,,5.1878,32.8185,3.8292,1.0,1.0,0.1888,0.3001
chars,eng_Latn,cumulative_mono_0,low,0.0,3.5679,36.002,3.4906,1.0,1.0,0.0119,0.0209
chars,eng_Latn,cumulative_mono_0,mid,0.0,5.0131,28.1374,4.4662,1.0,1.0,0.0111,0.0151
chars,eng_Latn,cumulative_mono_0,high,0.0,6.4583,23.015,5.4602,1.0,1.0,0.0093,0.0102
chars,eng_Latn,cumulative_mono_0,anchor,0.0,4.0761,32.7653,3.8354,1.0,1.0,0.0124,0.0197
chars,eng_Latn,cumulative_mono_rel0p25,low,0.0961,3.3774,36.0201,3.4888,1.0,1.0,0.0104,0.0182
chars,eng_Latn,cumulative_mono_rel0p25,mid,0.1815,4.7696,27.9027,4.5038,1.0,1.0,0.0086,0.0116
chars,eng_Latn,cumulative_mono_rel0p25,high,0.2669,6.1618,22.998,5.4643,1.0,1.0,0.0066,0.0072
chars,eng_Latn,cumulative_mono_rel0p25,anchor,0.1276,3.875,32.7482,3.8374,1.0,1.0,0.0105,0.0166
chars,eng_Latn,cumulative_mono_rel0p5,low,0.1921,3.1338,36.016,3.4892,1.0,1.0,0.0093,0.0162
chars,eng_Latn,cumulative_mono_rel0p5,mid,0.363,4.3831,27.8666,4.5096,1.0,1.0,0.0078,0.0104
chars,eng_Latn,cumulative_mono_rel0p5,high,0.5338,5.6324,23.0241,5.4581,1.0,1.0,0.0053,0.0059
chars,eng_Latn,cumulative_mono_rel0p5,anchor,0.2551,3.5997,32.7663,3.8353,1.0,1.0,0.0089,0.0142
chars,fin_Latn,cumulative_nomono,low,,4.8066,69.9679,1.995,1.9444,1.8655,0.1687,0.8105
chars,fin_Latn,cumulative_nomono,mid,,5.9395,52.9669,2.6353,1.8746,1.8655,0.1051,0.3805
chars,fin_Latn,cumulative_nomono,high,,7.0723,43.4433,3.213,1.8921,1.8655,0.1031,0.3048
chars,fin_Latn,cumulative_nomono,anchor,,5.1878,62.7763,2.2235,1.9128,1.8655,0.1337,0.5752
chars,fin_Latn,cumulative_mono_0,low,0.0,3.5679,60.2006,2.3186,1.6721,1.8655,0.0026,0.0106
chars,fin_Latn,cumulative_mono_0,mid,0.0,5.0131,50.2367,2.7785,1.7854,1.8655,0.0031,0.0105
chars,fin_Latn,cumulative_mono_0,high,0.0,6.4583,40.9719,3.4068,1.7802,1.8655,0.0034,0.0095
chars,fin_Latn,cumulative_mono_0,anchor,0.0,4.0761,57.2357,2.4388,1.7468,1.8655,0.0027,0.0106
chars,fin_Latn,cumulative_mono_rel0p25,low,0.0961,3.3774,56.9519,2.4509,1.5811,1.8655,0.0025,0.0098
chars,fin_Latn,cumulative_mono_rel0p25,mid,0.1815,4.7696,47.2828,2.9521,1.6946,1.8655,0.0028,0.0089
chars,fin_Latn,cumulative_mono_rel0p25,high,0.2669,6.1618,38.1525,3.6586,1.6589,1.8655,0.003,0.0078
chars,fin_Latn,cumulative_mono_rel0p25,anchor,0.1276,3.875,53.8265,2.5932,1.6436,1.8655,0.0026,0.0096
chars,fin_Latn,cumulative_mono_rel0p5,low,0.1921,3.1338,53.2126,2.6231,1.4775,1.8655,0.0024,0.0088
chars,fin_Latn,cumulative_mono_rel0p5,mid,0.363,4.3831,42.9017,3.2536,1.5395,1.8655,0.0024,0.0071
chars,fin_Latn,cumulative_mono_rel0p5,high,0.5338,5.6324,33.4092,4.178,1.4511,1.8655,0.0021,0.0048
chars,fin_Latn,cumulative_mono_rel0p5,anchor,0.2551,3.5997,49.4744,2.8213,1.5099,1.8655,0.0024,0.0082
chars,fra_Latn,cumulative_nomono,low,,4.8066,54.8475,2.8267,1.5242,1.5291,0.212,0.4917
chars,fra_Latn,cumulative_nomono,mid,,5.9395,42.676,3.6329,1.5104,1.5291,0.1522,0.2731
chars,fra_Latn,cumulative_nomono,high,,7.0723,35.0642,4.4216,1.5272,1.5291,0.1557,0.2285
chars,fra_Latn,cumulative_nomono,anchor,,5.1878,49.8164,3.1122,1.5179,1.5291,0.1827,0.3842
chars,fra_Latn,cumulative_mono_0,low,0.0,3.5679,51.9047,2.987,1.4417,1.5291,0.0117,0.0257
chars,fra_Latn,cumulative_mono_0,mid,0.0,5.0131,41.6981,3.7181,1.4819,1.5291,0.0125,0.022
chars,fra_Latn,cumulative_mono_0,high,0.0,6.4583,34.4283,4.5032,1.4959,1.5291,0.0102,0.0147
chars,fra_Latn,cumulative_mono_0,anchor,0.0,4.0761,48.1665,3.2188,1.47,1.5291,0.012,0.0244
chars,fra_Latn,cumulative_mono_rel0p25,low,0.0961,3.3774,51.0351,3.0379,1.4169,1.5291,0.01,0.0215
chars,fra_Latn,cumulative_mono_rel0p25,mid,0.1815,4.7696,40.6359,3.8153,1.4563,1.5291,0.0093,0.0159
chars,fra_Latn,cumulative_mono_rel0p25,high,0.2669,6.1618,33.7392,4.5952,1.4671,1.5291,0.0082,0.0116
chars,fra_Latn,cumulative_mono_rel0p25,anchor,0.1276,3.875,47.1043,3.2914,1.4384,1.5291,0.0097,0.0194
chars,fra_Latn,cumulative_mono_rel0p5,low,0.1921,3.1338,50.0341,3.0986,1.3892,1.5291,0.0086,0.0181
chars,fra_Latn,cumulative_mono_rel0p5,mid,0.363,4.3831,39.7944,3.896,1.428,1.5291,0.0074,0.0123
chars,fra_Latn,cumulative_mono_rel0p5,high,0.5338,5.6324,32.4845,4.7727,1.4109,1.5291,0.0065,0.0089
chars,fra_Latn,cumulative_mono_rel0p5,anchor,0.2551,3.5997,46.1174,3.3618,1.4075,1.5291,0.008,0.0156
chars,heb_Hebr,cumulative_nomono,low,,4.8066,79.1224,2.2116,2.1988,2.0973,0.1927,0.9538
chars,heb_Hebr,cumulative_nomono,mid,,5.9395,78.343,2.2336,2.7727,2.0973,0.2007,0.9835
chars,heb_Hebr,cumulative_nomono,high,,7.0723,59.005,2.9657,2.5699,2.0973,0.1682,0.6181
chars,heb_Hebr,cumulative_nomono,anchor,,5.1878,78.654,2.2248,2.3966,2.0973,0.1994,0.9809
chars,heb_Hebr,cumulative_mono_0,low,0.0,3.5679,63.329,2.7632,1.759,2.0973,0.2395,0.9456
chars,heb_Hebr,cumulative_mono_0,mid,0.0,5.0131,62.9037,2.7819,2.2356,2.0973,0.2483,0.9739
chars,heb_Hebr,cumulative_mono_0,high,0.0,6.4583,58.7934,2.9763,2.5546,2.0973,0.2642,0.9673
chars,heb_Hebr,cumulative_mono_0,anchor,0.0,4.0761,63.0762,2.7742,1.9251,2.0973,0.2398,0.9431
chars,heb_Hebr,cumulative_mono_rel0p25,low,0.0961,3.3774,56.1976,3.1138,1.5602,2.0973,0.2812,0.9835
chars,heb_Hebr,cumulative_mono_rel0p25,mid,0.1815,4.7696,48.9529,3.5746,1.7544,2.0973,0.319,0.9692
chars,heb_Hebr,cumulative_mono_rel0p25,high,0.2669,6.1618,43.0582,4.064,1.8723,2.0973,0.369,0.9832
chars,heb_Hebr,cumulative_mono_rel0p25,anchor,0.1276,3.875,52.9308,3.306,1.6163,2.0973,0.2853,0.9388
chars,heb_Hebr,cumulative_mono_rel0p5,low,0.1921,3.1338,48.9378,3.5757,1.3588,2.0973,0.3277,0.9954
chars,heb_Hebr,cumulative_mono_rel0p5,mid,0.363,4.3831,35.9378,4.8692,1.2896,2.0973,0.4477,0.9911
chars,heb_Hebr,cumulative_mono_rel0p5,high,0.5338,5.6324,26.4955,6.6045,1.1508,2.0973,0.6134,0.9909
chars,heb_Hebr,cumulative_mono_rel0p5,anchor,0.2551,3.5997,44.318,3.9485,1.3525,2.0973,0.3607,0.99
chars,hrv_Latn,cumulative_nomono,low,,4.8066,81.9268,1.5564,2.2767,2.065,0.2042,0.9235
chars,hrv_Latn,cumulative_nomono,mid,,5.9395,59.32,2.1496,2.0995,2.065,0.1431,0.4662
chars,hrv_Latn,cumulative_nomono,high,,7.0723,49.5065,2.5757,2.1562,2.065,0.1471,0.3987
chars,hrv_Latn,cumulative_nomono,anchor,,5.1878,72.1515,1.7673,2.1985,2.065,0.1891,0.7517
chars,hrv_Latn,cumulative_mono_0,low,0.0,3.5679,59.674,2.1368,1.6575,2.065,0.0103,0.0339
chars,hrv_Latn,cumulative_mono_0,mid,0.0,5.0131,54.2146,2.352,1.9268,2.065,0.0112,0.0332
chars,hrv_Latn,cumulative_mono_0,high,0.0,6.4583,43.7783,2.9127,1.9022,2.065,0.013,0.031
chars,hrv_Latn,cumulative_mono_0,anchor,0.0,4.0761,58.5366,2.1783,1.7865,2.065,0.0105,0.0337
chars,hrv_Latn,cumulative_mono_rel0p25,low,0.0961,3.3774,56.0752,2.274,1.5568,2.065,0.0103,0.0318
chars,hrv_Latn,cumulative_mono_rel0p25,mid,0.1815,4.7696,50.1856,2.5408,1.7986,2.065,0.0107,0.0294
chars,hrv_Latn,cumulative_mono_rel0p25,high,0.2669,6.1618,41.1374,3.0997,1.7887,2.065,0.0124,0.0277
chars,hrv_Latn,cumulative_mono_rel0p25,anchor,0.1276,3.875,54.2227,2.3516,1.6557,2.065,0.0103,0.0307
chars,hrv_Latn,cumulative_mono_rel0p5,low,0.1921,3.1338,52.3641,2.4351,1.4539,2.065,0.0103,0.0297
chars,hrv_Latn,cumulative_mono_rel0p5,mid,0.363,4.3831,44.6379,2.8566,1.6018,2.065,0.0106,0.0258
chars,hrv_Latn,cumulative_mono_rel0p5,high,0.5338,5.6324,36.3701,3.506,1.5797,2.065,0.011,0.0217
chars,hrv_Latn,cumulative_mono_rel0p5,anchor,0.2551,3.5997,49.5637,2.5727,1.5126,2.065,0.0104,0.0283
chars,ita_Latn,cumulative_nomono,low,,4.8066,59.4383,2.5006,1.6518,1.6466,0.2044,0.5417
chars,ita_Latn,cumulative_nomono,mid,,5.9395,45.9599,3.234,1.6266,1.6466,0.1523,0.3105
chars,ita_Latn,cumulative_nomono,high,,7.0723,37.6199,3.9509,1.6385,1.6466,0.1468,0.2437
chars,ita_Latn,cumulative_nomono,anchor,,5.1878,53.8646,2.7594,1.6413,1.6466,0.1773,0.4251
chars,ita_Latn,cumulative_mono_0,low,0.0,3.5679,55.5055,2.6778,1.5417,1.6466,0.008,0.0198
chars,ita_Latn,cumulative_mono_0,mid,0.0,5.0131,44.5557,3.3359,1.5835,1.6466,0.0079,0.0155
chars,ita_Latn,cumulative_mono_0,high,0.0,6.4583,36.5988,4.0612,1.5902,1.6466,0.0059,0.0096
chars,ita_Latn,cumulative_mono_0,anchor,0.0,4.0761,51.7452,2.8724,1.5793,1.6466,0.0082,0.0189
chars,ita_Latn,cumulative_mono_rel0p25,low,0.0961,3.3774,53.988,2.7531,1.4988,1.6466,0.0072,0.0173
chars,ita_Latn,cumulative_mono_rel0p25,mid,0.1815,4.7696,43.3059,3.4322,1.552,1.6466,0.0065,0.0126
chars,ita_Latn,cumulative_mono_rel0p25,high,0.2669,6.1618,35.4975,4.1872,1.5435,1.6466,0.0054,0.0085
chars,ita_Latn,cumulative_mono_rel0p25,anchor,0.1276,3.875,50.3049,2.9547,1.5361,1.6466,0.0072,0.016
chars,ita_Latn,cumulative_mono_rel0p5,low,0.1921,3.1338,52.2177,2.8464,1.4498,1.6466,0.0065,0.015
chars,ita_Latn,cumulative_mono_rel0p5,mid,0.363,4.3831,41.8265,3.5536,1.501,1.6466,0.0055,0.0101
chars,ita_Latn,cumulative_mono_rel0p5,high,0.5338,5.6324,33.3129,4.4617,1.4469,1.6466,0.0047,0.0069
chars,ita_Latn,cumulative_mono_rel0p5,anchor,0.2551,3.5997,48.3821,3.0721,1.4766,1.6466,0.0061,0.0131
chars,jpn_Jpan,cumulative_nomono,low,,4.8066,48.6038,3.3028,1.3507,1.5259,0.0008,0.5909
chars,jpn_Jpan,cumulative_nomono,mid,,5.9395,44.4764,3.6093,1.5741,1.5259,0.0006,0.3939
chars,jpn_Jpan,cumulative_nomono,high,,7.0723,39.6439,4.0493,1.7267,1.5259,0.0006,0.3333
chars,jpn_Jpan,cumulative_nomono,anchor,,5.1878,47.346,3.3906,1.4427,1.5259,0.0007,0.4848
chars,jpn_Jpan,cumulative_mono_0,low,0.0,3.5679,27.0512,5.9343,0.7514,1.5259,0.0004,0.1515
chars,jpn_Jpan,cumulative_mono_0,mid,0.0,5.0131,26.5035,6.0569,0.9419,1.5259,0.0004,0.1364
chars,jpn_Jpan,cumulative_mono_0,high,0.0,6.4583,25.3902,6.3225,1.1032,1.5259,0.0004,0.1364
chars,jpn_Jpan,cumulative_mono_0,anchor,0.0,4.0761,26.8435,5.9802,0.8193,1.5259,0.0003,0.1364
chars,jpn_Jpan,cumulative_mono_rel0p25,low,0.0961,3.3774,26.1163,6.1467,0.7251,1.5259,0.0004,0.1515
chars,jpn_Jpan,cumulative_mono_rel0p25,mid,0.1815,4.7696,24.8335,6.4642,0.89,1.5259,0.0004,0.1364
chars,jpn_Jpan,cumulative_mono_rel0p25,high,0.2669,6.1618,23.2849,6.8942,1.0125,1.5259,0.0005,0.1667
chars,jpn_Jpan,cumulative_mono_rel0p25,anchor,0.1276,3.875,25.6389,6.2612,0.7829,1.5259,0.0004,0.1364
chars,jpn_Jpan,cumulative_mono_rel0p5,low,0.1921,3.1338,25.1494,6.383,0.6983,1.5259,0.0004,0.1515
chars,jpn_Jpan,cumulative_mono_rel0p5,mid,0.363,4.3831,23.0843,6.9541,0.8284,1.5259,0.0005,0.1667
chars,jpn_Jpan,cumulative_mono_rel0p5,high,0.5338,5.6324,21.1023,7.6072,0.9165,1.5259,0.0004,0.1364
chars,jpn_Jpan,cumulative_mono_rel0p5,anchor,0.2551,3.5997,24.3761,6.5855,0.7439,1.5259,0.0005,0.1667
chars,kat_Geor,cumulative_nomono,low,,4.8066,128.0662,2.9186,3.5589,3.7456,0.1137,0.9284
chars,kat_Geor,cumulative_nomono,mid,,5.9395,121.1093,3.0863,4.2863,3.7456,0.1239,0.9561
chars,kat_Geor,cumulative_nomono,high,,7.0723,108.1505,3.4561,4.7104,3.7456,0.1255,0.8642
chars,kat_Geor,cumulative_nomono,anchor,,5.1878,124.661,2.9984,3.7985,3.7456,0.1177,0.9356
chars,kat_Geor,cumulative_mono_0,low,0.0,3.5679,66.4453,5.6254,1.8456,3.7456,0.2357,0.9916
chars,kat_Geor,cumulative_mono_0,mid,0.0,5.0131,65.9649,5.6663,2.3444,3.7456,0.2354,0.983
chars,kat_Geor,cumulative_mono_0,high,0.0,6.4583,64.8255,5.7659,2.8167,3.7456,0.232,0.9515
chars,kat_Geor,cumulative_mono_0,anchor,0.0,4.0761,66.4012,5.6291,2.0266,3.7456,0.2358,0.9911
chars,kat_Geor,cumulative_mono_rel0p25,low,0.0961,3.3774,59.1494,6.3192,1.6421,3.7456,0.2652,0.9911
chars,kat_Geor,cumulative_mono_rel0p25,mid,0.1815,4.7696,52.7733,7.0827,1.8913,3.7456,0.2962,0.9854
chars,kat_Geor,cumulative_mono_rel0p25,high,0.2669,6.1618,45.8415,8.1537,1.9933,3.7456,0.3257,0.9387
chars,kat_Geor,cumulative_mono_rel0p25,anchor,0.1276,3.875,56.8526,6.5745,1.736,3.7456,0.2759,0.9904
chars,kat_Geor,cumulative_mono_rel0p5,low,0.1921,3.1338,52.2347,7.1558,1.4503,3.7456,0.3009,0.9907
chars,kat_Geor,cumulative_mono_rel0p5,mid,0.363,4.3831,41.1996,9.0724,1.4785,3.7456,0.3827,0.9887
chars,kat_Geor,cumulative_mono_rel0p5,high,0.5338,5.6324,32.5286,11.4908,1.4128,3.7456,0.4679,0.9481
chars,kat_Geor,cumulative_mono_rel0p5,anchor,0.2551,3.5997,47.8425,7.8127,1.4601,3.7456,0.3288,0.9899
chars,kor_Hang,cumulative_nomono,low,,4.8066,57.5456,2.6305,1.5992,1.9301,0.2334,0.9559
chars,kor_Hang,cumulative_nomono,mid,,5.9395,53.0181,2.8551,1.8764,1.9301,0.2477,0.9332
chars,kor_Hang,cumulative_nomono,high,,7.0723,47.4303,3.1915,2.0658,1.9301,0.2618,0.8804
chars,kor_Hang,cumulative_nomono,anchor,,5.1878,56.4383,2.6821,1.7197,1.9301,0.2367,0.9503
chars,kor_Hang,cumulative_mono_0,low,0.0,3.5679,26.8696,5.6336,0.7463,1.9301,0.5271,0.9875
chars,kor_Hang,cumulative_mono_0,mid,0.0,5.0131,26.4674,5.7192,0.9406,1.9301,0.5329,0.9828
chars,kor_Hang,cumulative_mono_0,high,0.0,6.4583,26.016,5.8184,1.1304,1.9301,0.5397,0.9778
chars,kor_Hang,cumulative_mono_0,anchor,0.0,4.0761,26.7844,5.6515,0.8175,1.9301,0.5286,0.9871
chars,kor_Hang,cumulative_mono_rel0p25,low,0.0961,3.3774,25.9669,5.8294,0.7209,1.9301,0.5456,0.9865
chars,kor_Hang,cumulative_mono_rel0p25,mid,0.1815,4.7696,24.9739,6.0612,0.895,1.9301,0.5659,0.9825
chars,kor_Hang,cumulative_mono_rel0p25,high,0.2669,6.1618,23.9258,6.3267,1.0403,1.9301,0.5884,0.977
chars,kor_Hang,cumulative_mono_rel0p25,anchor,0.1276,3.875,25.658,5.8996,0.7835,1.9301,0.5521,0.9859
chars,kor_Hang,cumulative_mono_rel0p5,low,0.1921,3.1338,25.1354,6.0223,0.6979,1.9301,0.5634,0.9848
chars,kor_Hang,cumulative_mono_rel0p5,mid,0.363,4.3831,23.5316,6.4327,0.8444,1.9301,0.6019,0.9821
chars,kor_Hang,cumulative_mono_rel0p5,high,0.5338,5.6324,22.0672,6.8596,0.9584,1.9301,0.6394,0.9756
chars,kor_Hang,cumulative_mono_rel0p5,anchor,0.2551,3.5997,24.5256,6.172,0.7485,1.9301,0.5777,0.9842
chars,nya_Latn,cumulative_nomono,low,,4.8066,99.0903,1.4351,2.7537,2.4062,0.1651,0.898
chars,nya_Latn,cumulative_nomono,mid,,5.9395,68.7803,2.0675,2.4343,2.4062,0.1109,0.4167
chars,nya_Latn,cumulative_nomono,high,,7.0723,57.8315,2.4589,2.5188,2.4062,0.1356,0.4273
chars,nya_Latn,cumulative_nomono,anchor,,5.1878,86.5928,1.6422,2.6385,2.4062,0.1629,0.7732
chars,nya_Latn,cumulative_mono_0,low,0.0,3.5679,70.5035,2.017,1.9583,2.4062,0.0032,0.0123
chars,nya_Latn,cumulative_mono_0,mid,0.0,5.0131,64.322,2.2108,2.286,2.4062,0.0033,0.0117
chars,nya_Latn,cumulative_mono_0,high,0.0,6.4583,49.5958,2.8673,2.1549,2.4062,0.004,0.0109
chars,nya_Latn,cumulative_mono_0,anchor,0.0,4.0761,69.3641,2.0501,2.117,2.4062,0.0032,0.0123
chars,nya_Latn,cumulative_mono_rel0p25,low,0.0961,3.3774,64.9087,2.1908,1.802,2.4062,0.0031,0.0109
chars,nya_Latn,cumulative_mono_rel0p25,mid,0.1815,4.7696,57.2588,2.4835,2.0521,2.4062,0.0029,0.0092
chars,nya_Latn,cumulative_mono_rel0p25,high,0.2669,6.1618,45.2688,3.1413,1.9684,2.4062,0.0032,0.0078
chars,nya_Latn,cumulative_mono_rel0p25,anchor,0.1276,3.875,62.4714,2.2763,1.9076,2.4062,0.0031,0.0104
chars,nya_Latn,cumulative_mono_rel0p5,low,0.1921,3.1338,59.5647,2.3874,1.6538,2.4062,0.0029,0.0094
chars,nya_Latn,cumulative_mono_rel0p5,mid,0.363,4.3831,48.6961,2.9202,1.7475,2.4062,0.0028,0.0073
chars,nya_Latn,cumulative_mono_rel0p5,high,0.5338,5.6324,37.1394,3.8289,1.6131,2.4062,0.0028,0.0057
chars,nya_Latn,cumulative_mono_rel0p5,anchor,0.2551,3.5997,55.6459,2.5555,1.6983,2.4062,0.0029,0.0088
chars,ron_Latn,cumulative_nomono,low,,4.8066,74.2728,2.0107,2.064,1.9676,0.2349,0.7899
chars,ron_Latn,cumulative_nomono,mid,,5.9395,55.9218,2.6706,1.9792,1.9676,0.1605,0.4045
chars,ron_Latn,cumulative_nomono,high,,7.0723,45.9829,3.2478,2.0028,1.9676,0.1537,0.3174
chars,ron_Latn,cumulative_nomono,anchor,,5.1878,66.4544,2.2473,2.0249,1.9676,0.1997,0.5999
chars,ron_Latn,cumulative_mono_0,low,0.0,3.5679,59.6219,2.5049,1.6561,1.9676,0.0136,0.0366
chars,ron_Latn,cumulative_mono_0,mid,0.0,5.0131,51.2969,2.9114,1.8231,1.9676,0.0153,0.0353
chars,ron_Latn,cumulative_mono_0,high,0.0,6.4583,42.5998,3.5057,1.851,1.9676,0.016,0.0305
chars,ron_Latn,cumulative_mono_0,anchor,0.0,4.0761,57.2247,2.6098,1.7465,1.9676,0.0141,0.0363
chars,ron_Latn,cumulative_mono_rel0p25,low,0.0961,3.3774,56.8225,2.6283,1.5775,1.9676,0.0128,0.0327
chars,ron_Latn,cumulative_mono_rel0p25,mid,0.1815,4.7696,49.0311,3.0459,1.7572,1.9676,0.0133,0.0294
chars,ron_Latn,cumulative_mono_rel0p25,high,0.2669,6.1618,40.4684,3.6904,1.7596,1.9676,0.0145,0.0263
chars,ron_Latn,cumulative_mono_rel0p25,anchor,0.1276,3.875,54.1846,2.7562,1.6546,1.9676,0.0129,0.0315
chars,ron_Latn,cumulative_mono_rel0p5,low,0.1921,3.1338,53.996,2.7658,1.4992,1.9676,0.0122,0.0296
chars,ron_Latn,cumulative_mono_rel0p5,mid,0.363,4.3831,45.5797,3.2765,1.6356,1.9676,0.0123,0.0252
chars,ron_Latn,cumulative_mono_rel0p5,high,0.5338,5.6324,36.9067,4.0465,1.603,1.9676,0.0127,0.0209
chars,ron_Latn,cumulative_mono_rel0p5,anchor,0.2551,3.5997,50.7793,2.941,1.5497,1.9676,0.0123,0.028
chars,spa_Latn,cumulative_nomono,low,,4.8066,53.8867,2.8307,1.4975,1.5052,0.1989,0.4401
chars,spa_Latn,cumulative_nomono,mid,,5.9395,42.1043,3.6228,1.4902,1.5052,0.1319,0.2268
chars,spa_Latn,cumulative_nomono,high,,7.0723,34.5687,4.4125,1.5056,1.5052,0.1403,0.197
chars,spa_Latn,cumulative_nomono,anchor,,5.1878,49.1555,3.1031,1.4978,1.5052,0.1641,0.3307
chars,spa_Latn,cumulative_mono_0,low,0.0,3.5679,53.1705,2.8688,1.4769,1.5052,0.0068,0.0149
chars,spa_Latn,cumulative_mono_0,mid,0.0,5.0131,41.9348,3.6374,1.4904,1.5052,0.008,0.0137
chars,spa_Latn,cumulative_mono_0,high,0.0,6.4583,34.5065,4.4205,1.4993,1.5052,0.0073,0.0102
chars,spa_Latn,cumulative_mono_0,anchor,0.0,4.0761,48.6449,3.1357,1.4846,1.5052,0.0073,0.0145
chars,spa_Latn,cumulative_mono_rel0p25,low,0.0961,3.3774,52.2508,2.9193,1.4506,1.5052,0.0061,0.0131
chars,spa_Latn,cumulative_mono_rel0p25,mid,0.1815,4.7696,41.1113,3.7103,1.4734,1.5052,0.0065,0.0109
chars,spa_Latn,cumulative_mono_rel0p25,high,0.2669,6.1618,33.9178,4.4972,1.4748,1.5052,0.0059,0.0081
chars,spa_Latn,cumulative_mono_rel0p25,anchor,0.1276,3.875,47.7994,3.1912,1.4596,1.5052,0.0063,0.0123
chars,spa_Latn,cumulative_mono_rel0p5,low,0.1921,3.1338,51.3922,2.9681,1.4269,1.5052,0.0053,0.0113
chars,spa_Latn,cumulative_mono_rel0p5,mid,0.363,4.3831,40.0832,3.8055,1.4384,1.5052,0.0053,0.0087
chars,spa_Latn,cumulative_mono_rel0p5,high,0.5338,5.6324,33.011,4.6207,1.4338,1.5052,0.0054,0.0072
chars,spa_Latn,cumulative_mono_rel0p5,anchor,0.2551,3.5997,46.99,3.2461,1.4341,1.5052,0.0051,0.0098
chars,srp_Cyrl,cumulative_nomono,low,,4.8066,122.7232,1.8506,3.4104,3.93,0.1507,0.9757
chars,srp_Cyrl,cumulative_nomono,mid,,5.9395,110.3601,2.058,3.9059,3.93,0.0997,0.58
chars,srp_Cyrl,cumulative_nomono,high,,7.0723,105.6199,2.1503,4.6002,3.93,0.1375,0.7648
chars,srp_Cyrl,cumulative_nomono,anchor,,5.1878,120.6259,1.8828,3.6756,3.93,0.1381,0.8785
chars,srp_Cyrl,cumulative_mono_0,low,0.0,3.5679,66.6068,3.4098,1.8501,3.93,0.2861,0.9983
chars,srp_Cyrl,cumulative_mono_0,mid,0.0,5.0131,66.5557,3.4124,2.3654,3.93,0.2862,0.9976
chars,srp_Cyrl,cumulative_mono_0,high,0.0,6.4583,66.0843,3.4368,2.8714,3.93,0.2833,0.9805
chars,srp_Cyrl,cumulative_mono_0,anchor,0.0,4.0761,66.5958,3.4104,2.0325,3.93,0.2862,0.9982
chars,srp_Cyrl,cumulative_mono_rel0p25,low,0.0961,3.3774,62.335,3.6435,1.7306,3.93,0.306,0.9981
chars,srp_Cyrl,cumulative_mono_rel0p25,mid,0.1815,4.7696,58.4333,3.8868,2.0942,3.93,0.3267,0.9978
chars,srp_Cyrl,cumulative_mono_rel0p25,high,0.2669,6.1618,54.5155,4.1661,2.3704,3.93,0.3474,0.9887
chars,srp_Cyrl,cumulative_mono_rel0p25,anchor,0.1276,3.875,60.8215,3.7341,1.8572,3.93,0.3137,0.998
chars,srp_Cyrl,cumulative_mono_rel0p5,low,0.1921,3.1338,57.9709,3.9178,1.6096,3.93,0.3294,0.9979
chars,srp_Cyrl,cumulative_mono_rel0p5,mid,0.363,4.3831,50.9559,4.4571,1.8286,3.93,0.3751,0.9964
chars,srp_Cyrl,cumulative_mono_rel0p5,high,0.5338,5.6324,45.0451,5.042,1.9564,3.93,0.4239,0.993
chars,srp_Cyrl,cumulative_mono_rel0p5,anchor,0.2551,3.5997,55.2497,4.1107,1.6862,3.93,0.3458,0.9975
chars,tam_Taml,cumulative_nomono,low,,4.8066,127.9679,3.1258,3.5562,3.0136,0.1163,0.9722
chars,tam_Taml,cumulative_nomono,mid,,5.9395,110.4082,3.6229,3.9076,3.0136,0.1154,0.8317
chars,tam_Taml,cumulative_nomono,high,,7.0723,68.2959,5.8569,2.9746,3.0136,0.1068,0.4733
chars,tam_Taml,cumulative_nomono,anchor,,5.1878,126.9007,3.1521,3.8667,3.0136,0.1177,0.976
chars,tam_Taml,cumulative_mono_0,low,0.0,3.5679,76.5797,5.2233,2.1271,3.0136,0.1933,0.9622
chars,tam_Taml,cumulative_mono_0,mid,0.0,5.0131,76.1334,5.2539,2.7058,3.0136,0.1967,0.9732
chars,tam_Taml,cumulative_mono_0,high,0.0,6.4583,61.1364,6.5428,2.6564,3.0136,0.182,0.7208
chars,tam_Taml,cumulative_mono_0,anchor,0.0,4.0761,76.3741,5.2374,2.3309,3.0136,0.1959,0.9728
chars,tam_Taml,cumulative_mono_rel0p25,low,0.0961,3.3774,68.6239,5.8289,1.9052,3.0136,0.2217,0.9875
chars,tam_Taml,cumulative_mono_rel0p25,mid,0.1815,4.7696,60.6911,6.5908,2.1751,3.0136,0.2496,0.9815
chars,tam_Taml,cumulative_mono_rel0p25,high,0.2669,6.1618,49.7392,8.042,2.1628,3.0136,0.2943,0.9448
chars,tam_Taml,cumulative_mono_rel0p25,anchor,0.1276,3.875,65.5988,6.0977,2.0031,3.0136,0.2301,0.9789
chars,tam_Taml,cumulative_mono_rel0p5,low,0.1921,3.1338,60.1665,6.6482,1.6705,3.0136,0.255,0.9937
chars,tam_Taml,cumulative_mono_rel0p5,mid,0.363,4.3831,44.8606,8.9165,1.6098,3.0136,0.3411,0.9853
chars,tam_Taml,cumulative_mono_rel0p5,high,0.5338,5.6324,31.4383,12.7234,1.3655,3.0136,0.4908,0.9839
chars,tam_Taml,cumulative_mono_rel0p5,anchor,0.2551,3.5997,54.4102,7.3516,1.6606,3.0136,0.2815,0.9902
chars,tha_Thai,cumulative_nomono,low,,4.8066,98.9198,3.5134,2.7489,2.52,0.0261,0.8138
chars,tha_Thai,cumulative_nomono,mid,,5.9395,82.2959,4.2231,2.9126,2.52,0.0284,0.7354
chars,tha_Thai,cumulative_nomono,high,,7.0723,64.009,5.4296,2.7879,2.52,0.027,0.5435
chars,tha_Thai,cumulative_nomono,anchor,,5.1878,94.1454,3.6916,2.8687,2.52,0.0266,0.7895
chars,tha_Thai,cumulative_mono_0,low,0.0,3.5679,58.7633,5.9143,1.6322,2.52,0.0491,0.9037
chars,tha_Thai,cumulative_mono_0,mid,0.0,5.0131,56.7653,6.1225,2.0174,2.52,0.049,0.8724
chars,tha_Thai,cumulative_mono_0,high,0.0,6.4583,51.0792,6.804,2.2194,2.52,0.0483,0.7713
chars,tha_Thai,cumulative_mono_0,anchor,0.0,4.0761,58.3781,5.9533,1.7817,2.52,0.0489,0.8954
chars,tha_Thai,cumulative_mono_rel0p25,low,0.0961,3.3774,55.9659,6.2099,1.5537,2.52,0.052,0.9111
chars,tha_Thai,cumulative_mono_rel0p25,mid,0.1815,4.7696,52.1926,6.6589,1.8705,2.52,0.0543,0.8864
chars,tha_Thai,cumulative_mono_rel0p25,high,0.2669,6.1618,45.5908,7.6231,1.9824,2.52,0.0583,0.8295
chars,tha_Thai,cumulative_mono_rel0p25,anchor,0.1276,3.875,54.7021,6.3534,1.6704,2.52,0.0527,0.9021
chars,tha_Thai,cumulative_mono_rel0p5,low,0.1921,3.1338,53.011,6.5561,1.4719,2.52,0.0548,0.9098
chars,tha_Thai,cumulative_mono_rel0p5,mid,0.363,4.3831,47.1494,7.3711,1.692,2.52,0.0602,0.8855
chars,tha_Thai,cumulative_mono_rel0p5,high,0.5338,5.6324,39.7763,8.7375,1.7276,2.52,0.0694,0.8583
chars,tha_Thai,cumulative_mono_rel0p5,anchor,0.2551,3.5997,50.7984,6.8416,1.5503,2.52,0.0566,0.8992
chars,vie_Latn,cumulative_nomono,low,,4.8066,64.9278,2.7006,1.8043,1.7656,0.1682,0.3801
chars,vie_Latn,cumulative_nomono,mid,,5.9395,51.5266,3.403,1.8236,1.7656,0.1489,0.266
chars,vie_Latn,cumulative_nomono,high,,7.0723,42.0201,4.1729,1.8302,1.7656,0.2019,0.2929
chars,vie_Latn,cumulative_nomono,anchor,,5.1878,59.9157,2.9265,1.8257,1.7656,0.1459,0.3039
chars,vie_Latn,cumulative_mono_0,low,0.0,3.5679,56.5286,3.1019,1.5702,1.7656,0.013,0.0256
chars,vie_Latn,cumulative_mono_0,mid,0.0,5.0131,49.5567,3.5383,1.7612,1.7656,0.0141,0.0242
chars,vie_Latn,cumulative_mono_0,high,0.0,6.4583,40.1344,4.3689,1.7438,1.7656,0.0125,0.0173
chars,vie_Latn,cumulative_mono_0,anchor,0.0,4.0761,54.4574,3.2199,1.662,1.7656,0.0135,0.0255
chars,vie_Latn,cumulative_mono_rel0p25,low,0.0961,3.3774,55.2347,3.1745,1.5334,1.7656,0.0121,0.0232
chars,vie_Latn,cumulative_mono_rel0p25,mid,0.1815,4.7696,48.5306,3.6131,1.7393,1.7656,0.0122,0.0205
chars,vie_Latn,cumulative_mono_rel0p25,high,0.2669,6.1618,40.4373,4.3362,1.7583,1.7656,0.0109,0.0153
chars,vie_Latn,cumulative_mono_rel0p25,anchor,0.1276,3.875,52.7904,3.3215,1.612,1.7656,0.0122,0.0223
chars,vie_Latn,cumulative_mono_rel0p5,low,0.1921,3.1338,53.9218,3.2518,1.4972,1.7656,0.0112,0.021
chars,vie_Latn,cumulative_mono_rel0p5,mid,0.363,4.3831,47.0572,3.7262,1.6887,1.7656,0.0103,0.0168
chars,vie_Latn,cumulative_mono_rel0p5,high,0.5338,5.6324,40.995,4.2772,1.7805,1.7656,0.0087,0.0123
chars,vie_Latn,cumulative_mono_rel0p5,anchor,0.2551,3.5997,51.015,3.4371,1.5569,1.7656,0.011,0.0195
