Glottocode,Code,Code_Orig,Sentences,Notes,CC_Pages,CC_Urls,Name,Script,Script_Type,Bytes_Per_Char,Family,Full_Classification,Minimal_Full_Classification,char_cumulative_mono_0_t_2.2233_bpp,char_cumulative_mono_0_t_2.2233_pps,char_cumulative_mono_0_t_2.2233_pps_premium,char_cumulative_mono_0_t_2.7104_bpp,char_cumulative_mono_0_t_2.7104_pps,char_cumulative_mono_0_t_2.7104_pps_premium,char_cumulative_mono_0_t_3.2609_bpp,char_cumulative_mono_0_t_3.2609_pps,char_cumulative_mono_0_t_3.2609_pps_premium,char_cumulative_mono_0_t_4.2984_bpp,char_cumulative_mono_0_t_4.2984_pps,char_cumulative_mono_0_t_4.2984_pps_premium,char_cumulative_mono_rel0p25_t_1.9904_bpp,char_cumulative_mono_rel0p25_t_1.9904_pps,char_cumulative_mono_rel0p25_t_1.9904_pps_premium,char_cumulative_mono_rel0p25_t_2.4774_bpp,char_cumulative_mono_rel0p25_t_2.4774_pps,char_cumulative_mono_rel0p25_t_2.4774_pps_premium,char_cumulative_mono_rel0p25_t_2.9644_bpp,char_cumulative_mono_rel0p25_t_2.9644_pps,char_cumulative_mono_rel0p25_t_2.9644_pps_premium,char_cumulative_mono_rel0p25_t_3.9385_bpp,char_cumulative_mono_rel0p25_t_3.9385_pps,char_cumulative_mono_rel0p25_t_3.9385_pps_premium,char_cumulative_mono_rel0p5_t_1.6728_bpp,char_cumulative_mono_rel0p5_t_1.6728_pps,char_cumulative_mono_rel0p5_t_1.6728_pps_premium,char_cumulative_mono_rel0p5_t_2.1810_bpp,char_cumulative_mono_rel0p5_t_2.1810_pps,char_cumulative_mono_rel0p5_t_2.1810_pps_premium,char_cumulative_mono_rel0p5_t_2.5939_bpp,char_cumulative_mono_rel0p5_t_2.5939_pps,char_cumulative_mono_rel0p5_t_2.5939_pps_premium,char_cumulative_mono_rel0p5_t_3.5150_bpp,char_cumulative_mono_rel0p5_t_3.5150_pps,char_cumulative_mono_rel0p5_t_3.5150_pps_premium,char_cumulative_nomono_t_2.8268_bpp,char_cumulative_nomono_t_2.8268_pps,char_cumulative_nomono_t_2.8268_pps_premium,char_cumulative_nomono_t_3.2397_bpp,char_cumulative_nomono_t_3.2397_pps,char_cumulative_nomono_t_3.2397_pps_premium,char_cumulative_nomono_t_3.9332_bpp,char_cumulative_nomono_t_3.9332_pps,char_cumulative_nomono_t_3.9332_pps_premium,char_cumulative_nomono_t_5.0396_bpp,char_cumulative_nomono_t_5.0396_pps,char_cumulative_nomono_t_5.0396_pps_premium,char_raw_entropy_t_1.6279_bpp,char_raw_entropy_t_1.6279_pps,char_raw_entropy_t_1.6279_pps_premium,char_raw_entropy_t_1.7488_bpp,char_raw_entropy_t_1.7488_pps,char_raw_entropy_t_1.7488_pps_premium,char_raw_entropy_t_1.9207_bpp,char_raw_entropy_t_1.9207_pps,char_raw_entropy_t_1.9207_pps_premium,char_raw_entropy_t_2.2134_bpp,char_raw_entropy_t_2.2134_pps,char_raw_entropy_t_2.2134_pps_premium,char_raw_monotonicity_t_0.4227_bpp,char_raw_monotonicity_t_0.4227_pps,char_raw_monotonicity_t_0.4227_pps_premium,char_raw_monotonicity_t_0.5552_bpp,char_raw_monotonicity_t_0.5552_pps,char_raw_monotonicity_t_0.5552_pps_premium,char_raw_monotonicity_t_0.7856_bpp,char_raw_monotonicity_t_0.7856_pps,char_raw_monotonicity_t_0.7856_pps_premium,char_raw_monotonicity_t_1.1486_bpp,char_raw_monotonicity_t_1.1486_pps,char_raw_monotonicity_t_1.1486_pps_premium
amha1245,amh,amh_Ethi,997,,5733709.0,5702512.0,Amharic,Ethi,Abugida,3 bytes,Afro-Asiatic,Afro-Asiatic > Semitic > West Semitic > Ethiosemitic > South Ethiopic > Amharic-Argobba,Afro-Asiatic > Semitic > Ethiosemitic > South Ethiopic,4.6943,46.664,1.2967,4.7012,46.5948,1.4215,4.7073,46.5346,1.6224,4.7171,46.4383,2.0192,4.8571,45.0993,1.2514,4.9179,44.5416,1.3573,5.0168,43.664,1.5041,5.1848,42.2487,1.84,5.027,43.5757,1.2102,5.1543,42.4995,1.2958,5.3807,40.7111,1.3831,5.7485,38.1063,1.6585,2.8012,78.2006,2.1705,2.8999,75.5376,2.3073,3.1502,69.5356,2.4595,3.2328,67.7603,2.9447,2.6161,83.7332,2.3268,2.6287,83.332,2.5421,2.6512,82.6239,2.8813,2.6982,81.1856,3.5364,5.4291,40.348,1.1218,5.7015,38.4203,1.1728,6.2251,35.1886,1.2507,7.1739,30.5346,1.3292
stan1318,arb,arb_Arab,997,,1258479625.0,1251265891.0,Modern Standard Arabic,Arab,Abjad,2 bytes,Afro-Asiatic,Afro-Asiatic > Semitic > West Semitic > Central Semitic > Arabian > Arabic,Afro-Asiatic > Semitic > Central Semitic > Arabian,3.9001,51.5827,1.4334,3.9742,50.6219,1.5444,4.6223,43.5236,1.5175,5.9975,33.5436,1.4585,4.2051,47.8415,1.3275,4.3348,46.4102,1.4142,4.7031,42.7763,1.4735,6.3275,31.7944,1.3847,4.5564,44.1535,1.2263,4.7872,42.0241,1.2813,5.2106,38.6098,1.3117,6.5668,30.6359,1.3334,3.0548,65.8576,1.8279,3.5946,55.9669,1.7095,4.2367,47.4845,1.6796,4.8832,41.1986,1.7904,2.4458,82.2558,2.2858,2.4837,81.001,2.471,2.5519,78.8345,2.7491,2.7117,74.1906,3.2317,5.2976,37.9759,1.0558,5.7865,34.7673,1.0613,6.6981,30.0351,1.0675,7.6236,26.3892,1.1487
beij1234,cmn,cmn_Hans,997,,10899511187.0,10856245131.0,Mandarin Chinese (Standard Beijing),Hans,Logographic,3 bytes,Sino-Tibetan,Sino-Tibetan > Sinitic > Classical-Middle-Modern Sinitic > Middle-Modern Sinitic > Northern Chinese > Mandarinic > Mandarin Chinese > Beijingic,Sino-Tibetan > Sinitic > Northern Chinese,5.5421,21.2207,0.5897,5.5843,21.0602,0.6425,5.6369,20.8636,0.7274,5.7441,20.4744,0.8903,5.7399,20.4895,0.5685,5.8385,20.1434,0.6138,5.9708,19.6971,0.6785,6.2545,18.8034,0.8189,5.9312,19.8285,0.5507,6.0968,19.2899,0.5881,6.3687,18.4664,0.6274,6.8434,17.1856,0.748,3.1778,37.009,1.0272,3.3153,35.4744,1.0835,3.5228,33.3842,1.1808,3.9581,29.7131,1.2913,2.8836,40.7844,1.1333,2.901,40.5396,1.2367,2.9328,40.1003,1.3984,3.0182,38.9659,1.6974,6.3867,18.4142,0.512,6.6941,17.5687,0.5363,7.2662,16.1856,0.5753,8.3112,14.1505,0.616
stan1295,deu,deu_Latn,997,,11072171606.0,10978241043.0,German,Latn,Alphabet,1 byte,Indo-European,Indo-European > Classical Indo-European > Germanic > Northwest Germanic > West Germanic > High German > Upper German > Middle-Modern High German > Modern High German > Upper Franconian > Global German,Indo-European > Germanic > West Germanic > High German > Upper German,2.9097,51.34,1.4266,3.1755,47.0421,1.4352,3.5985,41.5125,1.4473,4.4192,33.8034,1.4698,2.8971,51.5627,1.4307,3.1825,46.9388,1.4303,3.5489,42.0933,1.45,4.474,33.3892,1.4542,2.9105,51.326,1.4255,3.2084,46.5597,1.4196,3.5683,41.8646,1.4223,4.5601,32.7593,1.4258,2.8055,53.2477,1.4779,3.0761,48.5627,1.4833,3.5507,42.0712,1.4881,4.2896,34.8245,1.5134,2.6477,56.4213,1.5679,2.9592,50.4814,1.54,3.4543,43.2457,1.5081,4.4831,33.322,1.4515,3.0636,48.7603,1.3557,3.3644,44.4012,1.3553,3.9394,37.9208,1.3478,5.0653,29.4915,1.2838
stan1293,eng,eng_Latn,997,,88502069080.0,87766779120.0,English,Latn,Alphabet,1 byte,Indo-European,Indo-European > Classical Indo-European > Germanic > Northwest Germanic > West Germanic > North Sea Germanic > Anglo-Frisian > Anglic > Later Anglic > Middle-Modern English > Macro-English,Indo-European > Germanic > West Germanic > North Sea Germanic,3.492,35.987,1.0,3.8338,32.7783,1.0,4.3814,28.682,1.0,5.4643,22.998,1.0,3.487,36.0391,1.0,3.8294,32.8164,1.0,4.3289,29.0301,1.0,5.4731,22.9609,1.0,3.4902,36.006,1.0,3.8315,32.7984,1.0,4.2694,29.4343,1.0,5.4695,22.9759,1.0,3.4879,36.0291,1.0,3.8384,32.7392,1.0,4.445,28.2718,1.0,5.4612,23.011,1.0,3.4921,35.986,1.0,3.8336,32.7803,1.0,4.3823,28.676,1.0,5.474,22.9569,1.0,3.4939,35.9679,1.0,3.836,32.7603,1.0,4.4665,28.1354,1.0,5.4702,22.9729,1.0
finn1318,fin,fin_Latn,997,,754585351.0,748584150.0,Finnish,Latn,Alphabet,1 byte,Uralic,Uralic > Finnic > Coastal Finnic > Neva > North Finnic > Nuclear Finnish,Uralic > Finnic > North Finnic,2.4029,58.0903,1.6142,2.6405,52.8636,1.6128,2.9215,47.7773,1.6658,3.5977,38.7984,1.687,2.4855,56.1595,1.5583,2.732,51.0913,1.5569,3.0396,45.9218,1.5819,3.8046,36.6881,1.5979,2.6451,52.7703,1.4656,2.914,47.9017,1.4605,3.3546,41.6098,1.4137,4.4186,31.5898,1.3749,2.1887,63.7753,1.7701,2.3636,59.0552,1.8038,2.7244,51.2347,1.8122,3.3318,41.8947,1.8206,1.5817,88.2477,2.4523,1.739,80.2668,2.4486,2.1096,66.1655,2.3073,3.1188,44.7553,1.9495,3.1975,43.654,1.2137,3.6833,37.8967,1.1568,4.7594,29.328,1.0424,7.1195,19.6058,0.8534
stan1290,fra,fra_Latn,997,,8938152817.0,8869369439.0,French,Latn,Alphabet,1 byte,Indo-European,Indo-European > Classical Indo-European > Italic > Latino-Faliscan > Latinic > Imperial Latin > Romance > Italo-Western Romance > Western Romance > Shifted Western Romance > Northwestern Shifted Romance > Gallo-Rhaetian > Oil > Central Oil > Macro-French > Global French,Indo-European > Italic > Italo-Western Romance > Western Romance > Shifted Western Romance > Northwestern Shifted Romance > Gallo-Rhaetian > Global French,3.0202,51.334,1.4265,3.2892,47.1354,1.438,3.7441,41.4082,1.4437,4.631,33.4784,1.4557,3.0461,50.8967,1.4123,3.3167,46.7442,1.4244,3.7491,41.3531,1.4245,4.6491,33.348,1.4524,3.1103,49.8465,1.3844,3.404,45.5456,1.3887,3.7972,40.8295,1.3871,4.8339,32.0732,1.3959,2.8594,54.2197,1.5049,3.1417,49.349,1.5073,3.6246,42.7733,1.5129,4.4403,34.9157,1.5173,2.636,58.8154,1.6344,2.9756,52.1023,1.5894,3.5755,43.3611,1.5121,4.6459,33.3711,1.4536,3.2747,47.344,1.3163,3.6318,42.6891,1.3031,4.4472,34.8616,1.2391,5.7754,26.8445,1.1685
hebr1245,heb,heb_Hebr,997,,461968429.0,458572341.0,Hebrew,Hebr,Abjad,2 bytes,Afro-Asiatic,Afro-Asiatic > Semitic > West Semitic > Central Semitic > Northwest Semitic > Canaanite > Hebrewic,Afro-Asiatic > Semitic > Central Semitic > Northwest Semitic,2.7037,64.7212,1.7985,2.7089,64.5968,1.9707,2.8781,60.7994,2.1198,4.7184,37.0863,1.6126,3.4403,50.8646,1.4114,3.7432,46.7482,1.4245,4.4341,39.4644,1.3594,7.2627,24.0943,1.0494,4.6363,37.7432,1.0482,5.8517,29.9037,0.9117,7.3991,23.6499,0.8035,8.2904,21.1073,0.9187,2.2333,78.3551,2.1748,2.3026,75.996,2.3213,3.6974,47.327,1.674,4.3458,40.2658,1.7499,2.2225,78.7362,2.188,2.2256,78.6239,2.3985,2.2295,78.4885,2.7371,2.2379,78.1946,3.4061,7.5239,23.2578,0.6466,8.1366,21.5065,0.6565,9.2158,18.988,0.6749,9.6742,18.0883,0.7874
croa1245,hrv,hrv_Latn,997,,398007249.0,395925092.0,Croatian,Latn,Alphabet,1 byte,Indo-European,Indo-European > Classical Indo-European > Balto-Slavic > Slavic > South Slavic > Western South Slavic > Serbian-Croatian-Bosnian > Shtokavski > New Shtokavian > Eastern Herzegovinian Shtokavian,Indo-European > Balto-Slavic > Slavic > South Slavic > Western South Slavic > Serbian-Croatian-Bosnian,2.1793,58.5115,1.6259,2.341,54.4694,1.6618,2.6029,48.989,1.708,3.0298,42.0863,1.83,2.2961,55.5336,1.5409,2.4478,52.0933,1.5874,2.6522,48.0782,1.6561,3.2514,39.2177,1.708,2.46,51.8345,1.4396,2.6396,48.3069,1.4728,2.9647,43.01,1.4612,3.768,33.8405,1.4729,1.9216,66.3581,1.8418,2.0697,61.6078,1.8818,2.3141,55.1033,1.9491,2.82,45.2177,1.965,1.2335,103.3721,2.8726,1.306,97.6389,2.9786,1.4576,87.4814,3.0507,1.9362,65.8576,2.8687,2.9342,43.4574,1.2082,3.343,38.1434,1.1643,4.4238,28.8245,1.0245,7.255,17.5757,0.7651
ital1282,ita,ita_Latn,997,,4769480161.0,4737665600.0,Italian,Latn,Alphabet,1 byte,Indo-European,Indo-European > Classical Indo-European > Italic > Latino-Faliscan > Latinic > Imperial Latin > Romance > Italo-Western Romance > Italo-Dalmatian > Italian Romance > Central Italian Romance,Indo-European > Italic > Italo-Western Romance > Italo-Dalmatian > Italian Romance > Central Italian Romance,2.7332,54.3801,1.5111,2.9623,50.1755,1.5308,3.3818,43.9509,1.5324,4.1774,35.5807,1.5471,2.7637,53.7813,1.4923,3.0175,49.2568,1.501,3.3915,43.8255,1.5097,4.2385,35.0672,1.5273,2.8248,52.6179,1.4614,3.1272,47.5296,1.4491,3.4964,42.5105,1.4443,4.4852,33.1384,1.4423,2.5361,58.6078,1.6267,2.7989,53.1043,1.622,3.2375,45.9107,1.6239,3.9541,37.5898,1.6336,2.2955,64.7492,1.7993,2.6023,57.1174,1.7424,3.1551,47.1093,1.6428,4.3044,34.5306,1.5041,3.102,47.9147,1.3322,3.5113,42.33,1.2921,4.3553,34.1274,1.213,6.0102,24.7302,1.0765
nucl1643,jpn,jpn_Jpan,997,,9870174960.0,9822995554.0,Japanese,Jpan,Logosyllabary,3 bytes,Japonic,Japonic > Japanesic > Japan-Taiwan Japanese,Japonic,6.0164,26.682,0.7414,6.1262,26.2036,0.7994,6.3061,25.4564,0.8875,6.7857,23.657,1.0287,6.1854,25.9529,0.7201,6.3235,25.3862,0.7736,6.5774,24.4062,0.8407,7.0796,22.675,0.9875,6.3569,25.2528,0.7013,6.5682,24.4403,0.7452,6.9096,23.2327,0.7893,7.6021,21.1163,0.9191,3.9951,40.1815,1.1153,4.2788,37.5176,1.146,4.8139,33.347,1.1795,5.7353,27.99,1.2164,3.4349,46.7342,1.2987,3.4906,45.989,1.4029,3.5855,44.7723,1.5613,3.793,42.323,1.8436,6.8059,23.5868,0.6558,7.1319,22.5085,0.6871,7.7498,20.7141,0.7362,8.8332,18.1735,0.7911
nucl1302,kat,kat_Geor,997,,79782785.0,79423527.0,Georgian,Geor,Alphabet,2 bytes,Kartvelian,Kartvelian > Georgian-Zan > Georgic,Kartvelian,6.147,60.8064,1.6897,6.1696,60.5838,1.8483,6.1806,60.4764,2.1085,6.7569,55.318,2.4053,6.96,53.7041,1.4902,7.2763,51.3691,1.5653,7.8271,47.7543,1.645,8.7854,42.5456,1.853,7.926,47.1585,1.3097,8.6052,43.4363,1.3243,9.8228,38.0522,1.2928,11.8034,31.667,1.3783,3.1811,117.5005,3.2613,3.3038,113.1354,3.4557,4.4915,83.2187,2.9435,5.5517,67.327,2.9259,3.1048,120.3872,3.3454,3.1117,120.1194,3.6644,3.1211,119.7593,4.1763,3.1407,119.012,5.1841,10.1052,36.989,1.0284,11.5171,32.4544,0.9907,13.7899,27.1053,0.9634,16.5251,22.6189,0.9846
kore1280,kor,kor_Hang,997,,1405630472.0,1399528315.0,Korean,Hang,Syllabary,3 bytes,Koreanic,Koreanic,Koreanic,5.7834,26.1735,0.7273,5.8468,25.8897,0.7898,5.9211,25.5647,0.8913,5.9998,25.2297,1.097,5.9734,25.341,0.7032,6.1026,24.8044,0.7559,6.2705,24.1404,0.8316,6.5392,23.1484,1.0082,6.1718,24.5266,0.6812,6.3483,23.8445,0.727,6.6419,22.7904,0.7743,7.091,21.347,0.9291,3.3945,44.5938,1.2377,3.4605,43.7422,1.3361,3.6018,42.0271,1.4865,4.0262,37.5968,1.6339,3.0562,49.5296,1.3764,3.2008,47.2919,1.4427,3.3294,45.4654,1.5855,3.4365,44.0481,1.9187,6.6215,22.8606,0.6356,6.9057,21.9198,0.6691,7.394,20.4724,0.7276,8.0995,18.6891,0.8135
nyan1308,nya,nya_Latn,997,,928706.0,925245.0,Nyanja,Latn,Alphabet,1 byte,Atlantic-Congo,Atlantic-Congo > Volta-Congo > Benue-Congo > Bantoid > Southern Bantoid > Narrow Bantu > East Bantu > Tumbuka-Sena-Nyanja > Sena-Nyanja > Nyanjaic,Atlantic-Congo > Volta-Congo > Benue-Congo > Bantoid > East Bantu > Tumbuka-Sena-Nyanja > Sena-Nyanja,2.0254,70.2116,1.951,2.1873,65.013,1.9834,2.4661,57.663,2.0104,2.9682,47.9087,2.0832,2.189,64.9619,1.8025,2.3377,60.8315,1.8537,2.5999,54.6951,1.8841,3.3667,42.2377,1.8395,2.3927,59.4323,1.6506,2.5968,54.7603,1.6696,3.0124,47.2056,1.6038,4.1731,34.0762,1.4831,1.8501,76.8626,2.1333,2.0191,70.4283,2.1512,2.2321,63.7081,2.2534,2.6809,53.0431,2.3051,1.1804,120.4674,3.3476,1.2288,115.7232,3.5303,1.3262,107.2287,3.7393,1.6285,87.322,3.8037,2.9999,47.4032,1.3179,3.5809,39.7121,1.2122,5.1161,27.7954,0.9879,9.3385,15.2277,0.6629
roma1327,ron,ron_Latn,997,,1125558850.0,1119333515.0,Romanian,Latn,Alphabet,1 byte,Indo-European,Indo-European > Classical Indo-European > Italic > Latino-Faliscan > Latinic > Imperial Latin > Romance > Eastern Romance > Northern Romanian > Eastern Romanian,Indo-European > Italic > Eastern Romance,2.5419,58.7523,1.6326,2.725,54.8044,1.672,3.0542,48.8977,1.7048,3.6508,40.9077,1.7788,2.611,57.1986,1.5871,2.8172,53.012,1.6154,3.0794,48.4975,1.6706,3.7688,39.6269,1.7258,2.7184,54.9388,1.5258,2.9424,50.7563,1.5475,3.2888,45.4092,1.5427,4.149,35.995,1.5666,2.235,66.8195,1.8546,2.4576,60.7693,1.8562,2.8064,53.2146,1.8823,3.4215,43.6489,1.8969,1.6673,89.5737,2.4891,1.8304,81.5928,2.4891,2.1735,68.7121,2.3962,3.0387,49.1474,2.1409,3.1062,48.0792,1.3367,3.4642,43.1103,1.3159,4.2431,35.1966,1.251,5.8547,25.5085,1.1104
amer1254,spa,spa_Latn,997,,8721329091.0,8661896197.0,Spanish (Latin American),Latn,Alphabet,1 byte,Indo-European,Indo-European > Classical Indo-European > Italic > Latino-Faliscan > Latinic > Imperial Latin > Romance > Italo-Western Romance > Western Romance > Shifted Western Romance > Southwestern Shifted Romance > West Ibero-Romance > Castilic > Spanish,Indo-European > Italic > Italo-Western Romance > Western Romance > Shifted Western Romance > Southwestern Shifted Romance > West Ibero-Romance > Castilic,2.9518,51.675,1.4359,3.2012,47.6499,1.4537,3.6689,41.5757,1.4495,4.5934,33.2076,1.4439,2.9707,51.346,1.4247,3.2269,47.2698,1.4404,3.6152,42.1926,1.4534,4.5708,33.3721,1.4534,3.0145,50.6008,1.4053,3.2865,46.4132,1.4151,3.6651,41.6179,1.4139,4.7057,32.4152,1.4108,2.8389,53.7312,1.4913,3.1139,48.985,1.4962,3.5982,42.3922,1.4995,4.4296,34.4353,1.4965,2.6979,56.5376,1.5711,3.0445,50.1023,1.5284,3.5818,42.5858,1.4851,4.4746,34.0893,1.4849,3.1047,49.1304,1.366,3.4836,43.7864,1.3366,4.2552,35.8465,1.2741,5.4783,27.8435,1.212
serb1264,srp,srp_Cyrl,997,,428606923.0,426190099.0,Serbian,Cyrl,Alphabet,2 bytes,Indo-European,Indo-European > Classical Indo-European > Balto-Slavic > Slavic > South Slavic > Western South Slavic > Serbian-Croatian-Bosnian > Shtokavski > New Shtokavian > Eastern Herzegovinian Shtokavian,Indo-European > Balto-Slavic > Slavic > South Slavic > Western South Slavic > Serbian-Croatian-Bosnian,3.9149,58.013,1.6121,3.9227,57.8987,1.7664,3.9355,57.7101,2.0121,3.9662,57.2628,2.4899,4.159,54.6088,1.5153,4.2499,53.4403,1.6285,4.3959,51.666,1.7797,4.6314,49.0381,2.1357,4.4155,51.4363,1.4285,4.5813,49.5747,1.5115,4.8804,46.5366,1.581,5.4932,41.345,1.7995,2.1212,107.0692,2.9717,2.1376,106.2508,3.2454,2.2915,99.1123,3.5057,3.2665,69.5286,3.0215,2.0524,110.661,3.0751,2.0679,109.8305,3.3505,2.0864,108.8576,3.7961,2.1094,107.669,4.69,4.9631,45.7613,1.2723,5.4015,42.0471,1.2835,6.2907,36.1033,1.2832,7.4674,30.4142,1.3239
tami1289,tam,tam_Taml,997,,85165919.0,84823478.0,Tamil,Taml,Abugida,3 bytes,Dravidian,Dravidian > South Dravidian > South Dravidian I > Tamil-Kannada > Tamil-Kota > Tamil-Toda > Tamil-Irula > Tamil-Kodagu > Tamil-Malayalam > Tamiloid > Tamil-Paliyan,Dravidian > South Dravidian I > Tamil-Kota > Tamiloid,5.9128,67.6499,1.8798,5.9306,67.4473,2.0577,6.6021,60.5868,2.1124,7.6766,52.1063,2.2657,6.4493,62.0221,1.721,6.6581,60.0772,1.8307,7.0371,56.8415,1.958,8.6538,46.2227,2.0131,7.0951,56.3771,1.5658,7.567,52.8616,1.6117,8.4395,47.3962,1.6102,10.3359,38.7001,1.6844,3.8385,104.2086,2.8923,4.8435,82.5848,2.5225,5.9242,67.5196,2.3882,6.227,64.2367,2.7916,3.1229,128.0853,3.5593,3.1275,127.8997,3.9017,3.1493,127.012,4.4292,3.2643,122.5396,5.3378,8.6609,46.1846,1.2841,9.8159,40.7503,1.2439,11.9638,33.4343,1.1883,16.7648,23.8596,1.0386
thai1261,tha,tha_Thai,997,,745804664.0,741927782.0,Thai,Thai,Abugida,3 bytes,Tai-Kadai,Tai-Kadai > Kam-Tai > Daic-Beic > Daic > Central-Southwestern Tai > Wenma-Southwestern Tai > Sapa-Southwestern Tai > Southwestern Tai > Southwestern Thai PH > Lao-Thai,Tai-Kadai > Southwestern Thai PH,6.0441,57.5015,1.5978,6.1712,56.317,1.7181,6.5954,52.6951,1.8372,7.6589,45.3781,1.9731,6.3266,54.9338,1.5243,6.5215,53.2919,1.6239,6.8771,50.5366,1.7408,7.9957,43.4664,1.8931,6.6916,51.9378,1.4425,6.9996,49.652,1.5139,7.5608,45.9669,1.5617,8.9397,38.8766,1.6921,4.3099,80.6379,2.2381,4.9091,70.7964,2.1624,5.7549,60.3912,2.1361,6.8591,50.669,2.2019,3.4935,99.4824,2.7645,3.5636,97.5256,2.9751,3.6716,94.657,3.3009,3.9692,87.5607,3.8141,7.6017,45.7192,1.2711,8.3124,41.8104,1.2763,9.7097,35.7934,1.2722,12.5462,27.7011,1.2058
viet1252,vie,vie_Latn,997,,1815676717.0,1803286122.0,Vietnamese,Latn,Alphabet,1 byte,Austroasiatic,Austroasiatic > Vietic > Viet-Muong,Austroasiatic > Vietic,3.0738,57.0441,1.5851,3.2005,54.7864,1.6714,3.6847,47.5868,1.6591,4.7262,37.1003,1.6132,3.1337,55.9549,1.5526,3.2492,53.9659,1.6445,3.5288,49.6901,1.7117,4.5347,38.667,1.684,3.1982,54.8265,1.5227,3.3338,52.5958,1.6036,3.5165,49.8636,1.6941,4.2664,41.0993,1.7888,2.9606,59.2257,1.6438,3.2611,53.7683,1.6423,3.7899,46.2668,1.6365,4.6412,37.7803,1.6418,2.626,66.7723,1.8555,2.7962,62.7091,1.913,3.0623,57.2598,1.9968,3.3897,51.7292,2.2533,3.2936,53.2387,1.4802,3.4989,50.1143,1.5297,3.8255,45.8355,1.6291,4.3172,40.6158,1.768
