Glottocode,Code,Code_Orig,Sentences,Notes,CC_Pages,CC_Urls,Name,Script,Script_Type,Bytes_Per_Char,Family,Full_Classification,Minimal_Full_Classification,combined_t_0.0000_bpp,combined_t_0.0000_pps,combined_t_0.0000_pps_premium,combined_t_0.2578_bpp,combined_t_0.2578_pps,combined_t_0.2578_pps_premium,combined_t_0.4688_bpp,combined_t_0.4688_pps,combined_t_0.4688_pps_premium,combined_t_0.9375_bpp,combined_t_0.9375_pps,combined_t_0.9375_pps_premium,norm_entropy_t_0.4072_bpp,norm_entropy_t_0.4072_pps,norm_entropy_t_0.4072_pps_premium,norm_entropy_t_0.5293_bpp,norm_entropy_t_0.5293_pps,norm_entropy_t_0.5293_pps_premium,norm_entropy_t_0.7222_bpp,norm_entropy_t_0.7222_pps,norm_entropy_t_0.7222_pps_premium,norm_entropy_t_1.0371_bpp,norm_entropy_t_1.0371_pps,norm_entropy_t_1.0371_pps_premium,raw_entropy_t_1.1904_bpp,raw_entropy_t_1.1904_pps,raw_entropy_t_1.1904_pps_premium,raw_entropy_t_1.3340_bpp,raw_entropy_t_1.3340_pps,raw_entropy_t_1.3340_pps_premium,raw_entropy_t_1.4946_bpp,raw_entropy_t_1.4946_pps,raw_entropy_t_1.4946_pps_premium,raw_entropy_t_1.7988_bpp,raw_entropy_t_1.7988_pps,raw_entropy_t_1.7988_pps_premium,raw_monotonicity_t_0.2359_bpp,raw_monotonicity_t_0.2359_pps,raw_monotonicity_t_0.2359_pps_premium,raw_monotonicity_t_0.3662_bpp,raw_monotonicity_t_0.3662_pps,raw_monotonicity_t_0.3662_pps_premium,raw_monotonicity_t_0.5928_bpp,raw_monotonicity_t_0.5928_pps,raw_monotonicity_t_0.5928_pps_premium,raw_monotonicity_t_0.9496_bpp,raw_monotonicity_t_0.9496_pps,raw_monotonicity_t_0.9496_pps_premium
achi1257,ace,ace_Arab,997,,,,Acehnese (Jawi script),Arab,Abjad,2 bytes,Austronesian,Austronesian > Malayo-Polynesian > Malayo-Chamic > Aceh-Chamic,Austronesian > Malayo-Chamic > Aceh-Chamic,,,,,,,,,,,,,,,,,,,,,,,,,,,,,,,,,,,,,,,,,,,,,,,,
achi1257,ace,ace_Latn,997,,,,Acehnese (Latin script),Latn,Alphabet,1 byte,Austronesian,Austronesian > Malayo-Polynesian > Malayo-Chamic > Aceh-Chamic,Austronesian > Malayo-Chamic > Aceh-Chamic,,,,,,,,,,,,,,,,,,,,,,,,,,,,,,,,,,,,,,,,,,,,,,,,
meso1252,acm,acm_Arab,997,,,,Mesopotamian Arabic,Arab,Abjad,2 bytes,Afro-Asiatic,Afro-Asiatic > Semitic > West Semitic > Central Semitic > Arabian > Arabic > Eastern Arabic,Afro-Asiatic > Semitic > Central Semitic > Arabian > Eastern Arabic,,,,,,,,,,,,,,,,,,,,,,,,,,,,,,,,,,,,,,,,,,,,,,,,
taiz1242,acq,acq_Arab,997,,,,Taʽizzi-Adeni Arabic,Arab,Abjad,2 bytes,Afro-Asiatic,Afro-Asiatic > Semitic > West Semitic > Central Semitic > Arabian > Arabic > Arabian Peninsula Arabic,Afro-Asiatic > Semitic > Central Semitic > Arabian > Arabian Peninsula Arabic,,,,,,,,,,,,,,,,,,,,,,,,,,,,,,,,,,,,,,,,,,,,,,,,
tuni1259,aeb,aeb_Arab,997,,,,Tunisian Arabic,Arab,Abjad,2 bytes,Afro-Asiatic,Afro-Asiatic > Semitic > West Semitic > Central Semitic > Arabian > Arabic > North African Arabic > Western Middle Arabic > Maghrebi > Malta-Tunisian Arabic,Afro-Asiatic > Semitic > Central Semitic > Arabian > North African Arabic > Malta-Tunisian Arabic,,,,,,,,,,,,,,,,,,,,,,,,,,,,,,,,,,,,,,,,,,,,,,,,
afri1274,afr,afr_Latn,997,,20215994.0,20131887.0,Afrikaans,Latn,Alphabet,1 byte,Indo-European,Indo-European > Classical Indo-European > Germanic > Northwest Germanic > West Germanic > Macro-Dutch > Middle-Modern Dutch > Modern Dutch > Global Dutch > Afrikaansic,Indo-European > Germanic > West Germanic > Macro-Dutch > Afrikaansic,,,,,,,,,,,,,,,,,,,,,,,,,,,,,,,,,,,,,,,,,,,,,,,,
tosk1239,als,als_Latn,997,,84761612.0,84375408.0,Albanian (Tosk),Latn,Alphabet,1 byte,Indo-European,Indo-European > Classical Indo-European > Albanian > Albanian-Tosk,Indo-European > Albanian,,,,,,,,,,,,,,,,,,,,,,,,,,,,,,,,,,,,,,,,,,,,,,,,
amha1245,amh,amh_Ethi,997,,5733709.0,5702512.0,Amharic,Ethi,Abugida,3 bytes,Afro-Asiatic,Afro-Asiatic > Semitic > West Semitic > Ethiosemitic > South Ethiopic > Amharic-Argobba,Afro-Asiatic > Semitic > Ethiosemitic > South Ethiopic,2.2124,99.013,1.9804,2.4816,88.2718,2.017,2.7801,78.7944,2.0326,4.2379,51.6891,1.8169,2.8417,77.0843,1.8581,3.0698,71.3571,1.9178,3.5577,61.5717,1.9533,6.0698,36.0893,1.5075,2.9229,74.9428,1.1095,3.2631,67.1294,1.0886,3.9138,55.9689,1.0218,8.8148,24.8506,0.587,2.3011,95.1956,2.0669,2.547,86.004,2.0582,3.0396,72.0672,2.0264,4.269,51.3119,1.8184
nort3139,apc,apc_Arab_nort3139,997,,,,Levantine Arabic (North),Arab,Abjad,2 bytes,Afro-Asiatic,Afro-Asiatic > Semitic > West Semitic > Central Semitic > Arabian > Arabic > Levantine-Cypriot Arabic,Afro-Asiatic > Semitic > Central Semitic > Arabian > Levantine-Cypriot Arabic,,,,,,,,,,,,,,,,,,,,,,,,,,,,,,,,,,,,,,,,,,,,,,,,
sout3123,apc,apc_Arab_sout3123,997,,,,Levantine Arabic (South),Arab,Abjad,2 bytes,Afro-Asiatic,Afro-Asiatic > Semitic > West Semitic > Central Semitic > Arabian > Arabic > Levantine-Cypriot Arabic > Levantine Arabic,Afro-Asiatic > Semitic > Central Semitic > Arabian > Levantine-Cypriot Arabic > Levantine Arabic,,,,,,,,,,,,,,,,,,,,,,,,,,,,,,,,,,,,,,,,,,,,,,,,
stan1318,arb,arb_Arab,997,,1258479625.0,1251265891.0,Modern Standard Arabic,Arab,Abjad,2 bytes,Afro-Asiatic,Afro-Asiatic > Semitic > West Semitic > Central Semitic > Arabian > Arabic,Afro-Asiatic > Semitic > Central Semitic > Arabian,2.0996,95.8185,1.9165,2.3877,84.2578,1.9253,2.8359,70.9408,1.83,4.9116,40.9599,1.4398,3.5556,56.5817,1.3639,3.7694,53.3721,1.4344,4.1461,48.5226,1.5393,5.0848,39.5647,1.6527,3.4143,58.9228,0.8724,3.7773,53.2608,0.8637,4.2253,47.6128,0.8692,5.8467,34.4092,0.8128,2.2856,88.0191,1.9111,2.5525,78.8164,1.8862,3.321,60.5787,1.7034,4.9882,40.331,1.4292
stan1318,arb,arb_Latn,997,,1258479625.0,1251265891.0,Modern Standard Arabic (Romanized),Latn,Alphabet,1 byte,Afro-Asiatic,Afro-Asiatic > Semitic > West Semitic > Central Semitic > Arabian > Arabic,Afro-Asiatic > Semitic > Central Semitic > Arabian,,,,,,,,,,,,,,,,,,,,,,,,,,,,,,,,,,,,,,,,,,,,,,,,
arag1245,arg,arg_Latn,997,,,,Aragonese,Latn,Alphabet,1 byte,Indo-European,Indo-European > Classical Indo-European > Italic > Latino-Faliscan > Latinic > Imperial Latin > Romance > Italo-Western Romance > Western Romance > Unshifted Western Romance,Indo-European > Italic > Italo-Western Romance > Western Romance > Unshifted Western Romance,,,,,,,,,,,,,,,,,,,,,,,,,,,,,,,,,,,,,,,,,,,,,,,,
najd1235,ars,ars_Arab,997,,,,Najdi Arabic,Arab,Abjad,2 bytes,Afro-Asiatic,Afro-Asiatic > Semitic > West Semitic > Central Semitic > Arabian > Arabic > Arabian Peninsula Arabic > North Arabian Beduin Arabic,Afro-Asiatic > Semitic > Central Semitic > Arabian > Arabian Peninsula Arabic > North Arabian Beduin Arabic,,,,,,,,,,,,,,,,,,,,,,,,,,,,,,,,,,,,,,,,,,,,,,,,
moro1292,ary,ary_Arab,997,,,,Moroccan Arabic,Arab,Abjad,2 bytes,Afro-Asiatic,Afro-Asiatic > Semitic > West Semitic > Central Semitic > Arabian > Arabic > North African Arabic > Western Middle Arabic > Maghrebi,Afro-Asiatic > Semitic > Central Semitic > Arabian > North African Arabic,,,,,,,,,,,,,,,,,,,,,,,,,,,,,,,,,,,,,,,,,,,,,,,,
egyp1253,arz,arz_Arab,997,,,,Egyptian Arabic,Arab,Abjad,2 bytes,Afro-Asiatic,Afro-Asiatic > Semitic > West Semitic > Central Semitic > Arabian > Arabic > Egyptic Arabic > Egypto-Sudanic Arabic,Afro-Asiatic > Semitic > Central Semitic > Arabian > Egyptic Arabic,,,,,,,,,,,,,,,,,,,,,,,,,,,,,,,,,,,,,,,,,,,,,,,,
assa1263,asm,asm_Beng,997,,3459776.0,3447449.0,Assamese,Beng,Abugida,3 bytes,Indo-European,Indo-European > Classical Indo-European > Indo-Iranian > Indo-Aryan > Middle-Modern Indo-Aryan > Continental Indo-Aryan > Indo-Aryan Eastern zone > Oriya-Gauda-Kamrupa > Gauda-Kamrupa > Kamrupa > Eastern Kamrupa,Indo-European > Indo-Iranian > Indo-Aryan > Middle-Modern Indo-Aryan > Continental Indo-Aryan > Indo-Aryan Eastern zone > Gauda-Kamrupa > Kamrupa,,,,,,,,,,,,,,,,,,,,,,,,,,,,,,,,,,,,,,,,,,,,,,,,
astu1245,ast,ast_Latn,997,,,,Asturian,Latn,Alphabet,1 byte,Indo-European,Indo-European > Classical Indo-European > Italic > Latino-Faliscan > Latinic > Imperial Latin > Romance > Italo-Western Romance > Western Romance > Shifted Western Romance > Southwestern Shifted Romance > West Ibero-Romance > Asturo-Leonese,Indo-European > Italic > Italo-Western Romance > Western Romance > Shifted Western Romance > Southwestern Shifted Romance > West Ibero-Romance > Asturo-Leonese,,,,,,,,,,,,,,,,,,,,,,,,,,,,,,,,,,,,,,,,,,,,,,,,
awad1243,awa,awa_Deva,997,,,,Awadhi,Deva,Abugida,3 bytes,Indo-European,Indo-European > Classical Indo-European > Indo-Iranian > Indo-Aryan > Middle-Modern Indo-Aryan > Continental Indo-Aryan > Midlands Indo-Aryan > Shaurasenic > Eastern Hindi > Awadhic,Indo-European > Indo-Iranian > Indo-Aryan > Middle-Modern Indo-Aryan > Continental Indo-Aryan > Midlands Indo-Aryan > Shaurasenic > Eastern Hindi > Awadhic,,,,,,,,,,,,,,,,,,,,,,,,,,,,,,,,,,,,,,,,,,,,,,,,
cent2142,ayr,ayr_Latn,997,,,,Central Aymara,Latn,Alphabet,1 byte,Aymaran,Aymaran > Central-Southern Aymara,Aymaran,,,,,,,,,,,,,,,,,,,,,,,,,,,,,,,,,,,,,,,,,,,,,,,,
sout2697,azb,azb_Arab,997,,101494110.0,101070335.0,South Azerbaijani,Arab,Abjad,2 bytes,Turkic,Turkic > Common Turkic > Oghuz > Nuclear Oghuz > Central Oghuz,Turkic > Common Turkic > Oghuz > Central Oghuz,,,,,,,,,,,,,,,,,,,,,,,,,,,,,,,,,,,,,,,,,,,,,,,,
nort2697,azj,azj_Latn,997,,101494110.0,101070335.0,North Azerbaijani,Latn,Alphabet,1 byte,Turkic,Turkic > Common Turkic > Oghuz > Nuclear Oghuz > Central Oghuz,Turkic > Common Turkic > Oghuz > Central Oghuz,,,,,,,,,,,,,,,,,,,,,,,,,,,,,,,,,,,,,,,,,,,,,,,,
bash1264,bak,bak_Cyrl,997,,3656842.0,3651302.0,Bashkir,Cyrl,Alphabet,2 bytes,Turkic,Turkic > Common Turkic > Kipchak-Turkestan > Kipchak > Northwest Kipchak > North Kipchak > Bashkiric,Turkic > Common Turkic > Kipchak-Turkestan > Kipchak > Northwest Kipchak > North Kipchak,,,,,,,,,,,,,,,,,,,,,,,,,,,,,,,,,,,,,,,,,,,,,,,,
bamb1269,bam,bam_Latn,997,,,,Bambara,Latn,Alphabet,1 byte,Mande,Mande > Western Mande > Manding-Kpelle > Central Mande > Manding-Jogo > Manding-Vai > Manding-Mokole > Manding > East Manding,Mande,,,,,,,,,,,,,,,,,,,,,,,,,,,,,,,,,,,,,,,,,,,,,,,,
bali1278,ban,ban_Latn,997,,,,Balinese,Latn,Alphabet,1 byte,Austronesian,Austronesian > Malayo-Polynesian > Bali-Sasak-Sumbawa,Austronesian > Bali-Sasak-Sumbawa,,,,,,,,,,,,,,,,,,,,,,,,,,,,,,,,,,,,,,,,,,,,,,,,
bela1254,bel,bel_Cyrl,997,,33213142.0,33052697.0,Belarusian,Cyrl,Alphabet,2 bytes,Indo-European,Indo-European > Classical Indo-European > Balto-Slavic > Slavic > East Slavic,Indo-European > Balto-Slavic > Slavic > East Slavic,,,,,,,,,,,,,,,,,,,,,,,,,,,,,,,,,,,,,,,,,,,,,,,,
bemb1257,bem,bem_Latn,997,,,,Bemba,Latn,Alphabet,1 byte,Atlantic-Congo,Atlantic-Congo > Volta-Congo > Benue-Congo > Bantoid > Southern Bantoid > Narrow Bantu > East Bantu > Sabi > Malungu-Central Sabi > Central Sabi > Bemba (M.40),Atlantic-Congo > Volta-Congo > Benue-Congo > Bantoid > East Bantu > Sabi,,,,,,,,,,,,,,,,,,,,,,,,,,,,,,,,,,,,,,,,,,,,,,,,
beng1280,ben,ben_Beng,997,,177892101.0,177246797.0,Bengali,Beng,Abugida,3 bytes,Indo-European,Indo-European > Classical Indo-European > Indo-Iranian > Indo-Aryan > Middle-Modern Indo-Aryan > Continental Indo-Aryan > Indo-Aryan Eastern zone > Oriya-Gauda-Kamrupa > Gauda-Kamrupa > Gauda-Banga,Indo-European > Indo-Iranian > Indo-Aryan > Middle-Modern Indo-Aryan > Continental Indo-Aryan > Indo-Aryan Eastern zone > Gauda-Kamrupa > Gauda-Banga,,,,,,,,,,,,,,,,,,,,,,,,,,,,,,,,,,,,,,,,,,,,,,,,
bhoj1244,bho,bho_Deva,997,,,,Bhojpuri,Deva,Abugida,3 bytes,Indo-European,Indo-European > Classical Indo-European > Indo-Iranian > Indo-Aryan > Middle-Modern Indo-Aryan > Continental Indo-Aryan > Midlands Indo-Aryan > Shaurasenic > Bihari > Magadhan > Bhojpuric,Indo-European > Indo-Iranian > Indo-Aryan > Middle-Modern Indo-Aryan > Continental Indo-Aryan > Midlands Indo-Aryan > Shaurasenic > Bihari > Bhojpuric,,,,,,,,,,,,,,,,,,,,,,,,,,,,,,,,,,,,,,,,,,,,,,,,
banj1239,bjn,bjn_Arab,997,,,,Banjar (Jawi script),Arab,Abjad,2 bytes,Austronesian,Austronesian > Malayo-Polynesian > Malayo-Chamic > Malayic > Nuclear Malayic > East Borneo Malay > Banjar-Berau-Brunei Malay > Banjar-Bukit Malay,Austronesian > Malayo-Chamic > Malayic > East Borneo Malay,,,,,,,,,,,,,,,,,,,,,,,,,,,,,,,,,,,,,,,,,,,,,,,,
banj1239,bjn,bjn_Latn,997,,,,Banjar (Latin script),Latn,Alphabet,1 byte,Austronesian,Austronesian > Malayo-Polynesian > Malayo-Chamic > Malayic > Nuclear Malayic > East Borneo Malay > Banjar-Berau-Brunei Malay > Banjar-Bukit Malay,Austronesian > Malayo-Chamic > Malayic > East Borneo Malay,,,,,,,,,,,,,,,,,,,,,,,,,,,,,,,,,,,,,,,,,,,,,,,,
utsa1239,bod,bod_Tibt,997,,2687733.0,2676577.0,Lhasa Tibetan,Tibt,Abugida,3 bytes,Sino-Tibetan,Sino-Tibetan > Bodic > Bodish > Early Old Tibetan > Middle Old Tibetan > Late Old Tibetan > Central Tibetan > Tibetan > Ü,Sino-Tibetan > Bodic > Central Tibetan,,,,,,,,,,,,,,,,,,,,,,,,,,,,,,,,,,,,,,,,,,,,,,,,
bosn1245,bos,bos_Latn,997,,89749135.0,89368171.0,Bosnian,Latn,Alphabet,1 byte,Indo-European,Indo-European > Classical Indo-European > Balto-Slavic > Slavic > South Slavic > Western South Slavic > Serbian-Croatian-Bosnian > Shtokavski > New Shtokavian > Eastern Herzegovinian Shtokavian,Indo-European > Balto-Slavic > Slavic > South Slavic > Western South Slavic > Serbian-Croatian-Bosnian,,,,,,,,,,,,,,,,,,,,,,,,,,,,,,,,,,,,,,,,,,,,,,,,
bodo1269,brx,brx_Deva,997,dev only,,,Bodo,Deva,Abugida,3 bytes,Sino-Tibetan,Sino-Tibetan > Brahmaputran > Bodo-Garo > Boroic > Tiwa-Boro > Bodo-Mech-Kachari,Sino-Tibetan > Brahmaputran > Bodo-Garo,,,,,,,,,,,,,,,,,,,,,,,,,,,,,,,,,,,,,,,,,,,,,,,,
bugi1244,bug,bug_Latn,997,,,,Buginese,Latn,Alphabet,1 byte,Austronesian,Austronesian > Malayo-Polynesian > Greater South Sulawesi > South Sulawesi > Tamanic-Bugis > Bugis,Austronesian > Greater South Sulawesi,,,,,,,,,,,,,,,,,,,,,,,,,,,,,,,,,,,,,,,,,,,,,,,,
bulg1262,bul,bul_Cyrl,997,,565391748.0,562504908.0,Bulgarian,Cyrl,Alphabet,2 bytes,Indo-European,Indo-European > Classical Indo-European > Balto-Slavic > Slavic > South Slavic > Eastern South Slavic > Macedo-Bulgarian,Indo-European > Balto-Slavic > Slavic > South Slavic > Eastern South Slavic,,,,,,,,,,,,,,,,,,,,,,,,,,,,,,,,,,,,,,,,,,,,,,,,
stan1289,cat,cat_Latn,997,,437938570.0,434641260.0,Catalan,Latn,Alphabet,1 byte,Indo-European,Indo-European > Classical Indo-European > Italic > Latino-Faliscan > Latinic > Imperial Latin > Romance > Italo-Western Romance > Western Romance > Shifted Western Romance > Southwestern Shifted Romance,Indo-European > Italic > Italo-Western Romance > Western Romance > Shifted Western Romance > Southwestern Shifted Romance,,,,,,,,,,,,,,,,,,,,,,,,,,,,,,,,,,,,,,,,,,,,,,,,
cebu1242,ceb,ceb_Latn,997,,4026407.0,4021798.0,Cebuano,Latn,Alphabet,1 byte,Austronesian,Austronesian > Malayo-Polynesian > Greater Central Philippine > Central Philippine > Bisayan,Austronesian > Greater Central Philippine > Bisayan,,,,,,,,,,,,,,,,,,,,,,,,,,,,,,,,,,,,,,,,,,,,,,,,
czec1258,ces,ces_Latn,997,,2097546956.0,2080674183.0,Czech,Latn,Alphabet,1 byte,Indo-European,Indo-European > Classical Indo-European > Balto-Slavic > Slavic > West Slavic > Czech-Slovak,Indo-European > Balto-Slavic > Slavic > West Slavic > Czech-Slovak,,,,,,,,,,,,,,,,,,,,,,,,,,,,,,,,,,,,,,,,,,,,,,,,
chuv1255,chv,chv_Cyrl,997,,,,Chuvash,Cyrl,Alphabet,2 bytes,Turkic,Turkic > Bolgar,Turkic > Bolgar,,,,,,,,,,,,,,,,,,,,,,,,,,,,,,,,,,,,,,,,,,,,,,,,
chok1245,cjk,cjk_Latn,997,,,,Chokwe,Latn,Alphabet,1 byte,Atlantic-Congo,Atlantic-Congo > Volta-Congo > Benue-Congo > Bantoid > Southern Bantoid > Narrow Bantu > Central-Western Bantu > Njila > Southern Njila > Chokwe-Lunda > Chokwe-Ngangela-Nyemba (K.20) > Chokwe-Lwena,Atlantic-Congo > Volta-Congo > Benue-Congo > Bantoid > Central-Western Bantu > Njila > Southern Njila > Chokwe-Lunda,,,,,,,,,,,,,,,,,,,,,,,,,,,,,,,,,,,,,,,,,,,,,,,,
cent1972,ckb,ckb_Arab,997,,12098280.0,12051123.0,Central Kurdish,Arab,Abjad,2 bytes,Indo-European,Indo-European > Classical Indo-European > Indo-Iranian > Iranian-Nuristani > Iranian > Central Iranian PBS > Central Iranian PB > Northwestern Iranian > Laki-Kurdish > Kurdish,Indo-European > Indo-Iranian > Iranian-Nuristani > Central Iranian PBS,,,,,,,,,,,,,,,,,,,,,,,,,,,,,,,,,,,,,,,,,,,,,,,,
beij1234,cmn,cmn_Hans,997,,10899511187.0,10856245131.0,Mandarin Chinese (Standard Beijing),Hans,Logographic,3 bytes,Sino-Tibetan,Sino-Tibetan > Sinitic > Classical-Middle-Modern Sinitic > Middle-Modern Sinitic > Northern Chinese > Mandarinic > Mandarin Chinese > Beijingic,Sino-Tibetan > Sinitic > Northern Chinese,1.9711,59.667,1.1934,2.202,53.4102,1.2204,2.4272,48.4534,1.2499,3.3054,35.5807,1.2507,3.2397,36.3019,0.875,3.6908,31.8646,0.8564,4.3354,27.1274,0.8606,5.5002,21.3821,0.8932,1.2918,91.0411,1.3479,1.3469,87.318,1.4161,1.4369,81.8475,1.4942,1.8019,65.2668,1.5417,2.1484,54.7422,1.1886,2.2926,51.2979,1.2276,2.6048,45.1494,1.2695,3.3383,35.2297,1.2485
taib1240,cmn,cmn_Hant,997,,10899511187.0,10856245131.0,Mandarin Chinese (Taiwanese),Hant,Logographic,3 bytes,Sino-Tibetan,Sino-Tibetan > Sinitic > Classical-Middle-Modern Sinitic > Middle-Modern Sinitic > Northern Chinese > Mandarinic > Mandarin Chinese > Beijingic,Sino-Tibetan > Sinitic > Northern Chinese,,,,,,,,,,,,,,,,,,,,,,,,,,,,,,,,,,,,,,,,,,,,,,,,
crim1257,crh,crh_Latn,997,,,,Crimean Tatar,Latn,Alphabet,1 byte,Turkic,Turkic > Common Turkic > Kipchak-Turkestan > Kipchak > Northwest Kipchak > West Kipchak > Crimean Tatar-Urum > Crimeaic,Turkic > Common Turkic > Kipchak-Turkestan > Kipchak > Northwest Kipchak > West Kipchak,,,,,,,,,,,,,,,,,,,,,,,,,,,,,,,,,,,,,,,,,,,,,,,,
wels1247,cym,cym_Latn,997,,20737905.0,20624391.0,Welsh,Latn,Alphabet,1 byte,Indo-European,Indo-European > Classical Indo-European > Celtic > Nuclear Celtic > Core Celtic > Insular Celtic > Brythonic > Old-Modern Welsh,Indo-European > Celtic > Brythonic,,,,,,,,,,,,,,,,,,,,,,,,,,,,,,,,,,,,,,,,,,,,,,,,
dani1285,dan,dan_Latn,997,,880593500.0,873291872.0,Danish,Latn,Alphabet,1 byte,Indo-European,Indo-European > Classical Indo-European > Germanic > Northwest Germanic > North Germanic > South Scandinavian,Indo-European > Germanic > North Germanic > South Scandinavian,,,,,,,,,,,,,,,,,,,,,,,,,,,,,,,,,,,,,,,,,,,,,,,,
darg1241,dar,dar_Cyrl,997,dev only,,,Dargwa,Cyrl,Alphabet,2 bytes,Nakh-Daghestanian,Nakh-Daghestanian > Daghestanian > Dargwic,Nakh-Daghestanian,,,,,,,,,,,,,,,,,,,,,,,,,,,,,,,,,,,,,,,,,,,,,,,,
stan1295,deu,deu_Latn,997,,11072171606.0,10978241043.0,German,Latn,Alphabet,1 byte,Indo-European,Indo-European > Classical Indo-European > Germanic > Northwest Germanic > West Germanic > High German > Upper German > Middle-Modern High German > Modern High German > Upper Franconian > Global German,Indo-European > Germanic > West Germanic > High German > Upper German,2.52,59.2798,1.1857,2.873,51.996,1.1881,3.2454,46.0291,1.1874,4.4628,33.4734,1.1766,3.1808,46.9649,1.1321,3.5684,41.8626,1.1251,4.2898,34.8235,1.1047,5.7088,26.1675,1.0931,1.9613,76.1655,1.1276,2.1871,68.3009,1.1076,2.4896,60.003,1.0954,3.2283,46.2738,1.0931,2.7389,54.5426,1.1842,3.013,49.5797,1.1865,3.5315,42.3009,1.1894,4.4981,33.2106,1.1769
dogr1250,dgo,dgo_Deva,997,dev only,,,Dogri,Deva,Abugida,3 bytes,Indo-European,Indo-European > Classical Indo-European > Indo-Iranian > Indo-Aryan > Middle-Modern Indo-Aryan > Eastern Dardic > Himachali > Kangric-Chamealic-Bhattiyali > Kangri-Dogri,Indo-European > Indo-Iranian > Indo-Aryan > Middle-Modern Indo-Aryan > Eastern Dardic > Himachali,,,,,,,,,,,,,,,,,,,,,,,,,,,,,,,,,,,,,,,,,,,,,,,,
sout2832,dik,dik_Latn,997,,,,Southwestern Dinka,Latn,Alphabet,1 byte,Nilotic,Nilotic > Western Nilotic > Dinka-Nuer > Dinka,Nilotic > Dinka-Nuer > Dinka,,,,,,,,,,,,,,,,,,,,,,,,,,,,,,,,,,,,,,,,,,,,,,,,
dyul1238,dyu,dyu_Latn,997,,,,Dyula,Latn,Alphabet,1 byte,Mande,Mande > Western Mande > Manding-Kpelle > Central Mande > Manding-Jogo > Manding-Vai > Manding-Mokole > Manding > East Manding,Mande,,,,,,,,,,,,,,,,,,,,,,,,,,,,,,,,,,,,,,,,,,,,,,,,
dzon1239,dzo,dzo_Tibt,997,,208006.0,207770.0,Dzongkha,Tibt,Abugida,3 bytes,Sino-Tibetan,Sino-Tibetan > Bodic > Bodish > Early Old Tibetan > Middle Old Tibetan > Late Old Tibetan > Southern Tibetic > Dzongkhic > Nuclear Dzongkhic,Sino-Tibetan > Bodic > Southern Tibetic,,,,,,,,,,,,,,,,,,,,,,,,,,,,,,,,,,,,,,,,,,,,,,,,
esto1258,ekk,ekk_Latn,997,,270383021.0,268165050.0,Estonian,Latn,Alphabet,1 byte,Uralic,Uralic > Finnic > Coastal Finnic > Neva > Central Finnic,Uralic > Finnic > Central Finnic,,,,,,,,,,,,,,,,,,,,,,,,,,,,,,,,,,,,,,,,,,,,,,,,
mode1248,ell,ell_Grek,997,,1086923125.0,1081601897.0,Greek,Grek,Alphabet,2 bytes,Indo-European,Indo-European > Classical Indo-European > Graeco-Phrygian > Greek > South Greek > Central Greek > Koineic Greek > Modern Koineic Greek > Nuclear Modern Greek,Indo-European > Graeco-Phrygian,,,,,,,,,,,,,,,,,,,,,,,,,,,,,,,,,,,,,,,,,,,,,,,,
stan1293,eng,eng_Latn,997,,88502069080.0,87766779120.0,English,Latn,Alphabet,1 byte,Indo-European,Indo-European > Classical Indo-European > Germanic > Northwest Germanic > West Germanic > North Sea Germanic > Anglo-Frisian > Anglic > Later Anglic > Middle-Modern English > Macro-English,Indo-European > Germanic > West Germanic > North Sea Germanic,2.5135,49.996,1.0,2.8715,43.7633,1.0,3.2417,38.7653,1.0,4.4174,28.4483,1.0,3.0291,41.4865,1.0,3.3774,37.2086,1.0,3.9866,31.5226,1.0,5.2493,23.9398,1.0,1.8605,67.5436,1.0,2.038,61.663,1.0,2.2942,54.7753,1.0,2.9685,42.333,1.0,2.7285,46.0572,1.0,3.0074,41.7864,1.0,3.5336,35.5637,1.0,4.4533,28.2187,1.0
espe1235,epo,epo_Latn,997,,16488806.0,16428426.0,Esperanto,Latn,Alphabet,1 byte,Artificial Language,Artificial Language > Esperantic,Artificial Language > Esperantic,,,,,,,,,,,,,,,,,,,,,,,,,,,,,,,,,,,,,,,,,,,,,,,,
basq1248,eus,eus_Latn,997,,64561327.0,63938667.0,Basque,Latn,Alphabet,1 byte,Isolate,Isolate,Isolate,,,,,,,,,,,,,,,,,,,,,,,,,,,,,,,,,,,,,,,,,,,,,,,,
ewee1241,ewe,ewe_Latn,997,,,,Ewe,Latn,Alphabet,1 byte,Atlantic-Congo,Atlantic-Congo > Volta-Congo > Kwa Volta-Congo > Gbe > Western Gbe > Eweic,Atlantic-Congo > Volta-Congo > Kwa Volta-Congo > Gbe > Western Gbe,,,,,,,,,,,,,,,,,,,,,,,,,,,,,,,,,,,,,,,,,,,,,,,,
faro1244,fao,fao_Latn,997,,8203838.0,8160846.0,Faroese,Latn,Alphabet,1 byte,Indo-European,Indo-European > Classical Indo-European > Germanic > Northwest Germanic > North Germanic > West Scandinavian > Icelandic-Faroese,Indo-European > Germanic > North Germanic > West Scandinavian > Icelandic-Faroese,,,,,,,,,,,,,,,,,,,,,,,,,,,,,,,,,,,,,,,,,,,,,,,,
fiji1243,fij,fij_Latn,997,,191398.0,189932.0,Fijian,Latn,Alphabet,1 byte,Austronesian,Austronesian > Malayo-Polynesian > Eastern Malayo-Polynesian > Oceanic > Central Pacific linkage > Tokalau Fijian > Eastern Fijian > Nuclear Eastern Fijian > Viwa-Lomaiviti-East Viti Levu,Austronesian > Eastern Malayo-Polynesian > Eastern Fijian,,,,,,,,,,,,,,,,,,,,,,,,,,,,,,,,,,,,,,,,,,,,,,,,
fili1244,fil,fil_Latn,997,,,,Filipino,Latn,Alphabet,1 byte,Austronesian,Austronesian > Malayo-Polynesian > Greater Central Philippine > Central Philippine > Tagalogic > Tagalog-Filipino,Austronesian > Greater Central Philippine > Tagalogic,,,,,,,,,,,,,,,,,,,,,,,,,,,,,,,,,,,,,,,,,,,,,,,,
finn1318,fin,fin_Latn,997,,754585351.0,748584150.0,Finnish,Latn,Alphabet,1 byte,Uralic,Uralic > Finnic > Coastal Finnic > Neva > North Finnic > Nuclear Finnish,Uralic > Finnic > North Finnic,2.3911,58.3761,1.1676,2.8532,48.9218,1.1179,3.3393,41.8004,1.0783,4.939,28.2618,0.9934,2.8591,48.8205,1.1768,3.3044,42.2417,1.1353,4.2361,32.9509,1.0453,6.1799,22.5868,0.9435,1.7648,79.0943,1.171,1.9319,72.2518,1.1717,2.1561,64.7402,1.1819,2.8643,48.7322,1.1512,2.7197,51.324,1.1144,3.046,45.8255,1.0967,3.7097,37.6269,1.058,4.9869,27.99,0.9919
fonn1241,fon,fon_Latn,997,,,,Fon,Latn,Alphabet,1 byte,Atlantic-Congo,Atlantic-Congo > Volta-Congo > Kwa Volta-Congo > Gbe > Eastern Gbe > Fongbeic,Atlantic-Congo > Volta-Congo > Kwa Volta-Congo > Gbe > Eastern Gbe,,,,,,,,,,,,,,,,,,,,,,,,,,,,,,,,,,,,,,,,,,,,,,,,
stan1290,fra,fra_Latn,997,,8938152817.0,8869369439.0,French,Latn,Alphabet,1 byte,Indo-European,Indo-European > Classical Indo-European > Italic > Latino-Faliscan > Latinic > Imperial Latin > Romance > Italo-Western Romance > Western Romance > Shifted Western Romance > Northwestern Shifted Romance > Gallo-Rhaetian > Oil > Central Oil > Macro-French > Global French,Indo-European > Italic > Italo-Western Romance > Western Romance > Shifted Western Romance > Northwestern Shifted Romance > Gallo-Rhaetian > Global French,2.7657,56.0572,1.1212,3.1479,49.2518,1.1254,3.5522,43.6459,1.1259,5.0142,30.9198,1.0869,3.0157,51.4102,1.2392,3.3566,46.1896,1.2414,4.0322,38.4504,1.2198,5.3461,29.0,1.2114,2.184,70.989,1.051,2.4349,63.673,1.0326,2.7534,56.3069,1.028,3.6312,42.6961,1.0086,2.938,52.7693,1.1457,3.2606,47.5496,1.1379,3.8974,39.7803,1.1186,5.0498,30.7021,1.088
east2271,fur,fur_Latn,997,,,,Friulian,Latn,Alphabet,1 byte,Indo-European,Indo-European > Classical Indo-European > Italic > Latino-Faliscan > Latinic > Imperial Latin > Romance > Italo-Western Romance > Italo-Dalmatian > Italian Romance > Friulian,Indo-European > Italic > Italo-Western Romance > Italo-Dalmatian > Italian Romance > Friulian,,,,,,,,,,,,,,,,,,,,,,,,,,,,,,,,,,,,,,,,,,,,,,,,
nige1253,fuv,fuv_Latn,997,,,,Nigerian Fulfulde,Latn,Alphabet,1 byte,Atlantic-Congo,Atlantic-Congo > North-Central Atlantic > Fula-Sereer > Fula > Eastern Fula,Atlantic-Congo > North-Central Atlantic > Fula-Sereer,,,,,,,,,,,,,,,,,,,,,,,,,,,,,,,,,,,,,,,,,,,,,,,,
west2721,gaz,gaz_Latn,997,,927830.0,923231.0,West Central Oromo,Latn,Alphabet,1 byte,Afro-Asiatic,Afro-Asiatic > Cushitic > East Cushitic > Lowland East Cushitic > Southern Lowland East Cushitic > Mainstream Lowland East Cushitic > Oromoid > Nuclear Oromo,Afro-Asiatic > Cushitic > Oromoid,,,,,,,,,,,,,,,,,,,,,,,,,,,,,,,,,,,,,,,,,,,,,,,,
scot1245,gla,gla_Latn,997,,2973293.0,2962154.0,Scottish Gaelic,Latn,Alphabet,1 byte,Indo-European,Indo-European > Classical Indo-European > Celtic > Nuclear Celtic > Core Celtic > Insular Celtic > Goidelic > Modern Goidelic > Eastern Goidelic,Indo-European > Celtic > Goidelic > Eastern Goidelic,,,,,,,,,,,,,,,,,,,,,,,,,,,,,,,,,,,,,,,,,,,,,,,,
iris1253,gle,gle_Latn,997,,12046808.0,11970817.0,Irish,Latn,Alphabet,1 byte,Indo-European,Indo-European > Classical Indo-European > Celtic > Nuclear Celtic > Core Celtic > Insular Celtic > Goidelic > Modern Goidelic,Indo-European > Celtic > Goidelic,,,,,,,,,,,,,,,,,,,,,,,,,,,,,,,,,,,,,,,,,,,,,,,,
gali1258,glg,glg_Latn,997,,70206749.0,69830421.0,Galician,Latn,Alphabet,1 byte,Indo-European,Indo-European > Classical Indo-European > Italic > Latino-Faliscan > Latinic > Imperial Latin > Romance > Italo-Western Romance > Western Romance > Shifted Western Romance > Southwestern Shifted Romance > West Ibero-Romance > Galician Romance,Indo-European > Italic > Italo-Western Romance > Western Romance > Shifted Western Romance > Southwestern Shifted Romance > West Ibero-Romance > Galician Romance,,,,,,,,,,,,,,,,,,,,,,,,,,,,,,,,,,,,,,,,,,,,,,,,
goan1235,gom,gom_Deva,997,dev only,,,Goan Konkani,Deva,Abugida,3 bytes,Indo-European,Indo-European > Classical Indo-European > Indo-Iranian > Indo-Aryan > Middle-Modern Indo-Aryan > Continental Indo-Aryan > Indo-Aryan Southern zone > Marathic > Marathi-Konkani,Indo-European > Indo-Iranian > Indo-Aryan > Middle-Modern Indo-Aryan > Continental Indo-Aryan > Indo-Aryan Southern zone,,,,,,,,,,,,,,,,,,,,,,,,,,,,,,,,,,,,,,,,,,,,,,,,
para1311,gug,gug_Latn,997,,,,Paraguayan Guaraní,Latn,Alphabet,1 byte,Tupian,Tupian > Eastern Tupian > Maweti-Guarani > Aweti-Guarani > Tupi-Guarani > Southern Tupi-Guarani > Tupi-Guarani Subgroup I > Tupi-Guarani Subgroup I.A > Paraguay-Brazil Guarani,Tupian,,,,,,,,,,,,,,,,,,,,,,,,,,,,,,,,,,,,,,,,,,,,,,,,
guja1252,guj,guj_Gujr,997,,20627706.0,20505300.0,Gujarati,Gujr,Abugida,3 bytes,Indo-European,Indo-European > Classical Indo-European > Indo-Iranian > Indo-Aryan > Middle-Modern Indo-Aryan > Continental Indo-Aryan > Midlands Indo-Aryan > Apabhramsic > Gujarati-Rajasthani > Gujaratic,Indo-European > Indo-Iranian > Indo-Aryan > Middle-Modern Indo-Aryan > Continental Indo-Aryan > Midlands Indo-Aryan > Apabhramsic,,,,,,,,,,,,,,,,,,,,,,,,,,,,,,,,,,,,,,,,,,,,,,,,
hait1244,hat,hat_Latn,997,,3318663.0,3308474.0,Haitian Creole,Latn,Alphabet,1 byte,Indo-European,Indo-European > Classical Indo-European > Italic > Latino-Faliscan > Latinic > Imperial Latin > Romance > Italo-Western Romance > Western Romance > Shifted Western Romance > Northwestern Shifted Romance > Gallo-Rhaetian > Oil > Central Oil > Macro-French > Circum-Caribbean French,Indo-European > Italic > Italo-Western Romance > Western Romance > Shifted Western Romance > Northwestern Shifted Romance > Gallo-Rhaetian > Circum-Caribbean French,,,,,,,,,,,,,,,,,,,,,,,,,,,,,,,,,,,,,,,,,,,,,,,,
haus1257,hau,hau_Latn,997,,4487502.0,4460085.0,Hausa,Latn,Alphabet,1 byte,Afro-Asiatic,Afro-Asiatic > Chadic > West Chadic > West Chadic A > West Chadic A.1,Afro-Asiatic > Chadic,,,,,,,,,,,,,,,,,,,,,,,,,,,,,,,,,,,,,,,,,,,,,,,,
hebr1245,heb,heb_Hebr,997,,461968429.0,458572341.0,Hebrew,Hebr,Abjad,2 bytes,Afro-Asiatic,Afro-Asiatic > Semitic > West Semitic > Central Semitic > Northwest Semitic > Canaanite > Hebrewic,Afro-Asiatic > Semitic > Central Semitic > Northwest Semitic,2.2854,76.5677,1.5315,2.3706,73.8175,1.6867,2.4646,71.002,1.8316,2.8512,61.3731,2.1574,3.0068,58.1986,1.4028,3.1402,55.7262,1.4977,3.3859,51.682,1.6395,4.0006,43.7402,1.8271,2.7659,63.2658,0.9367,2.9143,60.0441,0.9737,3.0825,56.7693,1.0364,3.4573,50.6138,1.1956,2.2774,76.8365,1.6683,2.3796,73.5366,1.7598,2.5601,68.3531,1.922,2.8609,61.1655,2.1676
hind1269,hin,hin_Deva,997,,297818592.0,296664138.0,Hindi,Deva,Abugida,3 bytes,Indo-European,Indo-European > Classical Indo-European > Indo-Iranian > Indo-Aryan > Middle-Modern Indo-Aryan > Continental Indo-Aryan > Midlands Indo-Aryan > Shaurasenic > Indo-Aryan Central zone > Western Hindi > Hindustani,Indo-European > Indo-Iranian > Indo-Aryan > Middle-Modern Indo-Aryan > Continental Indo-Aryan > Midlands Indo-Aryan > Shaurasenic > Indo-Aryan Central zone,,,,,,,,,,,,,,,,,,,,,,,,,,,,,,,,,,,,,,,,,,,,,,,,
chha1249,hne,hne_Deva,997,,,,Chhattisgarhi,Deva,Abugida,3 bytes,Indo-European,Indo-European > Classical Indo-European > Indo-Iranian > Indo-Aryan > Middle-Modern Indo-Aryan > Continental Indo-Aryan > Midlands Indo-Aryan > Shaurasenic > Eastern Hindi,Indo-European > Indo-Iranian > Indo-Aryan > Middle-Modern Indo-Aryan > Continental Indo-Aryan > Midlands Indo-Aryan > Shaurasenic > Eastern Hindi,,,,,,,,,,,,,,,,,,,,,,,,,,,,,,,,,,,,,,,,,,,,,,,,
croa1245,hrv,hrv_Latn,997,,398007249.0,395925092.0,Croatian,Latn,Alphabet,1 byte,Indo-European,Indo-European > Classical Indo-European > Balto-Slavic > Slavic > South Slavic > Western South Slavic > Serbian-Croatian-Bosnian > Shtokavski > New Shtokavian > Eastern Herzegovinian Shtokavian,Indo-European > Balto-Slavic > Slavic > South Slavic > Western South Slavic > Serbian-Croatian-Bosnian,2.3097,55.2076,1.1042,2.6888,47.4243,1.0837,3.1146,40.9398,1.0561,4.4751,28.4935,1.0016,3.074,41.4804,0.9999,3.4278,37.1996,0.9998,4.049,31.4925,0.999,5.3727,23.7332,0.9914,1.6755,76.1043,1.1267,1.8527,68.8245,1.1161,2.0963,60.8275,1.1105,2.7131,46.999,1.1102,2.58,49.4243,1.0731,2.861,44.5697,1.0666,3.4214,37.2688,1.0479,4.5026,28.32,1.0036
hung1274,hun,hun_Latn,997,,1075637261.0,1069342197.0,Hungarian,Latn,Alphabet,1 byte,Uralic,Uralic > Hungaric,Uralic > Hungaric,,,,,,,,,,,,,,,,,,,,,,,,,,,,,,,,,,,,,,,,,,,,,,,,
nucl1235,hye,hye_Armn,997,,65590629.0,65263010.0,Armenian,Armn,Alphabet,2 bytes,Indo-European,Indo-European > Classical Indo-European > Armenic > Eastern-Western Armenian,Indo-European > Armenic,,,,,,,,,,,,,,,,,,,,,,,,,,,,,,,,,,,,,,,,,,,,,,,,
nucl1417,ibo,ibo_Latn,997,,1053902.0,1050050.0,Igbo,Latn,Alphabet,1 byte,Atlantic-Congo,Atlantic-Congo > Volta-Congo > Benue-Congo > Igboid > Nuclear Igboid > Central-Northern Igbo,Atlantic-Congo > Volta-Congo > Benue-Congo > Igboid,,,,,,,,,,,,,,,,,,,,,,,,,,,,,,,,,,,,,,,,,,,,,,,,
ilok1237,ilo,ilo_Latn,997,,,,Ilocano,Latn,Alphabet,1 byte,Austronesian,Austronesian > Malayo-Polynesian > Northern Luzon,Austronesian > Northern Luzon,,,,,,,,,,,,,,,,,,,,,,,,,,,,,,,,,,,,,,,,,,,,,,,,
indo1316,ind,ind_Latn,997,,1734815027.0,1724070898.0,Indonesian,Latn,Alphabet,1 byte,Austronesian,Austronesian > Malayo-Polynesian > Malayo-Chamic > Malayic > Nuclear Malayic > Standard Malay-Indonesian,Austronesian > Malayo-Chamic > Malayic > Standard Malay-Indonesian,,,,,,,,,,,,,,,,,,,,,,,,,,,,,,,,,,,,,,,,,,,,,,,,
icel1247,isl,isl_Latn,997,,77405745.0,76854819.0,Icelandic,Latn,Alphabet,1 byte,Indo-European,Indo-European > Classical Indo-European > Germanic > Northwest Germanic > North Germanic > West Scandinavian > Icelandic-Faroese,Indo-European > Germanic > North Germanic > West Scandinavian > Icelandic-Faroese,,,,,,,,,,,,,,,,,,,,,,,,,,,,,,,,,,,,,,,,,,,,,,,,
ital1282,ita,ita_Latn,997,,4769480161.0,4737665600.0,Italian,Latn,Alphabet,1 byte,Indo-European,Indo-European > Classical Indo-European > Italic > Latino-Faliscan > Latinic > Imperial Latin > Romance > Italo-Western Romance > Italo-Dalmatian > Italian Romance > Central Italian Romance,Indo-European > Italic > Italo-Western Romance > Italo-Dalmatian > Italian Romance > Central Italian Romance,2.4694,60.1896,1.2039,2.9051,51.1635,1.1691,3.4145,43.5306,1.1229,5.1476,28.8746,1.015,3.0312,49.0341,1.1819,3.4008,43.7051,1.1746,4.029,36.8907,1.1703,5.3027,28.0301,1.1709,1.8853,78.8385,1.1672,2.1009,70.7482,1.1473,2.4151,61.5446,1.1236,3.2513,45.7151,1.0799,2.7578,53.8967,1.1702,3.091,48.0853,1.1507,3.8294,38.8134,1.0914,5.1896,28.6409,1.015
java1254,jav,jav_Latn,997,,4250233.0,4240636.0,Javanese,Latn,Alphabet,1 byte,Austronesian,Austronesian > Malayo-Polynesian > Javanesic > Modern Javanese > Global Javanese,Austronesian > Javanesic,,,,,,,,,,,,,,,,,,,,,,,,,,,,,,,,,,,,,,,,,,,,,,,,
nucl1643,jpn,jpn_Jpan,997,,9870174960.0,9822995554.0,Japanese,Jpan,Logosyllabary,3 bytes,Japonic,Japonic > Japanesic > Japan-Taiwan Japanese,Japonic,2.2601,71.0261,1.4206,2.5308,63.4293,1.4494,2.8639,56.0522,1.4459,4.4704,35.9097,1.2623,3.1048,51.7041,1.2463,3.442,46.6389,1.2534,4.1244,38.9218,1.2347,5.9993,26.7583,1.1177,2.3614,67.9799,1.0065,2.6184,61.3079,0.9942,2.9481,54.4524,0.9941,3.8741,41.4363,0.9788,2.3431,68.5125,1.4876,2.602,61.6951,1.4764,3.173,50.5918,1.4226,4.4634,35.9659,1.2745
kaby1243,kab,kab_Latn,997,,,,Kabyle,Latn,Alphabet,1 byte,Afro-Asiatic,Afro-Asiatic > Berber > Kabyle-Atlas Berber,Afro-Asiatic > Berber > Kabyle-Atlas Berber,,,,,,,,,,,,,,,,,,,,,,,,,,,,,,,,,,,,,,,,,,,,,,,,
kach1280,kac,kac_Latn,997,,,,Jingpho,Latn,Alphabet,1 byte,Sino-Tibetan,Sino-Tibetan > Brahmaputran > Jingpho-Luish > Jingpho,Sino-Tibetan > Brahmaputran > Jingpho-Luish,,,,,,,,,,,,,,,,,,,,,,,,,,,,,,,,,,,,,,,,,,,,,,,,
kamb1297,kam,kam_Latn,997,,,,Kamba,Latn,Alphabet,1 byte,Atlantic-Congo,Atlantic-Congo > Volta-Congo > Benue-Congo > Bantoid > Southern Bantoid > Narrow Bantu > East Bantu > Northeast Savanna Bantu > Central Kenya Bantu > Kamba-Dhaisu,Atlantic-Congo > Volta-Congo > Benue-Congo > Bantoid > East Bantu > Northeast Savanna Bantu > Central Kenya Bantu > Kamba-Dhaisu,,,,,,,,,,,,,,,,,,,,,,,,,,,,,,,,,,,,,,,,,,,,,,,,
nucl1305,kan,kan_Knda,997,,23282397.0,23203388.0,Kannada,Knda,Abugida,3 bytes,Dravidian,Dravidian > South Dravidian > South Dravidian I > Tamil-Kannada > Badaga-Kannada > Kannadoid > Nuclear Kannaoid,Dravidian > South Dravidian I > Badaga-Kannada,,,,,,,,,,,,,,,,,,,,,,,,,,,,,,,,,,,,,,,,,,,,,,,,
kash1277,kas,kas_Arab,997,,6537.0,6503.0,Kashmiri (Arabic script),Arab,Abjad,2 bytes,Indo-European,Indo-European > Classical Indo-European > Indo-Iranian > Indo-Aryan > Middle-Modern Indo-Aryan > Eastern Dardic > Kashmiric,Indo-European > Indo-Iranian > Indo-Aryan > Middle-Modern Indo-Aryan > Eastern Dardic > Kashmiric,,,,,,,,,,,,,,,,,,,,,,,,,,,,,,,,,,,,,,,,,,,,,,,,
kash1277,kas,kas_Deva,997,,6537.0,6503.0,Kashmiri (Devanagari script),Deva,Abugida,3 bytes,Indo-European,Indo-European > Classical Indo-European > Indo-Iranian > Indo-Aryan > Middle-Modern Indo-Aryan > Eastern Dardic > Kashmiric,Indo-European > Indo-Iranian > Indo-Aryan > Middle-Modern Indo-Aryan > Eastern Dardic > Kashmiric,,,,,,,,,,,,,,,,,,,,,,,,,,,,,,,,,,,,,,,,,,,,,,,,
nucl1302,kat,kat_Geor,997,,79782785.0,79423527.0,Georgian,Geor,Alphabet,2 bytes,Kartvelian,Kartvelian > Georgian-Zan > Georgic,Kartvelian,3.9449,94.7492,1.8951,4.0704,91.8295,2.0983,4.1818,89.3831,2.3058,5.5111,67.8225,2.3841,4.4543,83.9147,2.0227,4.8106,77.6991,2.0882,5.4301,68.8345,2.1837,6.774,55.1785,2.3049,6.0356,61.9288,0.9169,6.8262,54.7563,0.888,7.8194,47.8014,0.8727,9.8347,38.006,0.8978,3.5359,105.7101,2.2952,3.8403,97.33,2.3292,4.3894,85.1545,2.3944,5.4786,68.2257,2.4177
kaza1248,kaz,kaz_Cyrl,997,,49599181.0,49321690.0,Kazakh,Cyrl,Alphabet,2 bytes,Turkic,Turkic > Common Turkic > Kipchak-Turkestan > Kipchak > Southeast Kipchak > South Kipchak,Turkic > Common Turkic > Kipchak-Turkestan > Kipchak > Southeast Kipchak > South Kipchak,,,,,,,,,,,,,,,,,,,,,,,,,,,,,,,,,,,,,,,,,,,,,,,,
kabi1261,kbp,kbp_Latn,997,,,,Kabiyè,Latn,Alphabet,1 byte,Atlantic-Congo,Atlantic-Congo > Volta-Congo > North Volta-Congo > Gur > Central Gur > Southern Central Gur > Grusi > East-West Grusi > Eastern Grusi > Kabiyeic,Atlantic-Congo > Volta-Congo > North Volta-Congo > Gur > Southern Central Gur,,,,,,,,,,,,,,,,,,,,,,,,,,,,,,,,,,,,,,,,,,,,,,,,
kabu1256,kea,kea_Latn,997,,,,Kabuverdianu,Latn,Alphabet,1 byte,Indo-European,Indo-European > Classical Indo-European > Italic > Latino-Faliscan > Latinic > Imperial Latin > Romance > Italo-Western Romance > Western Romance > Shifted Western Romance > Southwestern Shifted Romance > West Ibero-Romance > Galician Romance > Macro-Portuguese > Upper Guinea Portuguese,Indo-European > Italic > Italo-Western Romance > Western Romance > Shifted Western Romance > Southwestern Shifted Romance > West Ibero-Romance > Galician Romance > Macro-Portuguese > Upper Guinea Portuguese,,,,,,,,,,,,,,,,,,,,,,,,,,,,,,,,,,,,,,,,,,,,,,,,
halh1238,khk,khk_Cyrl,997,,,,Halh Mongolian (Cyrillic script),Cyrl,Alphabet,2 bytes,Mongolic-Khitan,Mongolic-Khitan > Mongolic > Eastern Mongolic > Khalkha-Buriat > Mongolian,Mongolic-Khitan,,,,,,,,,,,,,,,,,,,,,,,,,,,,,,,,,,,,,,,,,,,,,,,,
cent1989,khm,khm_Khmr,997,,18592345.0,18501397.0,Khmer (Central),Khmr,Abugida,3 bytes,Austroasiatic,Austroasiatic > Khmeric,Austroasiatic > Khmeric,,,,,,,,,,,,,,,,,,,,,,,,,,,,,,,,,,,,,,,,,,,,,,,,
kiku1240,kik,kik_Latn,997,,,,Kikuyu,Latn,Alphabet,1 byte,Atlantic-Congo,Atlantic-Congo > Volta-Congo > Benue-Congo > Bantoid > Southern Bantoid > Narrow Bantu > East Bantu > Northeast Savanna Bantu > Central Kenya Bantu > Gikuyu-Temi,Atlantic-Congo > Volta-Congo > Benue-Congo > Bantoid > East Bantu > Northeast Savanna Bantu > Central Kenya Bantu > Gikuyu-Temi,,,,,,,,,,,,,,,,,,,,,,,,,,,,,,,,,,,,,,,,,,,,,,,,
kiny1244,kin,kin_Latn,997,,3922986.0,3902109.0,Kinyarwanda,Latn,Alphabet,1 byte,Atlantic-Congo,Atlantic-Congo > Volta-Congo > Benue-Congo > Bantoid > Southern Bantoid > Narrow Bantu > East Bantu > Northeast Savanna Bantu > Great Lakes Bantu > Western Lakes Bantu > Kivu > West Highlands Kivu,Atlantic-Congo > Volta-Congo > Benue-Congo > Bantoid > East Bantu > Northeast Savanna Bantu > Great Lakes Bantu > Western Lakes Bantu,,,,,,,,,,,,,,,,,,,,,,,,,,,,,,,,,,,,,,,,,,,,,,,,
kirg1245,kir,kir_Cyrl,997,,13210321.0,13166423.0,Kyrgyz,Cyrl,Alphabet,2 bytes,Turkic,Turkic > Common Turkic > Kipchak-Turkestan > Kipchak > Southeast Kipchak > East Kipchak,Turkic > Common Turkic > Kipchak-Turkestan > Kipchak > Southeast Kipchak > East Kipchak,,,,,,,,,,,,,,,,,,,,,,,,,,,,,,,,,,,,,,,,,,,,,,,,
khak1248,kjh,kjh_Cyrl,997,,,,Khakas,Cyrl,Alphabet,2 bytes,Turkic,Turkic > Common Turkic > South Siberian Turkic > Sayan-Yenisei Turkic > Yenisey Turkic,Turkic > Common Turkic > South Siberian Turkic > Yenisey Turkic,,,,,,,,,,,,,,,,,,,,,,,,,,,,,,,,,,,,,,,,,,,,,,,,
kimb1241,kmb,kmb_Latn,997,,,,Kimbundu,Latn,Alphabet,1 byte,Atlantic-Congo,Atlantic-Congo > Volta-Congo > Benue-Congo > Bantoid > Southern Bantoid > Narrow Bantu > Central-Western Bantu > Njila > Northern Njila > Mbundu (H.20),Atlantic-Congo > Volta-Congo > Benue-Congo > Bantoid > Central-Western Bantu > Njila > Northern Njila,,,,,,,,,,,,,,,,,,,,,,,,,,,,,,,,,,,,,,,,,,,,,,,,
nort2641,kmr,kmr_Latn,997,,12098280.0,12051123.0,Northern Kurdish,Latn,Alphabet,1 byte,Indo-European,Indo-European > Classical Indo-European > Indo-Iranian > Iranian-Nuristani > Iranian > Central Iranian PBS > Central Iranian PB > Northwestern Iranian > Laki-Kurdish > Kurdish,Indo-European > Indo-Iranian > Iranian-Nuristani > Central Iranian PBS,,,,,,,,,,,,,,,,,,,,,,,,,,,,,,,,,,,,,,,,,,,,,,,,
cent2050,knc,knc_Arab,997,,,,Central Kanuri (Arabic script),Arab,Abjad,2 bytes,Saharan,Saharan > Western Saharan > Kanuri-Kanembu > Kanuric > East Kanuri,Saharan,,,,,,,,,,,,,,,,,,,,,,,,,,,,,,,,,,,,,,,,,,,,,,,,
cent2050,knc,knc_Latn,997,,,,Central Kanuri (Latin script),Latn,Alphabet,1 byte,Saharan,Saharan > Western Saharan > Kanuri-Kanembu > Kanuric > East Kanuri,Saharan,,,,,,,,,,,,,,,,,,,,,,,,,,,,,,,,,,,,,,,,,,,,,,,,
kore1280,kor,kor_Hang,997,,1405630472.0,1399528315.0,Korean,Hang,Syllabary,3 bytes,Koreanic,Koreanic,Koreanic,2.0519,73.7723,1.4756,2.3787,63.6369,1.4541,2.7632,54.7813,1.4132,4.4426,34.0732,1.1977,3.324,45.5386,1.0977,3.8383,39.4373,1.0599,4.7253,32.0341,1.0162,6.3339,23.8987,0.9983,2.0001,75.6841,1.1205,2.3788,63.6339,1.032,2.9901,50.6239,0.9242,4.4777,33.8054,0.7986,2.2823,66.323,1.44,2.5329,59.7613,1.4302,3.0722,49.2708,1.3854,4.5091,33.5707,1.1897
kitu1246,ktu,ktu_Latn,997,,,,Kituba (DRC),Latn,Alphabet,1 byte,Atlantic-Congo,Atlantic-Congo > Volta-Congo > Benue-Congo > Bantoid > Southern Bantoid > Narrow Bantu > Central-Western Bantu > West-Coastal Bantu > Nzadic > Lweric > Dingic > Loange-Atlantic > KLC Extended > Kikongo Language Cluster > Nuclear KLC > Kikongoic > Kambakunyic Kikongo > Kilaadic Kikongo > Central-Southern Kikongo > Southeastern Kikongo > Southern Kikongo > Koongo-Kituba,Atlantic-Congo > Volta-Congo > Benue-Congo > Bantoid > Central-Western Bantu > West-Coastal Bantu,,,,,,,,,,,,,,,,,,,,,,,,,,,,,,,,,,,,,,,,,,,,,,,,
laoo1244,lao,lao_Laoo,997,,6916724.0,6876348.0,Lao,Laoo,Abugida,3 bytes,Tai-Kadai,Tai-Kadai > Kam-Tai > Daic-Beic > Daic > Central-Southwestern Tai > Wenma-Southwestern Tai > Sapa-Southwestern Tai > Southwestern Tai > Southwestern Thai PH > Lao-Thai,Tai-Kadai > Southwestern Thai PH,,,,,,,,,,,,,,,,,,,,,,,,,,,,,,,,,,,,,,,,,,,,,,,,
geno1240,lij,lij_Latn,997,,,,Ligurian (Genoese),Latn,Alphabet,1 byte,Indo-European,Indo-European > Classical Indo-European > Italic > Latino-Faliscan > Latinic > Imperial Latin > Romance > Italo-Western Romance > Western Romance > Shifted Western Romance > Northwestern Shifted Romance > Gallo-Italian > Ligurian,Indo-European > Italic > Italo-Western Romance > Western Romance > Shifted Western Romance > Northwestern Shifted Romance > Gallo-Italian > Ligurian,,,,,,,,,,,,,,,,,,,,,,,,,,,,,,,,,,,,,,,,,,,,,,,,
limb1263,lim,lim_Latn,997,,,,Limburgish,Latn,Alphabet,1 byte,Indo-European,Indo-European > Classical Indo-European > Germanic > Northwest Germanic > West Germanic > High German > Middle German > West Middle German > Middle Franconian > Ripuarian,Indo-European > Germanic > West Germanic > High German > Middle German > West Middle German > Ripuarian,,,,,,,,,,,,,,,,,,,,,,,,,,,,,,,,,,,,,,,,,,,,,,,,
ling1263,lin,lin_Latn,997,,501902.0,498891.0,Lingala,Latn,Alphabet,1 byte,Atlantic-Congo,Atlantic-Congo > Volta-Congo > Benue-Congo > Bantoid > Southern Bantoid > Narrow Bantu > Central-Western Bantu > North Zaire River > Rivers Bantu > Ngiri > Ngiri Riverain Ubangi > Ngiri Riverain Ubangi-Ripuaire > Bobangic > Bobangic Riverain > Bobangi-Bangala-Lingala > Lingala-Bangala,Atlantic-Congo > Volta-Congo > Benue-Congo > Bantoid > Central-Western Bantu > North Zaire River,,,,,,,,,,,,,,,,,,,,,,,,,,,,,,,,,,,,,,,,,,,,,,,,
lith1251,lit,lit_Latn,997,,340817538.0,338435623.0,Lithuanian,Latn,Alphabet,1 byte,Indo-European,Indo-European > Classical Indo-European > Balto-Slavic > Eastern Baltic,Indo-European > Balto-Slavic > Eastern Baltic,,,,,,,,,,,,,,,,,,,,,,,,,,,,,,,,,,,,,,,,,,,,,,,,
ladi1250,lld,lld_Latn,997,,,,Ladin (Val Badia),Latn,Alphabet,1 byte,Indo-European,Indo-European > Classical Indo-European > Italic > Latino-Faliscan > Latinic > Imperial Latin > Romance > Italo-Western Romance > Italo-Dalmatian > Italian Romance,Indo-European > Italic > Italo-Western Romance > Italo-Dalmatian > Italian Romance,,,,,,,,,,,,,,,,,,,,,,,,,,,,,,,,,,,,,,,,,,,,,,,,
gard1241,lld,lld_Latn_gard1241,997,,,,Ladin (Gherdëina),Latn,Alphabet,1 byte,Indo-European,Indo-European > Classical Indo-European > Italic > Latino-Faliscan > Latinic > Imperial Latin > Romance > Italo-Western Romance > Italo-Dalmatian > Italian Romance > Ladin,Indo-European > Italic > Italo-Western Romance > Italo-Dalmatian > Italian Romance > Ladin,,,,,,,,,,,,,,,,,,,,,,,,,,,,,,,,,,,,,,,,,,,,,,,,
lomb1257,lmo,lmo_Latn,997,[1],,,Lombard,Latn,Alphabet,1 byte,Indo-European,Indo-European > Classical Indo-European > Italic > Latino-Faliscan > Latinic > Imperial Latin > Romance > Italo-Western Romance > Western Romance > Shifted Western Romance > Northwestern Shifted Romance > Gallo-Italian > Piemontese-Lombard,Indo-European > Italic > Italo-Western Romance > Western Romance > Shifted Western Romance > Northwestern Shifted Romance > Gallo-Italian > Piemontese-Lombard,,,,,,,,,,,,,,,,,,,,,,,,,,,,,,,,,,,,,,,,,,,,,,,,
east2282,ltg,ltg_Latn,997,,,,Latgalian,Latn,Alphabet,1 byte,Indo-European,Indo-European > Classical Indo-European > Balto-Slavic > Eastern Baltic > Latvian,Indo-European > Balto-Slavic > Eastern Baltic > Latvian,,,,,,,,,,,,,,,,,,,,,,,,,,,,,,,,,,,,,,,,,,,,,,,,
luxe1241,ltz,ltz_Latn,997,,7189640.0,7155303.0,Luxembourgish,Latn,Alphabet,1 byte,Indo-European,Indo-European > Classical Indo-European > Germanic > Northwest Germanic > West Germanic > High German > Middle German > West Middle German > Middle Franconian,Indo-European > Germanic > West Germanic > High German > Middle German > West Middle German,,,,,,,,,,,,,,,,,,,,,,,,,,,,,,,,,,,,,,,,,,,,,,,,
luba1249,lua,lua_Latn,997,,,,Luba-Kasai,Latn,Alphabet,1 byte,Atlantic-Congo,Atlantic-Congo > Volta-Congo > Benue-Congo > Bantoid > Southern Bantoid > Narrow Bantu > Central-Western Bantu > Luban > Luba-Kaonde > Lubaic > Bangubangu-Kasai,Atlantic-Congo > Volta-Congo > Benue-Congo > Bantoid > Central-Western Bantu > Luban,,,,,,,,,,,,,,,,,,,,,,,,,,,,,,,,,,,,,,,,,,,,,,,,
gand1255,lug,lug_Latn,997,,370540.0,368633.0,Ganda,Latn,Alphabet,1 byte,Atlantic-Congo,Atlantic-Congo > Volta-Congo > Benue-Congo > Bantoid > Southern Bantoid > Narrow Bantu > East Bantu > Northeast Savanna Bantu > Great Lakes Bantu > West Nyanza > North Nyanza,Atlantic-Congo > Volta-Congo > Benue-Congo > Bantoid > East Bantu > Northeast Savanna Bantu > Great Lakes Bantu > West Nyanza,,,,,,,,,,,,,,,,,,,,,,,,,,,,,,,,,,,,,,,,,,,,,,,,
luok1236,luo,luo_Latn,997,,,,Luo,Latn,Alphabet,1 byte,Nilotic,Nilotic > Western Nilotic > Lwoo > Southern Lwoo > Adhola-Alur-Luo > Adhola-Luo,Nilotic > Lwoo,,,,,,,,,,,,,,,,,,,,,,,,,,,,,,,,,,,,,,,,,,,,,,,,
lush1249,lus,lus_Latn,997,,,,Mizo,Latn,Alphabet,1 byte,Sino-Tibetan,Sino-Tibetan > Kuki-Chin-Naga > Kuki-Chin > Central Kuki-Chin > Core Central Kuki-Chin > Mizoic,Sino-Tibetan > Kuki-Chin-Naga > Kuki-Chin,,,,,,,,,,,,,,,,,,,,,,,,,,,,,,,,,,,,,,,,,,,,,,,,
stan1325,lvs,lvs_Latn,997,,187747266.0,186329970.0,Standard Latvian,Latn,Alphabet,1 byte,Indo-European,Indo-European > Classical Indo-European > Balto-Slavic > Eastern Baltic > Latvian > Low Latvian,Indo-European > Balto-Slavic > Eastern Baltic > Latvian > Low Latvian,,,,,,,,,,,,,,,,,,,,,,,,,,,,,,,,,,,,,,,,,,,,,,,,
maga1260,mag,mag_Deva,997,,,,Magahi,Deva,Abugida,3 bytes,Indo-European,Indo-European > Classical Indo-European > Indo-Iranian > Indo-Aryan > Middle-Modern Indo-Aryan > Continental Indo-Aryan > Midlands Indo-Aryan > Shaurasenic > Bihari > Magadhan,Indo-European > Indo-Iranian > Indo-Aryan > Middle-Modern Indo-Aryan > Continental Indo-Aryan > Midlands Indo-Aryan > Shaurasenic > Bihari,,,,,,,,,,,,,,,,,,,,,,,,,,,,,,,,,,,,,,,,,,,,,,,,
mait1250,mai,mai_Deva,997,,,,Maithili,Deva,Abugida,3 bytes,Indo-European,Indo-European > Classical Indo-European > Indo-Iranian > Indo-Aryan > Middle-Modern Indo-Aryan > Continental Indo-Aryan > Midlands Indo-Aryan > Shaurasenic > Bihari > Magadhan,Indo-European > Indo-Iranian > Indo-Aryan > Middle-Modern Indo-Aryan > Continental Indo-Aryan > Midlands Indo-Aryan > Shaurasenic > Bihari,,,,,,,,,,,,,,,,,,,,,,,,,,,,,,,,,,,,,,,,,,,,,,,,
mala1464,mal,mal_Mlym,997,,42323749.0,42163531.0,Malayalam,Mlym,Abugida,3 bytes,Dravidian,Dravidian > South Dravidian > South Dravidian I > Tamil-Kannada > Tamil-Kota > Tamil-Toda > Tamil-Irula > Tamil-Kodagu > Tamil-Malayalam > Malayalamoid,Dravidian > South Dravidian I > Tamil-Kota > Malayalamoid,,,,,,,,,,,,,,,,,,,,,,,,,,,,,,,,,,,,,,,,,,,,,,,,
mara1378,mar,mar_Deva,997,,39315064.0,39068391.0,Marathi,Deva,Abugida,3 bytes,Indo-European,Indo-European > Classical Indo-European > Indo-Iranian > Indo-Aryan > Middle-Modern Indo-Aryan > Continental Indo-Aryan > Indo-Aryan Southern zone > Marathic > Marathi-Konkani > Old-Modern Marathi > Modern Marathi,Indo-European > Indo-Iranian > Indo-Aryan > Middle-Modern Indo-Aryan > Continental Indo-Aryan > Indo-Aryan Southern zone > Old-Modern Marathi,,,,,,,,,,,,,,,,,,,,,,,,,,,,,,,,,,,,,,,,,,,,,,,,
mori1278,mfe,mfe_Latn,997,,234376.0,233209.0,Mauritian Creole,Latn,Alphabet,1 byte,Indo-European,Indo-European > Classical Indo-European > Italic > Latino-Faliscan > Latinic > Imperial Latin > Romance > Italo-Western Romance > Western Romance > Shifted Western Romance > Northwestern Shifted Romance > Gallo-Rhaetian > Oil > Central Oil > Macro-French > Isle-de-France Creole,Indo-European > Italic > Italo-Western Romance > Western Romance > Shifted Western Romance > Northwestern Shifted Romance > Gallo-Rhaetian > Isle-de-France Creole,,,,,,,,,,,,,,,,,,,,,,,,,,,,,,,,,,,,,,,,,,,,,,,,
gras1239,mhr,mhr_Cyrl,997,,,,Meadow Mari,Cyrl,Alphabet,2 bytes,Uralic,Uralic > Mari > Eastern Mari,Uralic > Mari,,,,,,,,,,,,,,,,,,,,,,,,,,,,,,,,,,,,,,,,,,,,,,,,
mina1268,min,min_Arab,997,,,,Minangkabau (Jawi script),Arab,Abjad,2 bytes,Austronesian,Austronesian > Malayo-Polynesian > Malayo-Chamic > Malayic > Nuclear Malayic > Northern Sumatra Malay > Kerinci-Minangkabau > Minangkabauic,Austronesian > Malayo-Chamic > Malayic > Northern Sumatra Malay,,,,,,,,,,,,,,,,,,,,,,,,,,,,,,,,,,,,,,,,,,,,,,,,
mina1268,min,min_Latn,997,,,,Minangkabau (Latin script),Latn,Alphabet,1 byte,Austronesian,Austronesian > Malayo-Polynesian > Malayo-Chamic > Malayic > Nuclear Malayic > Northern Sumatra Malay > Kerinci-Minangkabau > Minangkabauic,Austronesian > Malayo-Chamic > Malayic > Northern Sumatra Malay,,,,,,,,,,,,,,,,,,,,,,,,,,,,,,,,,,,,,,,,,,,,,,,,
mace1250,mkd,mkd_Cyrl,997,,60622784.0,60352079.0,Macedonian,Cyrl,Alphabet,2 bytes,Indo-European,Indo-European > Classical Indo-European > Balto-Slavic > Slavic > South Slavic > Eastern South Slavic > Macedo-Bulgarian,Indo-European > Balto-Slavic > Slavic > South Slavic > Eastern South Slavic,,,,,,,,,,,,,,,,,,,,,,,,,,,,,,,,,,,,,,,,,,,,,,,,
malt1254,mlt,mlt_Latn,997,,6964896.0,6886190.0,Maltese,Latn,Alphabet,1 byte,Afro-Asiatic,Afro-Asiatic > Semitic > West Semitic > Central Semitic > Arabian > Arabic > North African Arabic > Western Middle Arabic > Maghrebi > Malta-Tunisian Arabic,Afro-Asiatic > Semitic > Central Semitic > Arabian > North African Arabic > Malta-Tunisian Arabic,,,,,,,,,,,,,,,,,,,,,,,,,,,,,,,,,,,,,,,,,,,,,,,,
mani1292,mni,mni_Beng,997,,,,"Meitei (Manipuri, Bengali script)",Beng,Abugida,3 bytes,Sino-Tibetan,Sino-Tibetan > Kuki-Chin-Naga,Sino-Tibetan > Kuki-Chin-Naga,,,,,,,,,,,,,,,,,,,,,,,,,,,,,,,,,,,,,,,,,,,,,,,,
mani1292,mni,mni_Mtei,997,dev only,,,"Meitei (Manipuri, Meitei script)",Mtei,Abugida,3 bytes,Sino-Tibetan,Sino-Tibetan > Kuki-Chin-Naga,Sino-Tibetan > Kuki-Chin-Naga,,,,,,,,,,,,,,,,,,,,,,,,,,,,,,,,,,,,,,,,,,,,,,,,
moss1236,mos,mos_Latn,997,,,,Mossi,Latn,Alphabet,1 byte,Atlantic-Congo,Atlantic-Congo > Volta-Congo > North Volta-Congo > Gur > Central Gur > Northern Central Gur > Bwamu-Oti-Volta > Oti-Volta > Nuclear Oti-Volta > Gurma-Yom-Oti-Volta Occidental > Oti-Volta Occidental > Nuclear Oti-Volta Occidental > Northwest Oti-Volta > Mossi-Farefare > Mossic,Atlantic-Congo > Volta-Congo > North Volta-Congo > Gur > Northern Central Gur,,,,,,,,,,,,,,,,,,,,,,,,,,,,,,,,,,,,,,,,,,,,,,,,
maor1246,mri,mri_Latn,997,,2267801.0,2252745.0,Maori,Latn,Alphabet,1 byte,Austronesian,Austronesian > Malayo-Polynesian > Eastern Malayo-Polynesian > Oceanic > Central Pacific linkage > Tokalau Fijian > Polynesian > Nuclear Polynesian > Northern Outlier Polynesian-East Polynesian > Solomons Northern Outlier Polynesian-East Polynesian > Central Northern Outlier Polynesian-East Polynesian > East Polynesian > East Polynesian Proximal > Southern East Polynesian Proximal > Maoric,Austronesian > Eastern Malayo-Polynesian > Polynesian > Northern Outlier Polynesian-East Polynesian,,,,,,,,,,,,,,,,,,,,,,,,,,,,,,,,,,,,,,,,,,,,,,,,
nucl1310,mya,mya_Mymr,997,,23624930.0,23532659.0,Burmese,Mymr,Abugida,3 bytes,Sino-Tibetan,Sino-Tibetan > Burmo-Qiangic > Lolo-Burmese > Burmish > Southern Burmish > Mranmaic > Nuclear Mranmaic,Sino-Tibetan > Burmo-Qiangic,,,,,,,,,,,,,,,,,,,,,,,,,,,,,,,,,,,,,,,,,,,,,,,,
erzy1239,myv,myv_Cyrl,997,,,,Erzya,Cyrl,Alphabet,2 bytes,Uralic,Uralic > Mordvin,Uralic > Mordvin,,,,,,,,,,,,,,,,,,,,,,,,,,,,,,,,,,,,,,,,,,,,,,,,
dutc1256,nld,nld_Latn,997,,3610577463.0,3581120841.0,Dutch,Latn,Alphabet,1 byte,Indo-European,Indo-European > Classical Indo-European > Germanic > Northwest Germanic > West Germanic > Macro-Dutch > Middle-Modern Dutch > Modern Dutch > Global Dutch,Indo-European > Germanic > West Germanic > Macro-Dutch,,,,,,,,,,,,,,,,,,,,,,,,,,,,,,,,,,,,,,,,,,,,,,,,
norw1262,nno,nno_Latn,997,,32531797.0,32290890.0,Norwegian Nynorsk,Latn,Alphabet,1 byte,Indo-European,Indo-European > Classical Indo-European > Germanic > Northwest Germanic > North Germanic > West Scandinavian > Norwegian,Indo-European > Germanic > North Germanic > West Scandinavian > Norwegian,,,,,,,,,,,,,,,,,,,,,,,,,,,,,,,,,,,,,,,,,,,,,,,,
norw1259,nob,nob_Latn,997,,649813400.0,644493173.0,"Norwegian Bokmål, moderate variety",Latn,Alphabet,1 byte,Indo-European,Indo-European > Classical Indo-European > Germanic > Northwest Germanic > North Germanic > West Scandinavian > Norwegian,Indo-European > Germanic > North Germanic > West Scandinavian > Norwegian,,,,,,,,,,,,,,,,,,,,,,,,,,,,,,,,,,,,,,,,,,,,,,,,
norw1259 (with variant=radical),nob,nob_Latn_radical,997,,649813400.0,644493173.0,"Norwegian Bokmål, radical variety",Latn,Alphabet,1 byte,Indo-European,Indo-European > Classical Indo-European > Germanic > Northwest Germanic > North Germanic > West Scandinavian > Norwegian,Indo-European > Germanic > North Germanic > West Scandinavian > Norwegian,,,,,,,,,,,,,,,,,,,,,,,,,,,,,,,,,,,,,,,,,,,,,,,,
nepa1254,npi,npi_Deva,997,,,,Nepali,Deva,Abugida,3 bytes,Indo-European,Indo-European > Classical Indo-European > Indo-Iranian > Indo-Aryan > Middle-Modern Indo-Aryan > Continental Indo-Aryan > Midlands Indo-Aryan > Indo-Aryan Northern zone > Eastern Pahari,Indo-European > Indo-Iranian > Indo-Aryan > Middle-Modern Indo-Aryan > Continental Indo-Aryan > Midlands Indo-Aryan > Indo-Aryan Northern zone,,,,,,,,,,,,,,,,,,,,,,,,,,,,,,,,,,,,,,,,,,,,,,,,
nkoa1234,nqo,nqo_Nkoo,997,,,,Nko,Nkoo,Alphabet,2 bytes,Artificial Language,Artificial Language,Artificial Language,,,,,,,,,,,,,,,,,,,,,,,,,,,,,,,,,,,,,,,,,,,,,,,,
pedi1238,nso,nso_Latn,997,,206600.0,205851.0,Northern Sotho,Latn,Alphabet,1 byte,Atlantic-Congo,Atlantic-Congo > Volta-Congo > Benue-Congo > Bantoid > Southern Bantoid > Narrow Bantu > East Bantu > Southern Bantu > Nuclear Southern Bantu > Dimsuffix Southern Bantu > Sotho-Tswana (S.30) > Northern Sotho > Sepedic,Atlantic-Congo > Volta-Congo > Benue-Congo > Bantoid > East Bantu > Southern Bantu > Nuclear Southern Bantu > Sotho-Tswana (S.30) > Northern Sotho,,,,,,,,,,,,,,,,,,,,,,,,,,,,,,,,,,,,,,,,,,,,,,,,
nuer1246,nus,nus_Latn,997,,,,Nuer,Latn,Alphabet,1 byte,Nilotic,Nilotic > Western Nilotic > Dinka-Nuer > Nuer-Reel,Nilotic > Dinka-Nuer > Nuer-Reel,,,,,,,,,,,,,,,,,,,,,,,,,,,,,,,,,,,,,,,,,,,,,,,,
nyan1308,nya,nya_Latn,997,,928706.0,925245.0,Nyanja,Latn,Alphabet,1 byte,Atlantic-Congo,Atlantic-Congo > Volta-Congo > Benue-Congo > Bantoid > Southern Bantoid > Narrow Bantu > East Bantu > Tumbuka-Sena-Nyanja > Sena-Nyanja > Nyanjaic,Atlantic-Congo > Volta-Congo > Benue-Congo > Bantoid > East Bantu > Tumbuka-Sena-Nyanja > Sena-Nyanja,2.4073,59.0712,1.1815,2.7234,52.2146,1.1931,3.0793,46.1805,1.1913,4.7647,29.8455,1.0491,2.943,48.32,1.1647,3.2133,44.2548,1.1894,3.7475,37.9458,1.2038,5.1777,27.4644,1.1472,2.1712,65.4955,0.9697,2.4077,59.0622,0.9578,2.6872,52.9198,0.9661,3.2955,43.1515,1.0193,2.5582,55.5868,1.2069,2.8233,50.3681,1.2054,3.4099,41.7031,1.1726,4.8255,29.4694,1.0443
occi1239,oci,oci_Latn,997,,6366886.0,6339942.0,Occitan,Latn,Alphabet,1 byte,Indo-European,Indo-European > Classical Indo-European > Italic > Latino-Faliscan > Latinic > Imperial Latin > Romance > Italo-Western Romance > Western Romance > Shifted Western Romance > Southwestern Shifted Romance > Occitanic,Indo-European > Italic > Italo-Western Romance > Western Romance > Shifted Western Romance > Southwestern Shifted Romance > Occitanic,,,,,,,,,,,,,,,,,,,,,,,,,,,,,,,,,,,,,,,,,,,,,,,,
aran1260,oci,oci_Latn_aran1260,997,,6366886.0,6339942.0,Aranese,Latn,Alphabet,1 byte,Indo-European,Indo-European > Classical Indo-European > Italic > Latino-Faliscan > Latinic > Imperial Latin > Romance > Italo-Western Romance > Western Romance > Shifted Western Romance > Southwestern Shifted Romance > Occitanic > Occitan > Gascon,Indo-European > Italic > Italo-Western Romance > Western Romance > Shifted Western Romance > Southwestern Shifted Romance > Occitanic > Occitan,,,,,,,,,,,,,,,,,,,,,,,,,,,,,,,,,,,,,,,,,,,,,,,,
oriy1255,ory,ory_Orya,997,,8341478.0,8321756.0,Odia,Orya,Abugida,3 bytes,Indo-European,Indo-European > Classical Indo-European > Indo-Iranian > Indo-Aryan > Middle-Modern Indo-Aryan > Continental Indo-Aryan > Indo-Aryan Eastern zone > Oriya-Gauda-Kamrupa > Macro-Oriya,Indo-European > Indo-Iranian > Indo-Aryan > Middle-Modern Indo-Aryan > Continental Indo-Aryan > Indo-Aryan Eastern zone > Macro-Oriya,,,,,,,,,,,,,,,,,,,,,,,,,,,,,,,,,,,,,,,,,,,,,,,,
pang1290,pag,pag_Latn,997,,,,Pangasinan,Latn,Alphabet,1 byte,Austronesian,Austronesian > Malayo-Polynesian > Northern Luzon > Meso-Cordilleran > South-Central Cordilleran > Southern Cordilleran > West Southern Cordilleran,Austronesian > Northern Luzon > Meso-Cordilleran,,,,,,,,,,,,,,,,,,,,,,,,,,,,,,,,,,,,,,,,,,,,,,,,
panj1256,pan,pan_Guru,997,,11640973.0,11593313.0,Eastern Panjabi,Guru,Abugida,3 bytes,Indo-European,Indo-European > Classical Indo-European > Indo-Iranian > Indo-Aryan > Middle-Modern Indo-Aryan > Continental Indo-Aryan > Indo-Aryan Northwestern zone > Sindhi-Lahnda > Greater Panjabic > Eastern Panjabic,Indo-European > Indo-Iranian > Indo-Aryan > Middle-Modern Indo-Aryan > Continental Indo-Aryan > Indo-Aryan Northwestern zone > Greater Panjabic,,,,,,,,,,,,,,,,,,,,,,,,,,,,,,,,,,,,,,,,,,,,,,,,
papi1253,pap,pap_Latn,997,,,,Papiamento,Latn,Alphabet,1 byte,Indo-European,Indo-European > Classical Indo-European > Italic > Latino-Faliscan > Latinic > Imperial Latin > Romance > Italo-Western Romance > Western Romance > Shifted Western Romance > Southwestern Shifted Romance > West Ibero-Romance > Galician Romance > Macro-Portuguese > Upper Guinea Portuguese,Indo-European > Italic > Italo-Western Romance > Western Romance > Shifted Western Romance > Southwestern Shifted Romance > West Ibero-Romance > Galician Romance > Macro-Portuguese > Upper Guinea Portuguese,,,,,,,,,,,,,,,,,,,,,,,,,,,,,,,,,,,,,,,,,,,,,,,,
sout2649,pbt,pbt_Arab,997,,6367306.0,6336284.0,Southern Pashto,Arab,Abjad,2 bytes,Indo-European,Indo-European > Classical Indo-European > Indo-Iranian > Iranian-Nuristani > Iranian > Pashto > Nuclear Pashto,Indo-European > Indo-Iranian > Iranian-Nuristani > Pashto,,,,,,,,,,,,,,,,,,,,,,,,,,,,,,,,,,,,,,,,,,,,,,,,
west2369,pes,pes_Arab,997,,1271707294.0,1264171685.0,Western Persian,Arab,Abjad,2 bytes,Indo-European,Indo-European > Classical Indo-European > Indo-Iranian > Iranian-Nuristani > Iranian > Southwestern Iranian > Middle-Modern Persian > Modern Southwestern Iranian > Farsic-Caucasian Tat > Farsic,Indo-European > Indo-Iranian > Iranian-Nuristani > Southwestern Iranian,,,,,,,,,,,,,,,,,,,,,,,,,,,,,,,,,,,,,,,,,,,,,,,,
plat1254,plt,plt_Latn,997,,6431320.0,6401178.0,Plateau Malagasy,Latn,Alphabet,1 byte,Austronesian,Austronesian > Malayo-Polynesian > Basap-Greater Barito > Greater Barito linkage > Southeast Barito > Malagasic > North-Central Malagasic > Central-Eastern Malagasic,Austronesian > Basap-Greater Barito,,,,,,,,,,,,,,,,,,,,,,,,,,,,,,,,,,,,,,,,,,,,,,,,
poli1260,pol,pol_Latn,997,,3430605391.0,3408199823.0,Polish,Latn,Alphabet,1 byte,Indo-European,Indo-European > Classical Indo-European > Balto-Slavic > Slavic > West Slavic > Lechitic > Polish-Silesian,Indo-European > Balto-Slavic > Slavic > West Slavic > Lechitic,,,,,,,,,,,,,,,,,,,,,,,,,,,,,,,,,,,,,,,,,,,,,,,,
braz1246,por,por_Latn,997,,4099018104.0,4074503096.0,Portuguese (Brazilian),Latn,Alphabet,1 byte,Indo-European,Indo-European > Classical Indo-European > Italic > Latino-Faliscan > Latinic > Imperial Latin > Romance > Italo-Western Romance > Western Romance > Shifted Western Romance > Southwestern Shifted Romance > West Ibero-Romance > Galician Romance > Macro-Portuguese > Brazil-Portugal Portuguese > Portuguese,Indo-European > Italic > Italo-Western Romance > Western Romance > Shifted Western Romance > Southwestern Shifted Romance > West Ibero-Romance > Galician Romance > Macro-Portuguese > Brazil-Portugal Portuguese,,,,,,,,,,,,,,,,,,,,,,,,,,,,,,,,,,,,,,,,,,,,,,,,
dari1249,prs,prs_Arab,997,,,,Dari,Arab,Abjad,2 bytes,Indo-European,Indo-European > Classical Indo-European > Indo-Iranian > Iranian-Nuristani > Iranian > Southwestern Iranian > Middle-Modern Persian > Modern Southwestern Iranian > Farsic-Caucasian Tat > Farsic > Eastern Farsic,Indo-European > Indo-Iranian > Iranian-Nuristani > Southwestern Iranian > Eastern Farsic,,,,,,,,,,,,,,,,,,,,,,,,,,,,,,,,,,,,,,,,,,,,,,,,
ayac1239,quy,quy_Latn,997,,,,Ayacucho Quechua,Latn,Alphabet,1 byte,Quechuan,Quechuan > Southern Quechua > Ayacuchan Quechua,Quechuan,,,,,,,,,,,,,,,,,,,,,,,,,,,,,,,,,,,,,,,,,,,,,,,,
roma1327,ron,ron_Latn,997,,1125558850.0,1119333515.0,Romanian,Latn,Alphabet,1 byte,Indo-European,Indo-European > Classical Indo-European > Italic > Latino-Faliscan > Latinic > Imperial Latin > Romance > Eastern Romance > Northern Romanian > Eastern Romanian,Indo-European > Italic > Eastern Romance,2.6054,57.321,1.1465,2.9901,49.9458,1.1413,3.4019,43.8997,1.1324,4.8459,30.8185,1.0833,2.9413,50.7743,1.2239,3.3039,45.2026,1.2148,3.9904,37.4263,1.1873,5.2495,28.4493,1.1884,1.9858,75.2076,1.1135,2.1816,68.4554,1.1102,2.4414,61.1705,1.1168,3.1834,46.9137,1.1082,2.7916,53.4975,1.1615,3.11,48.0201,1.1492,3.738,39.9529,1.1234,4.8878,30.5547,1.0828
rund1242,run,run_Latn,997,,172804.0,171267.0,Rundi,Latn,Alphabet,1 byte,Atlantic-Congo,Atlantic-Congo > Volta-Congo > Benue-Congo > Bantoid > Southern Bantoid > Narrow Bantu > East Bantu > Northeast Savanna Bantu > Great Lakes Bantu > Western Lakes Bantu > Kivu > West Highlands Kivu > Rundic,Atlantic-Congo > Volta-Congo > Benue-Congo > Bantoid > East Bantu > Northeast Savanna Bantu > Great Lakes Bantu > Western Lakes Bantu > Rundic,,,,,,,,,,,,,,,,,,,,,,,,,,,,,,,,,,,,,,,,,,,,,,,,
russ1263,rus,rus_Cyrl,997,,13473783858.0,13397737772.0,Russian,Cyrl,Alphabet,2 bytes,Indo-European,Indo-European > Classical Indo-European > Balto-Slavic > Slavic > East Slavic,Indo-European > Balto-Slavic > Slavic > East Slavic,,,,,,,,,,,,,,,,,,,,,,,,,,,,,,,,,,,,,,,,,,,,,,,,
sang1328,sag,sag_Latn,997,,363372.0,363127.0,Sango,Latn,Alphabet,1 byte,Atlantic-Congo,Atlantic-Congo > Volta-Congo > North Volta-Congo > Cameroun-Ubangian > Ubangi > Ngbandi-Mongoba-Kazibati > Ngbandic > Nuclear Ngbandic > Sangoic,Atlantic-Congo > Volta-Congo > North Volta-Congo > Cameroun-Ubangian,,,,,,,,,,,,,,,,,,,,,,,,,,,,,,,,,,,,,,,,,,,,,,,,
sans1269,san,san_Deva,997,,5674920.0,5648368.0,Sanskrit,Deva,Abugida,3 bytes,Indo-European,Indo-European > Classical Indo-European > Indo-Iranian > Indo-Aryan,Indo-European > Indo-Iranian > Indo-Aryan,,,,,,,,,,,,,,,,,,,,,,,,,,,,,,,,,,,,,,,,,,,,,,,,
sant1410,sat,sat_Olck,997,,,,Santali,Olck,Abugida,3 bytes,Austroasiatic,Austroasiatic > Mundaic > North Munda > Kherwarian > Santalic,Austroasiatic > Mundaic,,,,,,,,,,,,,,,,,,,,,,,,,,,,,,,,,,,,,,,,,,,,,,,,
sici1248,scn,scn_Latn,997,,,,Sicilian,Latn,Alphabet,1 byte,Indo-European,Indo-European > Classical Indo-European > Italic > Latino-Faliscan > Latinic > Imperial Latin > Romance > Italo-Western Romance > Italo-Dalmatian > Italian Romance > Southern Italian Romance,Indo-European > Italic > Italo-Western Romance > Italo-Dalmatian > Italian Romance > Southern Italian Romance,,,,,,,,,,,,,,,,,,,,,,,,,,,,,,,,,,,,,,,,,,,,,,,,
shan1277,shn,shn_Mymr,997,,,,Shan,Mymr,Abugida,3 bytes,Tai-Kadai,Tai-Kadai > Kam-Tai > Daic-Beic > Daic > Central-Southwestern Tai > Wenma-Southwestern Tai > Sapa-Southwestern Tai > Southwestern Tai > Southwestern Tai P > Shanic > Southern Shanic,Tai-Kadai > Southwestern Tai P,,,,,,,,,,,,,,,,,,,,,,,,,,,,,,,,,,,,,,,,,,,,,,,,
sinh1246,sin,sin_Sinh,997,,15218821.0,15163617.0,Sinhala,Sinh,Abugida,3 bytes,Indo-European,Indo-European > Classical Indo-European > Indo-Iranian > Indo-Aryan > Middle-Modern Indo-Aryan > Dhivehi-Sinhala > Sinhalaic,Indo-European > Indo-Iranian > Indo-Aryan > Middle-Modern Indo-Aryan > Dhivehi-Sinhala,,,,,,,,,,,,,,,,,,,,,,,,,,,,,,,,,,,,,,,,,,,,,,,,
slov1269,slk,slk_Latn,997,,696039997.0,691361945.0,Slovak,Latn,Alphabet,1 byte,Indo-European,Indo-European > Classical Indo-European > Balto-Slavic > Slavic > West Slavic > Czech-Slovak,Indo-European > Balto-Slavic > Slavic > West Slavic > Czech-Slovak,,,,,,,,,,,,,,,,,,,,,,,,,,,,,,,,,,,,,,,,,,,,,,,,
slov1268,slv,slv_Latn,997,,295443845.0,293532981.0,Slovenian,Latn,Alphabet,1 byte,Indo-European,Indo-European > Classical Indo-European > Balto-Slavic > Slavic > South Slavic > Western South Slavic,Indo-European > Balto-Slavic > Slavic > South Slavic > Western South Slavic,,,,,,,,,,,,,,,,,,,,,,,,,,,,,,,,,,,,,,,,,,,,,,,,
samo1305,smo,smo_Latn,997,,982573.0,978614.0,Samoan,Latn,Alphabet,1 byte,Austronesian,Austronesian > Malayo-Polynesian > Eastern Malayo-Polynesian > Oceanic > Central Pacific linkage > Tokalau Fijian > Polynesian > Nuclear Polynesian > Ellicean > Pukapukic > Samoan-Tokelauan,Austronesian > Eastern Malayo-Polynesian > Polynesian > Ellicean,,,,,,,,,,,,,,,,,,,,,,,,,,,,,,,,,,,,,,,,,,,,,,,,
shon1251,sna,sna_Latn,997,,1015714.0,1010485.0,Shona,Latn,Alphabet,1 byte,Atlantic-Congo,Atlantic-Congo > Volta-Congo > Benue-Congo > Bantoid > Southern Bantoid > Narrow Bantu > East Bantu > Southern Bantu > Shona (S.10) > Core Shona > Plateau Shona > Central Shona,Atlantic-Congo > Volta-Congo > Benue-Congo > Bantoid > East Bantu > Southern Bantu > Shona (S.10),,,,,,,,,,,,,,,,,,,,,,,,,,,,,,,,,,,,,,,,,,,,,,,,
sind1272,snd,snd_Arab,997,,2500046.0,2476633.0,Sindhi (Arabic script),Arab,Abjad,2 bytes,Indo-European,Indo-European > Classical Indo-European > Indo-Iranian > Indo-Aryan > Middle-Modern Indo-Aryan > Continental Indo-Aryan > Indo-Aryan Northwestern zone > Sindhi-Lahnda > Sindhic > Sindhi-Kachchi,Indo-European > Indo-Iranian > Indo-Aryan > Middle-Modern Indo-Aryan > Continental Indo-Aryan > Indo-Aryan Northwestern zone > Sindhic,,,,,,,,,,,,,,,,,,,,,,,,,,,,,,,,,,,,,,,,,,,,,,,,
sind1272,snd,snd_Deva,997,dev only,2500046.0,2476633.0,Sindhi (Devanagari script),Deva,Abugida,3 bytes,Indo-European,Indo-European > Classical Indo-European > Indo-Iranian > Indo-Aryan > Middle-Modern Indo-Aryan > Continental Indo-Aryan > Indo-Aryan Northwestern zone > Sindhi-Lahnda > Sindhic > Sindhi-Kachchi,Indo-European > Indo-Iranian > Indo-Aryan > Middle-Modern Indo-Aryan > Continental Indo-Aryan > Indo-Aryan Northwestern zone > Sindhic,,,,,,,,,,,,,,,,,,,,,,,,,,,,,,,,,,,,,,,,,,,,,,,,
soma1255,som,som_Latn,997,,8811562.0,8782377.0,Somali,Latn,Alphabet,1 byte,Afro-Asiatic,Afro-Asiatic > Cushitic > East Cushitic > Lowland East Cushitic > Southern Lowland East Cushitic > Mainstream Lowland East Cushitic > Omo-Tana > Eastern Omo-Tana,Afro-Asiatic > Cushitic > Omo-Tana,,,,,,,,,,,,,,,,,,,,,,,,,,,,,,,,,,,,,,,,,,,,,,,,
sout2807,sot,sot_Latn,997,,952169.0,947711.0,Southern Sotho,Latn,Alphabet,1 byte,Atlantic-Congo,Atlantic-Congo > Volta-Congo > Benue-Congo > Bantoid > Southern Bantoid > Narrow Bantu > East Bantu > Southern Bantu > Nuclear Southern Bantu > Dimsuffix Southern Bantu > Sotho-Tswana (S.30) > Western Sotho-Tswana > Central Sotho-Tswana > Sesotho-Lozi,Atlantic-Congo > Volta-Congo > Benue-Congo > Bantoid > East Bantu > Southern Bantu > Nuclear Southern Bantu > Sotho-Tswana (S.30) > Western Sotho-Tswana > Sesotho-Lozi,,,,,,,,,,,,,,,,,,,,,,,,,,,,,,,,,,,,,,,,,,,,,,,,
amer1254,spa,spa_Latn,997,,8721329091.0,8661896197.0,Spanish (Latin American),Latn,Alphabet,1 byte,Indo-European,Indo-European > Classical Indo-European > Italic > Latino-Faliscan > Latinic > Imperial Latin > Romance > Italo-Western Romance > Western Romance > Shifted Western Romance > Southwestern Shifted Romance > West Ibero-Romance > Castilic > Spanish,Indo-European > Italic > Italo-Western Romance > Western Romance > Shifted Western Romance > Southwestern Shifted Romance > West Ibero-Romance > Castilic,2.5802,59.1184,1.1825,2.9814,51.1625,1.1691,3.4425,44.3099,1.143,4.9614,30.7442,1.0807,3.0925,49.324,1.1889,3.4718,43.9358,1.1808,4.1058,37.1515,1.1786,5.1667,29.5226,1.2332,2.0921,72.9107,1.0795,2.3116,65.988,1.0701,2.629,58.0201,1.0592,3.5137,43.4112,1.0255,2.7888,54.6961,1.1876,3.1253,48.8074,1.168,3.8082,40.0542,1.1263,4.9932,30.5486,1.0826
sard1257,srd,srd_Latn,997,[1],,,Sardinian,Latn,Alphabet,1 byte,Indo-European,Indo-European > Classical Indo-European > Italic > Latino-Faliscan > Latinic > Imperial Latin > Romance,Indo-European > Italic,,,,,,,,,,,,,,,,,,,,,,,,,,,,,,,,,,,,,,,,,,,,,,,,
serb1264,srp,srp_Cyrl,997,,428606923.0,426190099.0,Serbian,Cyrl,Alphabet,2 bytes,Indo-European,Indo-European > Classical Indo-European > Balto-Slavic > Slavic > South Slavic > Western South Slavic > Serbian-Croatian-Bosnian > Shtokavski > New Shtokavian > Eastern Herzegovinian Shtokavian,Indo-European > Balto-Slavic > Slavic > South Slavic > Western South Slavic > Serbian-Croatian-Bosnian,2.3011,98.6971,1.9741,2.6764,84.8586,1.939,3.199,70.997,1.8315,6.2944,36.0822,1.2683,4.0858,55.5868,1.3399,4.6104,49.2618,1.3239,5.4944,41.336,1.3113,7.2522,31.317,1.3082,4.5256,50.1846,0.743,5.3964,42.0863,0.6825,6.5555,34.6449,0.6325,9.4509,24.0311,0.5677,2.5013,90.7994,1.9714,2.8487,79.7272,1.908,3.7337,60.8285,1.7104,6.4188,35.3831,1.2539
swat1243,ssw,ssw_Latn,997,,76074.0,74395.0,Swati,Latn,Alphabet,1 byte,Atlantic-Congo,Atlantic-Congo > Volta-Congo > Benue-Congo > Bantoid > Southern Bantoid > Narrow Bantu > East Bantu > Southern Bantu > Nuclear Southern Bantu > Dimsuffix Southern Bantu > Nguni-Tsonga-Copi > Nguni (S.40) > Nuclear Nguni > Southern Ndebele-Lowland > Swatic,Atlantic-Congo > Volta-Congo > Benue-Congo > Bantoid > East Bantu > Southern Bantu > Nuclear Southern Bantu > Nguni-Tsonga-Copi > Nguni (S.40) > Swatic,,,,,,,,,,,,,,,,,,,,,,,,,,,,,,,,,,,,,,,,,,,,,,,,
sund1252,sun,sun_Latn,997,,2136693.0,2127295.0,Sundanese,Latn,Alphabet,1 byte,Austronesian,Austronesian > Malayo-Polynesian,Austronesian,,,,,,,,,,,,,,,,,,,,,,,,,,,,,,,,,,,,,,,,,,,,,,,,
swed1254,swe,swe_Latn,997,,1409838855.0,1398770001.0,Swedish,Latn,Alphabet,1 byte,Indo-European,Indo-European > Classical Indo-European > Germanic > Northwest Germanic > North Germanic > North Scandinavian > East-Central Swedic > East Swedic,Indo-European > Germanic > North Germanic > North Scandinavian,,,,,,,,,,,,,,,,,,,,,,,,,,,,,,,,,,,,,,,,,,,,,,,,
swah1253,swh,swh_Latn,997,,16167752.0,16103776.0,Swahili,Latn,Alphabet,1 byte,Atlantic-Congo,Atlantic-Congo > Volta-Congo > Benue-Congo > Bantoid > Southern Bantoid > Narrow Bantu > East Bantu > Northeast Savanna Bantu > Northeast Coastal Bantu > Coastal NEC Bantu > Sabaki-Swahili > Swahili (G.40) > Mombasa-Lamu-Inland Swahili,Atlantic-Congo > Volta-Congo > Benue-Congo > Bantoid > East Bantu > Northeast Savanna Bantu > Northeast Coastal Bantu,,,,,,,,,,,,,,,,,,,,,,,,,,,,,,,,,,,,,,,,,,,,,,,,
sile1253,szl,szl_Latn,997,,,,Silesian,Latn,Alphabet,1 byte,Indo-European,Indo-European > Classical Indo-European > Balto-Slavic > Slavic > West Slavic > Lechitic > Polish-Silesian,Indo-European > Balto-Slavic > Slavic > West Slavic > Lechitic,,,,,,,,,,,,,,,,,,,,,,,,,,,,,,,,,,,,,,,,,,,,,,,,
tami1289,tam,tam_Taml,997,,85165919.0,84823478.0,Tamil,Taml,Abugida,3 bytes,Dravidian,Dravidian > South Dravidian > South Dravidian I > Tamil-Kannada > Tamil-Kota > Tamil-Toda > Tamil-Irula > Tamil-Kodagu > Tamil-Malayalam > Tamiloid > Tamil-Paliyan,Dravidian > South Dravidian I > Tamil-Kota > Tamiloid,3.2523,122.992,2.46,3.4843,114.8014,2.6232,3.8334,104.345,2.6917,7.2641,55.0652,1.9356,4.8866,81.8566,1.9731,5.3457,74.8265,2.011,5.9834,66.8516,2.1208,7.2383,55.2618,2.3084,7.0584,56.67,0.839,7.778,51.4273,0.834,8.6854,46.0542,0.8408,11.135,35.9228,0.8486,2.9489,135.6419,2.9451,3.3623,118.9679,2.847,4.403,90.8475,2.5545,7.2172,55.4233,1.9641
tama1365,taq,taq_Latn,997,,,,Tamasheq (Latin script),Latn,Alphabet,1 byte,Afro-Asiatic,Afro-Asiatic > Berber > Tuareg > Southern Tuareg,Afro-Asiatic > Berber > Tuareg,,,,,,,,,,,,,,,,,,,,,,,,,,,,,,,,,,,,,,,,,,,,,,,,
tama1365,taq,taq_Tfng,997,,,,Tamasheq (Tifinagh script),Tfng,Alphabet,2 bytes,Afro-Asiatic,Afro-Asiatic > Berber > Tuareg > Southern Tuareg,Afro-Asiatic > Berber > Tuareg,,,,,,,,,,,,,,,,,,,,,,,,,,,,,,,,,,,,,,,,,,,,,,,,
tata1255,tat,tat_Cyrl,997,,13992169.0,13955010.0,Tatar,Cyrl,Alphabet,2 bytes,Turkic,Turkic > Common Turkic > Kipchak-Turkestan > Kipchak > Northwest Kipchak > North Kipchak > Bashkiric,Turkic > Common Turkic > Kipchak-Turkestan > Kipchak > Northwest Kipchak > North Kipchak,,,,,,,,,,,,,,,,,,,,,,,,,,,,,,,,,,,,,,,,,,,,,,,,
telu1262,tel,tel_Telu,997,,34841942.0,34709401.0,Telugu,Telu,Abugida,3 bytes,Dravidian,Dravidian > South Dravidian > South Dravidian II > Teluguic,Dravidian > South Dravidian II,,,,,,,,,,,,,,,,,,,,,,,,,,,,,,,,,,,,,,,,,,,,,,,,
taji1245,tgk,tgk_Cyrl,997,,10533180.0,10506081.0,Tajik,Cyrl,Alphabet,2 bytes,Indo-European,Indo-European > Classical Indo-European > Indo-Iranian > Iranian-Nuristani > Iranian > Southwestern Iranian > Middle-Modern Persian > Modern Southwestern Iranian > Farsic-Caucasian Tat > Farsic > Eastern Farsic > Tajikic,Indo-European > Indo-Iranian > Iranian-Nuristani > Southwestern Iranian > Eastern Farsic > Tajikic,,,,,,,,,,,,,,,,,,,,,,,,,,,,,,,,,,,,,,,,,,,,,,,,
thai1261,tha,tha_Thai,997,,745804664.0,741927782.0,Thai,Thai,Abugida,3 bytes,Tai-Kadai,Tai-Kadai > Kam-Tai > Daic-Beic > Daic > Central-Southwestern Tai > Wenma-Southwestern Tai > Sapa-Southwestern Tai > Southwestern Tai > Southwestern Thai PH > Lao-Thai,Tai-Kadai > Southwestern Thai PH,3.1413,110.6389,2.213,3.3848,102.679,2.3462,3.7995,91.4714,2.3596,6.1789,56.2467,1.9772,4.7836,72.653,1.7512,5.0727,68.5125,1.8413,5.5966,62.0993,1.97,6.7153,51.7543,2.1619,5.63,61.7312,0.9139,6.1729,56.3019,0.9131,6.9854,49.7533,0.9083,8.4775,40.996,0.9684,2.733,127.1675,2.7611,3.2436,107.1464,2.5641,4.3854,79.2508,2.2284,6.1588,56.4303,1.9997
tigr1271,tir,tir_Ethi,997,,1422770.0,1408041.0,Tigrinya,Ethi,Abugida,3 bytes,Afro-Asiatic,Afro-Asiatic > Semitic > West Semitic > Ethiosemitic,Afro-Asiatic > Semitic > Ethiosemitic,,,,,,,,,,,,,,,,,,,,,,,,,,,,,,,,,,,,,,,,,,,,,,,,
tokp1240,tpi,tpi_Latn,997,,,,Tok Pisin,Latn,Alphabet,1 byte,Indo-European,Indo-European > Classical Indo-European > Germanic > Northwest Germanic > West Germanic > North Sea Germanic > Anglo-Frisian > Anglic > Later Anglic > Middle-Modern English > Macro-English > Pacific Creole English > Early Melanesian Pidgin,Indo-European > Germanic > West Germanic > North Sea Germanic > Pacific Creole English,,,,,,,,,,,,,,,,,,,,,,,,,,,,,,,,,,,,,,,,,,,,,,,,
tswa1253,tsn,tsn_Latn,997,,386856.0,383554.0,Tswana,Latn,Alphabet,1 byte,Atlantic-Congo,Atlantic-Congo > Volta-Congo > Benue-Congo > Bantoid > Southern Bantoid > Narrow Bantu > East Bantu > Southern Bantu > Nuclear Southern Bantu > Dimsuffix Southern Bantu > Sotho-Tswana (S.30) > Western Sotho-Tswana > Central Sotho-Tswana,Atlantic-Congo > Volta-Congo > Benue-Congo > Bantoid > East Bantu > Southern Bantu > Nuclear Southern Bantu > Sotho-Tswana (S.30) > Western Sotho-Tswana,,,,,,,,,,,,,,,,,,,,,,,,,,,,,,,,,,,,,,,,,,,,,,,,
tson1249,tso,tso_Latn,997,,127912.0,127165.0,Tsonga,Latn,Alphabet,1 byte,Atlantic-Congo,Atlantic-Congo > Volta-Congo > Benue-Congo > Bantoid > Southern Bantoid > Narrow Bantu > East Bantu > Southern Bantu > Nuclear Southern Bantu > Dimsuffix Southern Bantu > Nguni-Tsonga-Copi > Tsonga-Copi > Tswa-Ronga (S.50) > Tsongan,Atlantic-Congo > Volta-Congo > Benue-Congo > Bantoid > East Bantu > Southern Bantu > Nuclear Southern Bantu > Nguni-Tsonga-Copi > Tsonga-Copi,,,,,,,,,,,,,,,,,,,,,,,,,,,,,,,,,,,,,,,,,,,,,,,,
turk1304,tuk,tuk_Latn,997,,3821690.0,3808159.0,Turkmen,Latn,Alphabet,1 byte,Turkic,Turkic > Common Turkic > Oghuz > Nuclear Oghuz > East Oghuz,Turkic > Common Turkic > Oghuz > East Oghuz,,,,,,,,,,,,,,,,,,,,,,,,,,,,,,,,,,,,,,,,,,,,,,,,
tumb1250,tum,tum_Latn,997,,,,Tumbuka,Latn,Alphabet,1 byte,Atlantic-Congo,Atlantic-Congo > Volta-Congo > Benue-Congo > Bantoid > Southern Bantoid > Narrow Bantu > East Bantu > Tumbuka-Sena-Nyanja > Tumbukic,Atlantic-Congo > Volta-Congo > Benue-Congo > Bantoid > East Bantu > Tumbuka-Sena-Nyanja > Tumbukic,,,,,,,,,,,,,,,,,,,,,,,,,,,,,,,,,,,,,,,,,,,,,,,,
nucl1301,tur,tur_Latn,997,,1975738495.0,1964050769.0,Turkish,Latn,Alphabet,1 byte,Turkic,Turkic > Common Turkic > Oghuz > Nuclear Oghuz > West Oghuz,Turkic > Common Turkic > Oghuz > West Oghuz,,,,,,,,,,,,,,,,,,,,,,,,,,,,,,,,,,,,,,,,,,,,,,,,
akua1239,twi,twi_Latn_akua1239,997,,,,Akuapem Twi,Latn,Alphabet,1 byte,Atlantic-Congo,Atlantic-Congo > Volta-Congo > Kwa Volta-Congo > Nyo > Potou-Tano > Tano > Central Tano > Akanic > Akan > Twi,Atlantic-Congo > Volta-Congo > Kwa Volta-Congo > Nyo,,,,,,,,,,,,,,,,,,,,,,,,,,,,,,,,,,,,,,,,,,,,,,,,
asan1239,twi,twi_Latn_asan1239,997,,,,Asante Twi,Latn,Alphabet,1 byte,Atlantic-Congo,Atlantic-Congo > Volta-Congo > Kwa Volta-Congo > Nyo > Potou-Tano > Tano > Central Tano > Akanic > Akan > Twi,Atlantic-Congo > Volta-Congo > Kwa Volta-Congo > Nyo,,,,,,,,,,,,,,,,,,,,,,,,,,,,,,,,,,,,,,,,,,,,,,,,
tuvi1240,tyv,tyv_Cyrl,997,,,,Tuvan,Cyrl,Alphabet,2 bytes,Turkic,Turkic > Common Turkic > South Siberian Turkic > Sayan-Yenisei Turkic > Sayan,Turkic > Common Turkic > South Siberian Turkic > Sayan,,,,,,,,,,,,,,,,,,,,,,,,,,,,,,,,,,,,,,,,,,,,,,,,
uigh1240,uig,uig_Arab,997,,2481026.0,2473081.0,Uyghur,Arab,Abjad,2 bytes,Turkic,Turkic > Common Turkic > Kipchak-Turkestan > Turkestan > Modern Turkestan > Uyghuric,Turkic > Common Turkic > Kipchak-Turkestan > Turkestan > Uyghuric,,,,,,,,,,,,,,,,,,,,,,,,,,,,,,,,,,,,,,,,,,,,,,,,
ukra1253,ukr,ukr_Cyrl,997,,911455063.0,899679131.0,Ukrainian,Cyrl,Alphabet,2 bytes,Indo-European,Indo-European > Classical Indo-European > Balto-Slavic > Slavic > East Slavic > Ukrainian-Rusyn,Indo-European > Balto-Slavic > Slavic > East Slavic > Ukrainian-Rusyn,,,,,,,,,,,,,,,,,,,,,,,,,,,,,,,,,,,,,,,,,,,,,,,,
umbu1257,umb,umb_Latn,997,,,,Umbundu,Latn,Alphabet,1 byte,Atlantic-Congo,Atlantic-Congo > Volta-Congo > Benue-Congo > Bantoid > Southern Bantoid > Narrow Bantu > Central-Western Bantu > Njila > Southern Njila > Kunene,Atlantic-Congo > Volta-Congo > Benue-Congo > Bantoid > Central-Western Bantu > Njila > Southern Njila > Kunene,,,,,,,,,,,,,,,,,,,,,,,,,,,,,,,,,,,,,,,,,,,,,,,,
urdu1245,urd,urd_Arab,997,,52677605.0,52410770.0,Urdu,Arab,Abjad,2 bytes,Indo-European,Indo-European > Classical Indo-European > Indo-Iranian > Indo-Aryan > Middle-Modern Indo-Aryan > Continental Indo-Aryan > Midlands Indo-Aryan > Shaurasenic > Indo-Aryan Central zone > Western Hindi > Hindustani,Indo-European > Indo-Iranian > Indo-Aryan > Middle-Modern Indo-Aryan > Continental Indo-Aryan > Midlands Indo-Aryan > Shaurasenic > Indo-Aryan Central zone,,,,,,,,,,,,,,,,,,,,,,,,,,,,,,,,,,,,,,,,,,,,,,,,
nort2690,uzn,uzn_Latn,997,,36822402.0,36635418.0,Northern Uzbek,Latn,Alphabet,1 byte,Turkic,Turkic > Common Turkic > Kipchak-Turkestan > Turkestan > Modern Turkestan > Uzbek,Turkic > Common Turkic > Kipchak-Turkestan > Turkestan > Uzbek,,,,,,,,,,,,,,,,,,,,,,,,,,,,,,,,,,,,,,,,,,,,,,,,
sout2699,uzs,uzs_Arab,997,dev only,36822402.0,36635418.0,Southern Uzbek,Arab,Abjad,2 bytes,Turkic,Turkic > Common Turkic > Kipchak-Turkestan > Turkestan > Modern Turkestan > Uzbek,Turkic > Common Turkic > Kipchak-Turkestan > Turkestan > Uzbek,,,,,,,,,,,,,,,,,,,,,,,,,,,,,,,,,,,,,,,,,,,,,,,,
vene1259,vec,vec_Latn,997,,,,Venetian,Latn,Alphabet,1 byte,Indo-European,Indo-European > Classical Indo-European > Italic > Latino-Faliscan > Latinic > Imperial Latin > Romance > Italo-Western Romance > Italo-Dalmatian > Dalmatian Romance > Venetian,Indo-European > Italic > Italo-Western Romance > Italo-Dalmatian > Dalmatian Romance,,,,,,,,,,,,,,,,,,,,,,,,,,,,,,,,,,,,,,,,,,,,,,,,
viet1252,vie,vie_Latn,997,,1815676717.0,1803286122.0,Vietnamese,Latn,Alphabet,1 byte,Austroasiatic,Austroasiatic > Vietic > Viet-Muong,Austroasiatic > Vietic,2.8635,61.2347,1.2248,3.2444,54.0451,1.2349,3.6001,48.7061,1.2564,4.6831,37.4423,1.3162,3.2572,53.8325,1.2976,3.6518,48.016,1.2905,4.3707,40.1184,1.2727,5.5042,31.8566,1.3307,2.5612,68.4614,1.0136,2.8647,61.2096,0.9926,3.3341,52.5908,0.9601,4.4358,39.5296,0.9338,2.9911,58.6219,1.2728,3.3307,52.6449,1.2599,3.8897,45.0792,1.2676,4.7069,37.2528,1.3201
cent2033,vmw,vmw_Latn,997,,,,Emakhuwa (Central),Latn,Alphabet,1 byte,Atlantic-Congo,Atlantic-Congo > Volta-Congo > Benue-Congo > Bantoid > Southern Bantoid > Narrow Bantu > East Bantu > North Mozambique Bantu > Makua-Lomwe > Makhuwa,Atlantic-Congo > Volta-Congo > Benue-Congo > Bantoid > East Bantu > North Mozambique Bantu,,,,,,,,,,,,,,,,,,,,,,,,,,,,,,,,,,,,,,,,,,,,,,,,
wara1300,war,war_Latn,997,,5160491.0,5140938.0,Waray,Latn,Alphabet,1 byte,Austronesian,Austronesian > Malayo-Polynesian > Greater Central Philippine > Central Philippine > Bisayan > Central Bisayan > Warayan > Samar-Waray,Austronesian > Greater Central Philippine > Bisayan > Central Bisayan,,,,,,,,,,,,,,,,,,,,,,,,,,,,,,,,,,,,,,,,,,,,,,,,
nucl1347,wol,wol_Latn,997,,301486.0,299205.0,Wolof,Latn,Alphabet,1 byte,Atlantic-Congo,Atlantic-Congo > North-Central Atlantic > Wolof-BKK > Wolofic,Atlantic-Congo > North-Central Atlantic > Wolof-BKK,,,,,,,,,,,,,,,,,,,,,,,,,,,,,,,,,,,,,,,,,,,,,,,,
suhu1238,wuu,wuu_Hans,997,dev only,,,Wu Chinese,Hans,Logographic,3 bytes,Sino-Tibetan,Sino-Tibetan > Sinitic > Classical-Middle-Modern Sinitic > Middle-Modern Sinitic > Wu-Hui Chinese > Wuic > Wu Chinese > Taihu,Sino-Tibetan > Sinitic > Wu-Hui Chinese,,,,,,,,,,,,,,,,,,,,,,,,,,,,,,,,,,,,,,,,,,,,,,,,
xhos1239,xho,xho_Latn,997,,2214453.0,2207154.0,Xhosa,Latn,Alphabet,1 byte,Atlantic-Congo,Atlantic-Congo > Volta-Congo > Benue-Congo > Bantoid > Southern Bantoid > Narrow Bantu > East Bantu > Southern Bantu > Nuclear Southern Bantu > Dimsuffix Southern Bantu > Nguni-Tsonga-Copi > Nguni (S.40) > Nuclear Nguni > Southern Ndebele-Lowland,Atlantic-Congo > Volta-Congo > Benue-Congo > Bantoid > East Bantu > Southern Bantu > Nuclear Southern Bantu > Nguni-Tsonga-Copi > Nguni (S.40),,,,,,,,,,,,,,,,,,,,,,,,,,,,,,,,,,,,,,,,,,,,,,,,
east2295,ydd,ydd_Hebr,997,,,,Eastern Yiddish,Hebr,Abjad,2 bytes,Indo-European,Indo-European > Classical Indo-European > Germanic > Northwest Germanic > West Germanic > High German > Middle German > East Middle German > Schlesisch-Wilmesau,Indo-European > Germanic > West Germanic > High German > Middle German > East Middle German,,,,,,,,,,,,,,,,,,,,,,,,,,,,,,,,,,,,,,,,,,,,,,,,
yoru1245,yor,yor_Latn,997,,1746642.0,1741768.0,Yoruba,Latn,Alphabet,1 byte,Atlantic-Congo,Atlantic-Congo > Volta-Congo > Benue-Congo > Defoid > Yoruboid > Edekiri > Ede > Eastern Ede > Southeastern Ede > Nuclear Yoruba > Lucumi-Yoruba,Atlantic-Congo > Volta-Congo > Benue-Congo > Defoid,,,,,,,,,,,,,,,,,,,,,,,,,,,,,,,,,,,,,,,,,,,,,,,,
xian1255,yue,yue_Hant,997,,,,Yue Chinese (Hong Kong Cantonese),Hant,Logographic,3 bytes,Sino-Tibetan,Sino-Tibetan > Sinitic > Classical-Middle-Modern Sinitic > Middle-Modern Sinitic > Yue-Pinghua > Yue Chinese > Yuehai > Cantonese,Sino-Tibetan > Sinitic > Yue-Pinghua,,,,,,,,,,,,,,,,,,,,,,,,,,,,,,,,,,,,,,,,,,,,,,,,
stan1324,zgh,zgh_Tfng,997,,,,Standard Moroccan Tamazight,Tfng,Alphabet,2 bytes,Afro-Asiatic,Afro-Asiatic > Berber > Kabyle-Atlas Berber > Atlas Berber > Central Moroccan Berber,Afro-Asiatic > Berber > Kabyle-Atlas Berber > Atlas Berber,,,,,,,,,,,,,,,,,,,,,,,,,,,,,,,,,,,,,,,,,,,,,,,,
stan1306,zsm,zsm_Latn,997,,180337405.0,179648747.0,Standard Malay,Latn,Alphabet,1 byte,Austronesian,Austronesian > Malayo-Polynesian > Malayo-Chamic > Malayic > Nuclear Malayic > Standard Malay-Indonesian,Austronesian > Malayo-Chamic > Malayic > Standard Malay-Indonesian,,,,,,,,,,,,,,,,,,,,,,,,,,,,,,,,,,,,,,,,,,,,,,,,
zulu1248,zul,zul_Latn,997,,2742378.0,2735836.0,Zulu,Latn,Alphabet,1 byte,Atlantic-Congo,Atlantic-Congo > Volta-Congo > Benue-Congo > Bantoid > Southern Bantoid > Narrow Bantu > East Bantu > Southern Bantu > Nuclear Southern Bantu > Dimsuffix Southern Bantu > Nguni-Tsonga-Copi > Nguni (S.40) > Nuclear Nguni > Southern Ndebele-Lowland,Atlantic-Congo > Volta-Congo > Benue-Congo > Bantoid > East Bantu > Southern Bantu > Nuclear Southern Bantu > Nguni-Tsonga-Copi > Nguni (S.40),,,,,,,,,,,,,,,,,,,,,,,,,,,,,,,,,,,,,,,,,,,,,,,,
