Glottocode,Code,Code_Orig,Sentences,Notes,CC_Pages,CC_Urls,Name,Script,Script_Type,Bytes_Per_Char,Family,Full_Classification,Minimal_Full_Classification,cumulative_mono_0_t_3.7213_bpp,cumulative_mono_0_t_3.7213_pps,cumulative_mono_0_t_3.7213_pps_premium,cumulative_mono_0_t_4.2494_bpp,cumulative_mono_0_t_4.2494_pps,cumulative_mono_0_t_4.2494_pps_premium,cumulative_mono_0_t_5.0917_bpp,cumulative_mono_0_t_5.0917_pps,cumulative_mono_0_t_5.0917_pps_premium,cumulative_mono_0_t_6.4621_bpp,cumulative_mono_0_t_6.4621_pps,cumulative_mono_0_t_6.4621_pps_premium,cumulative_mono_rel0p25_t_3.6459_bpp,cumulative_mono_rel0p25_t_3.6459_pps,cumulative_mono_rel0p25_t_3.6459_pps_premium,cumulative_mono_rel0p25_t_4.1488_bpp,cumulative_mono_rel0p25_t_4.1488_pps,cumulative_mono_rel0p25_t_4.1488_pps_premium,cumulative_mono_rel0p25_t_4.9911_bpp,cumulative_mono_rel0p25_t_4.9911_pps,cumulative_mono_rel0p25_t_4.9911_pps_premium,cumulative_mono_rel0p25_t_6.3363_bpp,cumulative_mono_rel0p25_t_6.3363_pps,cumulative_mono_rel0p25_t_6.3363_pps_premium,cumulative_mono_rel0p5_t_3.4322_bpp,cumulative_mono_rel0p5_t_3.4322_pps,cumulative_mono_rel0p5_t_3.4322_pps_premium,cumulative_mono_rel0p5_t_3.8471_bpp,cumulative_mono_rel0p5_t_3.8471_pps,cumulative_mono_rel0p5_t_3.8471_pps_premium,cumulative_mono_rel0p5_t_4.6202_bpp,cumulative_mono_rel0p5_t_4.6202_pps,cumulative_mono_rel0p5_t_4.6202_pps_premium,cumulative_mono_rel0p5_t_5.8083_bpp,cumulative_mono_rel0p5_t_5.8083_pps,cumulative_mono_rel0p5_t_5.8083_pps_premium,cumulative_nomono_t_3.7465_bpp,cumulative_nomono_t_3.7465_pps,cumulative_nomono_t_3.7465_pps_premium,cumulative_nomono_t_4.2619_bpp,cumulative_nomono_t_4.2619_pps,cumulative_nomono_t_4.2619_pps_premium,cumulative_nomono_t_5.1168_bpp,cumulative_nomono_t_5.1168_pps,cumulative_nomono_t_5.1168_pps_premium,cumulative_nomono_t_6.4872_bpp,cumulative_nomono_t_6.4872_pps,cumulative_nomono_t_6.4872_pps_premium,raw_entropy_t_1.9082_bpp,raw_entropy_t_1.9082_pps,raw_entropy_t_1.9082_pps_premium,raw_entropy_t_2.0176_bpp,raw_entropy_t_2.0176_pps,raw_entropy_t_2.0176_pps_premium,raw_entropy_t_2.1782_bpp,raw_entropy_t_2.1782_pps,raw_entropy_t_2.1782_pps_premium,raw_entropy_t_2.4482_bpp,raw_entropy_t_2.4482_pps,raw_entropy_t_2.4482_pps_premium,raw_monotonicity_t_1.9182_bpp,raw_monotonicity_t_1.9182_pps,raw_monotonicity_t_1.9182_pps_premium,raw_monotonicity_t_2.0371_bpp,raw_monotonicity_t_2.0371_pps,raw_monotonicity_t_2.0371_pps_premium,raw_monotonicity_t_2.1985_bpp,raw_monotonicity_t_2.1985_pps,raw_monotonicity_t_2.1985_pps_premium,raw_monotonicity_t_2.4789_bpp,raw_monotonicity_t_2.4789_pps,raw_monotonicity_t_2.4789_pps_premium
amha1245,amh,amh_Ethi,997,,5733709.0,5702512.0,Amharic,Ethi,Abugida,3 bytes,Afro-Asiatic,Afro-Asiatic > Semitic > West Semitic > Ethiosemitic > South Ethiopic > Amharic-Argobba,Afro-Asiatic > Semitic > Ethiosemitic > South Ethiopic,5.1231,33.332,0.9257,5.8187,29.347,0.896,6.623,25.7834,0.9118,7.8663,21.7081,0.9434,5.1172,33.3701,0.9264,5.8223,29.329,0.8947,6.6699,25.6018,0.9062,7.8991,21.6179,0.9386,5.1125,33.4012,0.9277,5.7314,29.7944,0.9105,6.6621,25.6319,0.9076,7.8161,21.8475,0.9506,5.0242,33.988,0.9443,5.6759,30.0853,0.9176,6.5322,26.1414,0.9265,7.7861,21.9318,0.9542,4.213,40.5326,1.1237,4.397,38.8365,1.1839,4.6825,36.4684,1.2586,5.2496,32.5286,1.4121,4.4586,38.2999,1.0645,4.6755,36.5226,1.1157,4.9937,34.1956,1.1924,5.6283,30.34,1.3207
stan1318,arb,arb_Arab,997,,1258479625.0,1251265891.0,Modern Standard Arabic,Arab,Abjad,2 bytes,Afro-Asiatic,Afro-Asiatic > Semitic > West Semitic > Central Semitic > Arabian > Arabic,Afro-Asiatic > Semitic > Central Semitic > Arabian,6.0324,36.7703,1.0212,6.6103,33.5557,1.0245,7.5949,29.2056,1.0328,9.2635,23.9448,1.0406,6.061,36.5968,1.0159,6.6081,33.5667,1.024,7.597,29.1976,1.0334,9.2837,23.8927,1.0373,6.0942,36.3972,1.0109,6.582,33.7001,1.0298,7.5185,29.5025,1.0447,9.1531,24.2337,1.0544,5.9604,37.2146,1.034,6.5241,33.999,1.037,7.5065,29.5496,1.0473,9.1904,24.1354,1.0501,4.7443,46.7533,1.2961,5.137,43.1795,1.3163,5.9337,37.3821,1.2901,8.7159,25.4493,1.1048,5.093,43.5527,1.2105,5.5757,39.7823,1.2153,6.4986,34.1324,1.1902,9.8092,22.6128,0.9844
beij1234,cmn,cmn_Hans,997,,10899511187.0,10856245131.0,Mandarin Chinese (Standard Beijing),Hans,Logographic,3 bytes,Sino-Tibetan,Sino-Tibetan > Sinitic > Classical-Middle-Modern Sinitic > Middle-Modern Sinitic > Northern Chinese > Mandarinic > Mandarin Chinese > Beijingic,Sino-Tibetan > Sinitic > Northern Chinese,2.3909,35.3892,0.9828,2.5743,32.8676,1.0035,3.1056,27.2447,0.9635,3.973,21.2969,0.9255,2.4322,34.7884,0.9657,2.5893,32.677,0.9969,3.0784,27.4855,0.9728,4.0107,21.0963,0.9159,2.4751,34.1846,0.9494,2.5908,32.658,0.998,2.9275,28.9027,1.0234,3.8789,21.8134,0.9491,2.2776,37.1494,1.0322,2.4249,34.8927,1.0642,2.8306,29.8917,1.0594,3.5047,24.1424,1.0504,1.8348,46.1153,1.2785,1.8943,44.667,1.3617,1.9787,42.7613,1.4758,2.1276,39.7683,1.7263,2.6336,32.1284,0.893,2.7281,31.015,0.9475,2.8666,29.5165,1.0292,3.1616,26.7623,1.165
stan1295,deu,deu_Latn,997,,11072171606.0,10978241043.0,German,Latn,Alphabet,1 byte,Indo-European,Indo-European > Classical Indo-European > Germanic > Northwest Germanic > West Germanic > High German > Upper German > Middle-Modern High German > Modern High German > Upper Franconian > Global German,Indo-European > Germanic > West Germanic > High German > Upper German,7.2735,40.4203,1.1225,7.9822,36.8315,1.1245,9.2053,31.9378,1.1295,11.2694,26.0883,1.1338,7.2638,40.4744,1.1236,7.9838,36.8245,1.1234,9.2076,31.9298,1.1301,11.3024,26.012,1.1293,7.2808,40.3801,1.1215,7.9881,36.8044,1.1247,9.2436,31.8054,1.1262,11.3916,25.8084,1.1229,7.2656,40.4644,1.1243,7.9588,36.9398,1.1267,9.2016,31.9509,1.1324,11.2741,26.0772,1.1346,7.5041,39.1785,1.0861,8.3045,35.4022,1.0792,9.5335,30.8385,1.0643,11.7566,25.007,1.0856,7.636,38.5015,1.0701,8.4779,34.678,1.0594,9.5997,30.6259,1.0679,11.8244,24.8636,1.0823
stan1293,eng,eng_Latn,997,,88502069080.0,87766779120.0,English,Latn,Alphabet,1 byte,Indo-European,Indo-European > Classical Indo-European > Germanic > Northwest Germanic > West Germanic > North Sea Germanic > Anglo-Frisian > Anglic > Later Anglic > Middle-Modern English > Macro-English,Indo-European > Germanic > West Germanic > North Sea Germanic,6.9746,36.008,1.0,7.6674,32.7543,1.0,8.8815,28.2768,1.0,10.9144,23.01,1.0,6.9717,36.0231,1.0,7.6616,32.7793,1.0,8.8891,28.2528,1.0,10.9035,23.0331,1.0,6.975,36.006,1.0,7.6745,32.7242,1.0,8.8929,28.2407,1.0,10.9268,22.984,1.0,6.9779,35.991,1.0,7.6599,32.7864,1.0,8.9008,28.2156,1.0,10.9268,22.984,1.0,6.9624,36.0712,1.0,7.656,32.8034,1.0,8.6672,28.9759,1.0,10.9021,23.0361,1.0,6.98,35.9799,1.0,7.6721,32.7342,1.0,8.757,28.679,1.0,10.9325,22.9719,1.0
finn1318,fin,fin_Latn,997,,754585351.0,748584150.0,Finnish,Latn,Alphabet,1 byte,Uralic,Uralic > Finnic > Coastal Finnic > Neva > North Finnic > Nuclear Finnish,Uralic > Finnic > North Finnic,6.7287,39.9298,1.1089,7.4647,35.993,1.0989,8.6435,31.0843,1.0993,10.5785,25.3982,1.1038,6.6929,40.1434,1.1144,7.421,36.2046,1.1045,8.5859,31.2929,1.1076,10.5299,25.5155,1.1078,6.6814,40.2126,1.1168,7.41,36.2588,1.108,8.6005,31.2397,1.1062,10.5614,25.4393,1.1068,6.7446,39.8355,1.1068,7.4622,36.005,1.0982,8.6667,31.001,1.0987,10.5957,25.3571,1.1033,7.1634,37.5065,1.0398,8.4281,31.8786,0.9718,10.429,25.7623,0.8891,14.2038,18.9157,0.8211,7.2767,36.9228,1.0262,8.6485,31.0662,0.949,10.6492,25.2297,0.8797,14.4693,18.5687,0.8083
stan1290,fra,fra_Latn,997,,8938152817.0,8869369439.0,French,Latn,Alphabet,1 byte,Indo-European,Indo-European > Classical Indo-European > Italic > Latino-Faliscan > Latinic > Imperial Latin > Romance > Italo-Western Romance > Western Romance > Shifted Western Romance > Northwestern Shifted Romance > Gallo-Rhaetian > Oil > Central Oil > Macro-French > Global French,Indo-European > Italic > Italo-Western Romance > Western Romance > Shifted Western Romance > Northwestern Shifted Romance > Gallo-Rhaetian > Global French,7.487,39.8656,1.1071,8.2953,35.9809,1.0985,9.6764,30.8455,1.0908,11.7927,25.3099,1.1,7.4902,39.8485,1.1062,8.2812,36.0421,1.0995,9.6629,30.8887,1.0933,11.8223,25.2467,1.0961,7.6286,39.1254,1.0866,8.3979,35.5416,1.0861,9.7688,30.5537,1.0819,11.9914,24.8907,1.083,7.4885,39.8576,1.1074,8.2817,36.0401,1.0992,9.6783,30.8395,1.093,11.8002,25.2939,1.1005,7.8948,37.8064,1.0481,8.7277,34.1986,1.0425,10.0164,29.7984,1.0284,12.5677,23.7492,1.031,8.0822,36.9298,1.0264,8.9933,33.1886,1.0139,10.1479,29.4122,1.0256,12.8599,23.2096,1.0103
hebr1245,heb,heb_Hebr,997,,461968429.0,458572341.0,Hebrew,Hebr,Abjad,2 bytes,Afro-Asiatic,Afro-Asiatic > Semitic > West Semitic > Central Semitic > Northwest Semitic > Canaanite > Hebrewic,Afro-Asiatic > Semitic > Central Semitic > Northwest Semitic,5.6893,34.3781,0.9547,6.1953,31.5707,0.9639,7.1169,27.4824,0.9719,8.7355,22.3902,0.9731,5.6883,34.3842,0.9545,6.17,31.7001,0.9671,7.0761,27.6409,0.9783,8.7093,22.4574,0.975,5.7067,34.2738,0.9519,6.1185,31.9669,0.9769,6.9435,28.1685,0.9974,8.5817,22.7914,0.9916,5.6703,34.4935,0.9584,6.1616,31.7432,0.9682,7.1013,27.5426,0.9761,8.7109,22.4534,0.9769,4.2282,46.2578,1.2824,4.5304,43.1725,1.3161,5.1131,38.2528,1.3202,7.0607,27.7011,1.2025,4.3414,45.0522,1.2521,4.6814,41.7803,1.2764,5.3326,36.678,1.2789,7.6471,25.5767,1.1134
croa1245,hrv,hrv_Latn,997,,398007249.0,395925092.0,Croatian,Latn,Alphabet,1 byte,Indo-European,Indo-European > Classical Indo-European > Balto-Slavic > Slavic > South Slavic > Western South Slavic > Serbian-Croatian-Bosnian > Shtokavski > New Shtokavian > Eastern Herzegovinian Shtokavian,Indo-European > Balto-Slavic > Slavic > South Slavic > Western South Slavic > Serbian-Croatian-Bosnian,6.3181,39.329,1.0922,6.9835,35.5817,1.0863,8.0534,30.8546,1.0912,9.8693,25.1775,1.0942,6.2978,39.4554,1.0953,6.9464,35.7713,1.0913,8.02,30.9829,1.0966,9.834,25.2678,1.097,6.3038,39.4183,1.0948,6.9293,35.8596,1.0958,8.0351,30.9248,1.095,9.8775,25.1565,1.0945,6.3081,39.3912,1.0945,6.9662,35.67,1.088,8.0502,30.8666,1.094,9.861,25.1986,1.0964,6.4236,38.683,1.0724,7.093,35.0321,1.0679,8.1188,30.6058,1.0563,10.2984,24.1284,1.0474,6.5466,37.9559,1.0549,7.2978,34.0491,1.0402,8.3475,29.7673,1.0379,10.5322,23.5928,1.027
ital1282,ita,ita_Latn,997,,4769480161.0,4737665600.0,Italian,Latn,Alphabet,1 byte,Indo-European,Indo-European > Classical Indo-European > Italic > Latino-Faliscan > Latinic > Imperial Latin > Romance > Italo-Western Romance > Italo-Dalmatian > Italian Romance > Central Italian Romance,Indo-European > Italic > Italo-Western Romance > Italo-Dalmatian > Italian Romance > Central Italian Romance,7.0542,41.8285,1.1616,7.8071,37.7944,1.1539,9.0536,32.5908,1.1526,11.074,26.6449,1.158,7.0388,41.9198,1.1637,7.769,37.9799,1.1587,9.0259,32.6911,1.1571,11.037,26.7342,1.1607,7.1073,41.5155,1.153,7.8542,37.5677,1.148,9.1168,32.3651,1.146,11.1843,26.3821,1.1478,7.0614,41.7854,1.161,7.8102,37.7793,1.1523,9.0698,32.5326,1.153,11.0961,26.5918,1.157,7.5259,39.2066,1.0869,8.2565,35.7372,1.0894,9.5343,30.9478,1.0681,11.9922,24.6048,1.0681,7.5543,39.0592,1.0856,8.3569,35.3079,1.0786,9.6396,30.6098,1.0673,12.1713,24.2427,1.0553
nucl1643,jpn,jpn_Jpan,997,,9870174960.0,9822995554.0,Japanese,Jpan,Logosyllabary,3 bytes,Japonic,Japonic > Japanesic > Japan-Taiwan Japanese,Japonic,3.589,30.5507,0.8484,3.9843,27.5196,0.8402,4.6818,23.4193,0.8282,5.5674,19.6941,0.8559,3.5951,30.4985,0.8466,3.9734,27.5948,0.8418,4.6617,23.5206,0.8325,5.6328,19.4654,0.8451,3.5888,30.5517,0.8485,3.8943,28.1555,0.8604,4.4977,24.3781,0.8632,5.6328,19.4654,0.8469,3.4539,31.7452,0.882,3.8035,28.8275,0.8793,4.3865,24.996,0.8859,5.283,20.7543,0.903,2.8451,38.5376,1.0684,2.9658,36.9699,1.127,3.136,34.9629,1.2066,3.482,31.4895,1.367,3.5316,31.0471,0.8629,3.683,29.7703,0.9095,3.9093,28.0471,0.978,4.3844,25.008,1.0886
nucl1302,kat,kat_Geor,997,,79782785.0,79423527.0,Georgian,Geor,Alphabet,2 bytes,Kartvelian,Kartvelian > Georgian-Zan > Georgic,Kartvelian,7.8097,35.4323,0.984,8.6371,32.0381,0.9781,10.0038,27.661,0.9782,12.2068,22.669,0.9852,7.8062,35.4483,0.984,8.6244,32.0853,0.9788,9.9984,27.676,0.9796,12.2046,22.673,0.9844,7.9807,34.673,0.963,8.7264,31.7101,0.969,10.1878,27.1615,0.9618,12.4525,22.2217,0.9668,7.8013,35.4704,0.9855,8.6134,32.1264,0.9799,10.0009,27.669,0.9806,12.2041,22.674,0.9865,8.2195,33.666,0.9333,9.0419,30.6038,0.9329,10.2332,27.0411,0.9332,12.779,21.654,0.94,8.3163,33.2738,0.9248,9.0627,30.5336,0.9328,10.1965,27.1384,0.9463,12.8009,21.6169,0.941
kore1280,kor,kor_Hang,997,,1405630472.0,1399528315.0,Korean,Hang,Syllabary,3 bytes,Koreanic,Koreanic,Koreanic,4.0421,31.2708,0.8684,4.4119,28.6499,0.8747,5.2151,24.2377,0.8572,6.1331,20.6098,0.8957,4.0802,30.9789,0.86,4.4455,28.4333,0.8674,5.2161,24.2327,0.8577,6.1985,20.3922,0.8853,4.0949,30.8676,0.8573,4.4207,28.5928,0.8738,5.0042,25.2588,0.8944,6.1378,20.5938,0.896,3.9279,32.1805,0.8941,4.2748,29.5687,0.9019,4.887,25.8646,0.9167,5.9321,21.3079,0.9271,3.1462,40.1755,1.1138,3.2709,38.6439,1.178,3.4901,36.2166,1.2499,3.9561,31.9509,1.387,3.7596,33.6209,0.9344,3.9643,31.8847,0.974,4.3042,29.3671,1.024,5.019,25.1846,1.0963
nyan1308,nya,nya_Latn,997,,928706.0,925245.0,Nyanja,Latn,Alphabet,1 byte,Atlantic-Congo,Atlantic-Congo > Volta-Congo > Benue-Congo > Bantoid > Southern Bantoid > Narrow Bantu > East Bantu > Tumbuka-Sena-Nyanja > Sena-Nyanja > Nyanjaic,Atlantic-Congo > Volta-Congo > Benue-Congo > Bantoid > East Bantu > Tumbuka-Sena-Nyanja > Sena-Nyanja,7.6297,37.1936,1.0329,8.4457,33.5998,1.0258,9.7459,29.1174,1.0297,11.9377,23.7713,1.0331,7.6098,37.2909,1.0352,8.4061,33.7583,1.0299,9.7318,29.1595,1.0321,11.9131,23.8205,1.0342,7.7456,36.6369,1.0175,8.5662,33.1274,1.0123,9.8869,28.7021,1.0163,12.1104,23.4323,1.0195,7.6371,37.1575,1.0324,8.4397,33.6239,1.0255,9.7691,29.0481,1.0295,11.9493,23.7482,1.0332,7.563,37.5216,1.0402,8.4199,33.7031,1.0274,10.1399,27.986,0.9658,15.671,18.1083,0.7861,7.5908,37.3842,1.039,8.5339,33.2528,1.0158,10.3249,27.4845,0.9583,16.5608,17.1354,0.7459
roma1327,ron,ron_Latn,997,,1125558850.0,1119333515.0,Romanian,Latn,Alphabet,1 byte,Indo-European,Indo-European > Classical Indo-European > Italic > Latino-Faliscan > Latinic > Imperial Latin > Romance > Eastern Romance > Northern Romanian > Eastern Romanian,Indo-European > Italic > Eastern Romance,6.9084,40.9549,1.1374,7.6381,37.0421,1.1309,8.8619,31.9268,1.1291,10.8294,26.1264,1.1354,6.9172,40.9027,1.1355,7.626,37.1013,1.1319,8.8347,32.0251,1.1335,10.8132,26.1655,1.136,6.9438,40.7462,1.1317,7.6268,37.0973,1.1336,8.8394,32.008,1.1334,10.8373,26.1073,1.1359,6.9082,40.9559,1.1379,7.6348,37.0582,1.1303,8.8722,31.8897,1.1302,10.8348,26.1133,1.1362,7.0503,40.1304,1.1125,7.8711,35.9458,1.0958,9.0688,31.1986,1.0767,11.3337,24.9639,1.0837,7.1158,39.7613,1.1051,7.9892,35.4142,1.0819,9.139,30.9589,1.0795,11.4822,24.6409,1.0727
amer1254,spa,spa_Latn,997,,8721329091.0,8661896197.0,Spanish (Latin American),Latn,Alphabet,1 byte,Indo-European,Indo-European > Classical Indo-European > Italic > Latino-Faliscan > Latinic > Imperial Latin > Romance > Italo-Western Romance > Western Romance > Shifted Western Romance > Southwestern Shifted Romance > West Ibero-Romance > Castilic > Spanish,Indo-European > Italic > Italo-Western Romance > Western Romance > Shifted Western Romance > Southwestern Shifted Romance > West Ibero-Romance > Castilic,7.276,41.1314,1.1423,8.0541,37.1575,1.1344,9.4145,31.7884,1.1242,11.5149,25.99,1.1295,7.2835,41.0893,1.1406,8.0281,37.2778,1.1372,9.4124,31.7954,1.1254,11.5069,26.008,1.1292,7.4007,40.4383,1.1231,8.1481,36.7292,1.1224,9.5266,31.4142,1.1124,11.6402,25.7101,1.1186,7.289,41.0582,1.1408,8.0537,37.1595,1.1334,9.4309,31.7332,1.1247,11.5412,25.9308,1.1282,7.618,39.2849,1.0891,8.267,36.2006,1.1036,9.2853,32.2307,1.1123,11.3063,26.4694,1.149,7.6365,39.1896,1.0892,8.3872,35.682,1.0901,9.3402,32.0411,1.1172,11.4848,26.0582,1.1344
serb1264,srp,srp_Cyrl,997,,428606923.0,426190099.0,Serbian,Cyrl,Alphabet,2 bytes,Indo-European,Indo-European > Classical Indo-European > Balto-Slavic > Slavic > South Slavic > Western South Slavic > Serbian-Croatian-Bosnian > Shtokavski > New Shtokavian > Eastern Herzegovinian Shtokavian,Indo-European > Balto-Slavic > Slavic > South Slavic > Western South Slavic > Serbian-Croatian-Bosnian,6.89,36.2497,1.0067,7.6692,32.5667,0.9943,8.8628,28.1805,0.9966,10.8082,23.1083,1.0043,6.8898,36.2508,1.0063,7.6428,32.679,0.9969,8.8461,28.2337,0.9993,10.7867,23.1545,1.0053,6.9907,35.7272,0.9923,7.7428,32.2568,0.9857,8.9889,27.7854,0.9839,10.945,22.8195,0.9928,6.8951,36.2227,1.0064,7.6623,32.5958,0.9942,8.8695,28.1595,0.998,10.8176,23.0883,1.0045,7.3515,33.9739,0.9419,7.9808,31.2949,0.954,9.0296,27.66,0.9546,11.3984,21.9117,0.9512,7.4525,33.5135,0.9315,8.1111,30.7924,0.9407,9.1497,27.2969,0.9518,11.4,21.9087,0.9537
tami1289,tam,tam_Taml,997,,85165919.0,84823478.0,Tamil,Taml,Abugida,3 bytes,Dravidian,Dravidian > South Dravidian > South Dravidian I > Tamil-Kannada > Tamil-Kota > Tamil-Toda > Tamil-Irula > Tamil-Kodagu > Tamil-Malayalam > Tamiloid > Tamil-Paliyan,Dravidian > South Dravidian I > Tamil-Kota > Tamiloid,7.9007,37.1023,1.0304,8.7528,33.4905,1.0225,10.1661,28.8345,1.0197,12.4317,23.5797,1.0248,7.8971,37.1194,1.0304,8.7204,33.6148,1.0255,10.1513,28.8766,1.0221,12.4375,23.5687,1.0233,8.0092,36.5998,1.0165,8.7904,33.347,1.019,10.2737,28.5326,1.0103,12.6474,23.1775,1.0084,7.9174,37.0241,1.0287,8.7457,33.5176,1.0223,10.1846,28.7823,1.0201,12.4444,23.5557,1.0249,8.154,35.9498,0.9966,8.9282,32.8325,1.0009,10.2245,28.67,0.9894,14.0218,20.9057,0.9075,8.2147,35.6841,0.9918,9.0359,32.4413,0.9911,10.434,28.0943,0.9796,14.7091,19.9288,0.8675
thai1261,tha,tha_Thai,997,,745804664.0,741927782.0,Thai,Thai,Abugida,3 bytes,Tai-Kadai,Tai-Kadai > Kam-Tai > Daic-Beic > Daic > Central-Southwestern Tai > Wenma-Southwestern Tai > Sapa-Southwestern Tai > Southwestern Tai > Southwestern Thai PH > Lao-Thai,Tai-Kadai > Southwestern Thai PH,6.9369,34.7793,0.9659,7.675,31.4343,0.9597,8.8306,27.321,0.9662,10.7248,22.4955,0.9776,6.9755,34.5868,0.9601,7.7033,31.319,0.9555,8.8723,27.1926,0.9625,10.7646,22.4122,0.973,6.9311,34.8084,0.9667,7.5633,31.8987,0.9748,8.6899,27.7633,0.9831,10.459,23.0672,1.0036,6.8963,34.984,0.972,7.6211,31.657,0.9656,8.807,27.3942,0.9709,10.6957,22.5567,0.9814,5.4252,44.4704,1.2329,5.7882,41.681,1.2706,6.4394,37.4664,1.293,8.0866,29.8345,1.2951,5.5881,43.1735,1.1999,5.975,40.3781,1.2335,6.621,36.4383,1.2706,8.3441,28.9137,1.2587
viet1252,vie,vie_Latn,997,,1815676717.0,1803286122.0,Vietnamese,Latn,Alphabet,1 byte,Austroasiatic,Austroasiatic > Vietic > Viet-Muong,Austroasiatic > Vietic,7.139,37.0883,1.03,7.853,33.7161,1.0294,8.9924,29.4443,1.0413,10.9681,24.1404,1.0491,7.1955,36.7974,1.0215,7.8849,33.5797,1.0244,9.0494,29.2588,1.0356,11.0447,23.9729,1.0408,7.2722,36.4092,1.0112,7.858,33.6951,1.0297,8.9056,29.7312,1.0528,10.7883,24.5426,1.0678,7.1035,37.2738,1.0356,7.8084,33.9087,1.0342,8.9704,29.5165,1.0461,10.9431,24.1956,1.0527,5.5248,47.9248,1.3286,5.8816,45.0171,1.3723,6.5806,40.2357,1.3886,8.3713,31.6289,1.373,5.6119,47.1805,1.3113,6.0275,43.9278,1.342,6.8057,38.9047,1.3566,8.9391,29.6199,1.2894
